timestamp_utc,location_id,location,sensor_id,provider,pm25
2025-10-05 22:00:00+00:00,8320,Jakarta South,5077558,AirNow,0.0
2025-10-05 23:00:00+00:00,8320,Jakarta South,5077558,AirNow,5.0
2025-10-06 00:00:00+00:00,8320,Jakarta South,5077558,AirNow,4.0
2025-10-06 01:00:00+00:00,8320,Jakarta South,5077558,AirNow,2.0
2025-10-06 02:00:00+00:00,8320,Jakarta South,5077558,AirNow,5.0
2025-10-06 03:00:00+00:00,8320,Jakarta South,5077558,AirNow,4.0
2025-10-06 04:00:00+00:00,8320,Jakarta South,5077558,AirNow,2.0
2025-10-06 05:00:00+00:00,8320,Jakarta South,5077558,AirNow,1.0
2025-10-06 06:00:00+00:00,8320,Jakarta South,5077558,AirNow,1.0
2025-10-06 07:00:00+00:00,8320,Jakarta South,5077558,AirNow,1.0
2025-10-06 08:00:00+00:00,8320,Jakarta South,5077558,AirNow,1.0
2025-10-06 09:00:00+00:00,8320,Jakarta South,5077558,AirNow,2.0
2025-10-06 10:00:00+00:00,8320,Jakarta South,5077558,AirNow,0.0
2025-10-06 11:00:00+00:00,8320,Jakarta South,5077558,AirNow,3.0
2025-10-06 12:00:00+00:00,8320,Jakarta South,5077558,AirNow,2.0
2025-10-06 13:00:00+00:00,8320,Jakarta South,5077558,AirNow,0.0
2025-10-06 14:00:00+00:00,8320,Jakarta South,5077558,AirNow,3.0
2025-10-06 15:00:00+00:00,8320,Jakarta South,5077558,AirNow,2.0
2025-10-06 16:00:00+00:00,8320,Jakarta South,5077558,AirNow,0.0
2025-10-06 17:00:00+00:00,8320,Jakarta South,5077558,AirNow,
2025-10-06 18:00:00+00:00,8320,Jakarta South,5077558,AirNow,2.0
2025-10-06 19:00:00+00:00,8320,Jakarta South,5077558,AirNow,3.0
2025-10-06 20:00:00+00:00,8320,Jakarta South,5077558,AirNow,1.0
2025-10-06 21:00:00+00:00,8320,Jakarta South,5077558,AirNow,4.0
2025-10-06 22:00:00+00:00,8320,Jakarta South,5077558,AirNow,4.0
2025-10-06 23:00:00+00:00,8320,Jakarta South,5077558,AirNow,1.0
2025-10-07 00:00:00+00:00,8320,Jakarta South,5077558,AirNow,1.0
2025-10-07 01:00:00+00:00,8320,Jakarta South,5077558,AirNow,
2025-10-07 02:00:00+00:00,8320,Jakarta South,5077558,AirNow,
2025-10-07 03:00:00+00:00,8320,Jakarta South,5077558,AirNow,29.0
2025-10-07 04:00:00+00:00,8320,Jakarta South,5077558,AirNow,33.0
2025-10-07 05:00:00+00:00,8320,Jakarta South,5077558,AirNow,41.0
2025-10-07 06:00:00+00:00,8320,Jakarta South,5077558,AirNow,24.0
2025-10-07 07:00:00+00:00,8320,Jakarta South,5077558,AirNow,15.0
2025-10-07 08:00:00+00:00,8320,Jakarta South,5077558,AirNow,8.0
2025-10-07 09:00:00+00:00,8320,Jakarta South,5077558,AirNow,22.0
2025-10-07 10:00:00+00:00,8320,Jakarta South,5077558,AirNow,17.0
2025-10-07 11:00:00+00:00,8320,Jakarta South,5077558,AirNow,21.0
2025-10-07 12:00:00+00:00,8320,Jakarta South,5077558,AirNow,30.0
2025-10-07 13:00:00+00:00,8320,Jakarta South,5077558,AirNow,44.0
2025-10-07 14:00:00+00:00,8320,Jakarta South,5077558,AirNow,48.0
2025-10-07 15:00:00+00:00,8320,Jakarta South,5077558,AirNow,41.0
2025-10-07 16:00:00+00:00,8320,Jakarta South,5077558,AirNow,38.0
2025-10-07 17:00:00+00:00,8320,Jakarta South,5077558,AirNow,27.0
2025-10-07 18:00:00+00:00,8320,Jakarta South,5077558,AirNow,24.0
2025-10-07 19:00:00+00:00,8320,Jakarta South,5077558,AirNow,28.0
2025-10-07 20:00:00+00:00,8320,Jakarta South,5077558,AirNow,39.0
2025-10-07 21:00:00+00:00,8320,Jakarta South,5077558,AirNow,35.0
2025-10-07 22:00:00+00:00,8320,Jakarta South,5077558,AirNow,33.0
2025-10-07 23:00:00+00:00,8320,Jakarta South,5077558,AirNow,35.0
2025-10-08 00:00:00+00:00,8320,Jakarta South,5077558,AirNow,36.0
2025-10-08 01:00:00+00:00,8320,Jakarta South,5077558,AirNow,40.0
2025-10-08 02:00:00+00:00,8320,Jakarta South,5077558,AirNow,42.0
2025-10-08 03:00:00+00:00,8320,Jakarta South,5077558,AirNow,52.0
2025-10-08 04:00:00+00:00,8320,Jakarta South,5077558,AirNow,53.0
2025-10-08 05:00:00+00:00,8320,Jakarta South,5077558,AirNow,48.0
2025-10-08 06:00:00+00:00,8320,Jakarta South,5077558,AirNow,42.0
2025-10-08 07:00:00+00:00,8320,Jakarta South,5077558,AirNow,36.0
2025-10-08 08:00:00+00:00,8320,Jakarta South,5077558,AirNow,32.0
2025-10-08 09:00:00+00:00,8320,Jakarta South,5077558,AirNow,31.0
2025-10-08 10:00:00+00:00,8320,Jakarta South,5077558,AirNow,28.0
2025-10-08 11:00:00+00:00,8320,Jakarta South,5077558,AirNow,41.0
2025-10-08 12:00:00+00:00,8320,Jakarta South,5077558,AirNow,66.0
2025-10-08 13:00:00+00:00,8320,Jakarta South,5077558,AirNow,63.0
2025-10-08 14:00:00+00:00,8320,Jakarta South,5077558,AirNow,55.0
2025-10-08 15:00:00+00:00,8320,Jakarta South,5077558,AirNow,50.0
2025-10-08 16:00:00+00:00,8320,Jakarta South,5077558,AirNow,56.0
2025-10-08 17:00:00+00:00,8320,Jakarta South,5077558,AirNow,57.0
2025-10-08 18:00:00+00:00,8320,Jakarta South,5077558,AirNow,52.0
2025-10-08 19:00:00+00:00,8320,Jakarta South,5077558,AirNow,38.0
2025-10-08 20:00:00+00:00,8320,Jakarta South,5077558,AirNow,27.0
2025-10-08 21:00:00+00:00,8320,Jakarta South,5077558,AirNow,24.0
2025-10-08 22:00:00+00:00,8320,Jakarta South,5077558,AirNow,30.0
2025-10-08 23:00:00+00:00,8320,Jakarta South,5077558,AirNow,60.0
2025-10-09 00:00:00+00:00,8320,Jakarta South,5077558,AirNow,66.0
2025-10-09 01:00:00+00:00,8320,Jakarta South,5077558,AirNow,56.0
2025-10-09 02:00:00+00:00,8320,Jakarta South,5077558,AirNow,67.0
2025-10-09 03:00:00+00:00,8320,Jakarta South,5077558,AirNow,46.0
2025-10-09 04:00:00+00:00,8320,Jakarta South,5077558,AirNow,39.0
2025-10-09 05:00:00+00:00,8320,Jakarta South,5077558,AirNow,39.0
2025-10-09 06:00:00+00:00,8320,Jakarta South,5077558,AirNow,46.0
2025-10-09 07:00:00+00:00,8320,Jakarta South,5077558,AirNow,39.0
2025-10-09 08:00:00+00:00,8320,Jakarta South,5077558,AirNow,36.0
2025-10-09 09:00:00+00:00,8320,Jakarta South,5077558,AirNow,35.0
2025-10-09 10:00:00+00:00,8320,Jakarta South,5077558,AirNow,36.0
2025-10-09 11:00:00+00:00,8320,Jakarta South,5077558,AirNow,39.0
2025-10-09 12:00:00+00:00,8320,Jakarta South,5077558,AirNow,40.0
2025-10-09 13:00:00+00:00,8320,Jakarta South,5077558,AirNow,33.0
2025-10-09 14:00:00+00:00,8320,Jakarta South,5077558,AirNow,37.0
2025-10-09 15:00:00+00:00,8320,Jakarta South,5077558,AirNow,57.0
2025-10-09 16:00:00+00:00,8320,Jakarta South,5077558,AirNow,54.0
2025-10-09 17:00:00+00:00,8320,Jakarta South,5077558,AirNow,48.0
2025-10-09 18:00:00+00:00,8320,Jakarta South,5077558,AirNow,44.0
2025-10-09 19:00:00+00:00,8320,Jakarta South,5077558,AirNow,28.0
2025-10-09 20:00:00+00:00,8320,Jakarta South,5077558,AirNow,23.0
2025-10-09 21:00:00+00:00,8320,Jakarta South,5077558,AirNow,36.0
2025-10-09 22:00:00+00:00,8320,Jakarta South,5077558,AirNow,31.0
2025-10-09 23:00:00+00:00,8320,Jakarta South,5077558,AirNow,34.0
2025-10-10 00:00:00+00:00,8320,Jakarta South,5077558,AirNow,37.0
2025-10-10 01:00:00+00:00,8320,Jakarta South,5077558,AirNow,35.0
2025-10-10 02:00:00+00:00,8320,Jakarta South,5077558,AirNow,30.0
2025-10-10 03:00:00+00:00,8320,Jakarta South,5077558,AirNow,30.0
2025-10-10 04:00:00+00:00,8320,Jakarta South,5077558,AirNow,37.0
2025-10-10 05:00:00+00:00,8320,Jakarta South,5077558,AirNow,28.0
2025-10-10 06:00:00+00:00,8320,Jakarta South,5077558,AirNow,30.0
2025-10-10 07:00:00+00:00,8320,Jakarta South,5077558,AirNow,29.0
2025-10-10 08:00:00+00:00,8320,Jakarta South,5077558,AirNow,32.0
2025-10-10 09:00:00+00:00,8320,Jakarta South,5077558,AirNow,33.0
2025-10-10 10:00:00+00:00,8320,Jakarta South,5077558,AirNow,33.0
2025-10-10 11:00:00+00:00,8320,Jakarta South,5077558,AirNow,38.0
2025-10-10 12:00:00+00:00,8320,Jakarta South,5077558,AirNow,63.0
2025-10-10 13:00:00+00:00,8320,Jakarta South,5077558,AirNow,63.0
2025-10-10 14:00:00+00:00,8320,Jakarta South,5077558,AirNow,59.0
2025-10-10 15:00:00+00:00,8320,Jakarta South,5077558,AirNow,65.0
2025-10-10 16:00:00+00:00,8320,Jakarta South,5077558,AirNow,60.0
2025-10-10 17:00:00+00:00,8320,Jakarta South,5077558,AirNow,63.0
2025-10-10 18:00:00+00:00,8320,Jakarta South,5077558,AirNow,76.0
2025-10-10 19:00:00+00:00,8320,Jakarta South,5077558,AirNow,39.0
2025-10-10 20:00:00+00:00,8320,Jakarta South,5077558,AirNow,22.0
2025-10-10 21:00:00+00:00,8320,Jakarta South,5077558,AirNow,25.0
2025-10-10 22:00:00+00:00,8320,Jakarta South,5077558,AirNow,28.0
2025-10-10 23:00:00+00:00,8320,Jakarta South,5077558,AirNow,30.0
2025-10-11 00:00:00+00:00,8320,Jakarta South,5077558,AirNow,29.0
2025-10-11 01:00:00+00:00,8320,Jakarta South,5077558,AirNow,38.0
2025-10-11 02:00:00+00:00,8320,Jakarta South,5077558,AirNow,29.0
2025-10-11 03:00:00+00:00,8320,Jakarta South,5077558,AirNow,28.0
2025-10-11 04:00:00+00:00,8320,Jakarta South,5077558,AirNow,28.0
2025-10-11 05:00:00+00:00,8320,Jakarta South,5077558,AirNow,37.0
2025-10-11 06:00:00+00:00,8320,Jakarta South,5077558,AirNow,25.0
2025-10-11 07:00:00+00:00,8320,Jakarta South,5077558,AirNow,33.0
2025-10-11 08:00:00+00:00,8320,Jakarta South,5077558,AirNow,25.0
2025-10-11 09:00:00+00:00,8320,Jakarta South,5077558,AirNow,25.0
2025-10-11 10:00:00+00:00,8320,Jakarta South,5077558,AirNow,32.0
2025-10-11 11:00:00+00:00,8320,Jakarta South,5077558,AirNow,35.0
2025-10-11 12:00:00+00:00,8320,Jakarta South,5077558,AirNow,30.0
2025-10-11 13:00:00+00:00,8320,Jakarta South,5077558,AirNow,35.0
2025-10-11 14:00:00+00:00,8320,Jakarta South,5077558,AirNow,33.0
2025-10-11 15:00:00+00:00,8320,Jakarta South,5077558,AirNow,33.0
2025-10-11 16:00:00+00:00,8320,Jakarta South,5077558,AirNow,52.0
2025-10-11 17:00:00+00:00,8320,Jakarta South,5077558,AirNow,77.0
2025-10-11 18:00:00+00:00,8320,Jakarta South,5077558,AirNow,70.0
2025-10-11 19:00:00+00:00,8320,Jakarta South,5077558,AirNow,49.0
2025-10-11 20:00:00+00:00,8320,Jakarta South,5077558,AirNow,43.0
2025-10-11 21:00:00+00:00,8320,Jakarta South,5077558,AirNow,45.0
2025-10-11 22:00:00+00:00,8320,Jakarta South,5077558,AirNow,44.0
2025-10-11 23:00:00+00:00,8320,Jakarta South,5077558,AirNow,46.0
2025-10-12 00:00:00+00:00,8320,Jakarta South,5077558,AirNow,42.0
2025-10-12 01:00:00+00:00,8320,Jakarta South,5077558,AirNow,38.0
2025-10-12 02:00:00+00:00,8320,Jakarta South,5077558,AirNow,35.0
2025-10-12 03:00:00+00:00,8320,Jakarta South,5077558,AirNow,35.0
2025-10-12 04:00:00+00:00,8320,Jakarta South,5077558,AirNow,47.0
2025-10-12 05:00:00+00:00,8320,Jakarta South,5077558,AirNow,47.0
2025-10-12 06:00:00+00:00,8320,Jakarta South,5077558,AirNow,38.0
2025-10-12 07:00:00+00:00,8320,Jakarta South,5077558,AirNow,27.0
2025-10-12 08:00:00+00:00,8320,Jakarta South,5077558,AirNow,26.0
2025-10-12 09:00:00+00:00,8320,Jakarta South,5077558,AirNow,27.0
2025-10-12 10:00:00+00:00,8320,Jakarta South,5077558,AirNow,29.0
2025-10-12 11:00:00+00:00,8320,Jakarta South,5077558,AirNow,27.0
2025-10-12 12:00:00+00:00,8320,Jakarta South,5077558,AirNow,22.0
2025-10-12 13:00:00+00:00,8320,Jakarta South,5077558,AirNow,24.0
2025-10-12 14:00:00+00:00,8320,Jakarta South,5077558,AirNow,30.0
2025-10-12 15:00:00+00:00,8320,Jakarta South,5077558,AirNow,20.0
2025-10-12 16:00:00+00:00,8320,Jakarta South,5077558,AirNow,22.0
2025-10-12 17:00:00+00:00,8320,Jakarta South,5077558,AirNow,21.0
2025-10-12 18:00:00+00:00,8320,Jakarta South,5077558,AirNow,35.0
2025-10-12 19:00:00+00:00,8320,Jakarta South,5077558,AirNow,43.0
2025-10-12 20:00:00+00:00,8320,Jakarta South,5077558,AirNow,48.0
2025-10-12 21:00:00+00:00,8320,Jakarta South,5077558,AirNow,48.0
2025-10-12 22:00:00+00:00,8320,Jakarta South,5077558,AirNow,62.0
2025-10-12 23:00:00+00:00,8320,Jakarta South,5077558,AirNow,53.0
2025-10-13 00:00:00+00:00,8320,Jakarta South,5077558,AirNow,68.0
2025-10-13 01:00:00+00:00,8320,Jakarta South,5077558,AirNow,47.0
2025-10-13 02:00:00+00:00,8320,Jakarta South,5077558,AirNow,41.0
2025-10-13 03:00:00+00:00,8320,Jakarta South,5077558,AirNow,38.0
2025-10-13 04:00:00+00:00,8320,Jakarta South,5077558,AirNow,30.0
2025-10-13 05:00:00+00:00,8320,Jakarta South,5077558,AirNow,31.0
2025-10-13 06:00:00+00:00,8320,Jakarta South,5077558,AirNow,21.0
2025-10-13 07:00:00+00:00,8320,Jakarta South,5077558,AirNow,10.0
2025-10-13 08:00:00+00:00,8320,Jakarta South,5077558,AirNow,10.0
2025-10-13 09:00:00+00:00,8320,Jakarta South,5077558,AirNow,11.0
2025-10-13 10:00:00+00:00,8320,Jakarta South,5077558,AirNow,16.0
2025-10-13 11:00:00+00:00,8320,Jakarta South,5077558,AirNow,44.0
2025-10-13 12:00:00+00:00,8320,Jakarta South,5077558,AirNow,38.0
2025-10-13 13:00:00+00:00,8320,Jakarta South,5077558,AirNow,36.0
2025-10-13 14:00:00+00:00,8320,Jakarta South,5077558,AirNow,39.0
2025-10-13 15:00:00+00:00,8320,Jakarta South,5077558,AirNow,34.0
2025-10-13 16:00:00+00:00,8320,Jakarta South,5077558,AirNow,40.0
2025-10-13 17:00:00+00:00,8320,Jakarta South,5077558,AirNow,35.0
2025-10-13 18:00:00+00:00,8320,Jakarta South,5077558,AirNow,37.0
2025-10-13 19:00:00+00:00,8320,Jakarta South,5077558,AirNow,46.0
2025-10-13 20:00:00+00:00,8320,Jakarta South,5077558,AirNow,47.0
2025-10-13 21:00:00+00:00,8320,Jakarta South,5077558,AirNow,55.0
2025-10-13 22:00:00+00:00,8320,Jakarta South,5077558,AirNow,62.0
2025-10-13 23:00:00+00:00,8320,Jakarta South,5077558,AirNow,41.0
2025-10-14 00:00:00+00:00,8320,Jakarta South,5077558,AirNow,59.0
2025-10-14 01:00:00+00:00,8320,Jakarta South,5077558,AirNow,43.0
2025-10-14 02:00:00+00:00,8320,Jakarta South,5077558,AirNow,40.0
2025-10-14 03:00:00+00:00,8320,Jakarta South,5077558,AirNow,32.0
2025-10-14 04:00:00+00:00,8320,Jakarta South,5077558,AirNow,27.0
2025-10-14 05:00:00+00:00,8320,Jakarta South,5077558,AirNow,20.0
2025-10-14 06:00:00+00:00,8320,Jakarta South,5077558,AirNow,20.0
2025-10-14 07:00:00+00:00,8320,Jakarta South,5077558,AirNow,23.0
2025-10-14 08:00:00+00:00,8320,Jakarta South,5077558,AirNow,12.0
2025-10-14 09:00:00+00:00,8320,Jakarta South,5077558,AirNow,20.0
2025-10-14 10:00:00+00:00,8320,Jakarta South,5077558,AirNow,12.0
2025-10-14 11:00:00+00:00,8320,Jakarta South,5077558,AirNow,13.0
2025-10-14 12:00:00+00:00,8320,Jakarta South,5077558,AirNow,17.0
2025-10-14 13:00:00+00:00,8320,Jakarta South,5077558,AirNow,18.0
2025-10-14 14:00:00+00:00,8320,Jakarta South,5077558,AirNow,17.0
2025-10-14 15:00:00+00:00,8320,Jakarta South,5077558,AirNow,19.0
2025-10-14 16:00:00+00:00,8320,Jakarta South,5077558,AirNow,10.0
2025-10-14 17:00:00+00:00,8320,Jakarta South,5077558,AirNow,17.0
2025-10-14 18:00:00+00:00,8320,Jakarta South,5077558,AirNow,20.0
2025-10-14 19:00:00+00:00,8320,Jakarta South,5077558,AirNow,34.0
2025-10-14 20:00:00+00:00,8320,Jakarta South,5077558,AirNow,44.0
2025-10-14 21:00:00+00:00,8320,Jakarta South,5077558,AirNow,40.0
2025-10-14 22:00:00+00:00,8320,Jakarta South,5077558,AirNow,50.0
2025-10-14 23:00:00+00:00,8320,Jakarta South,5077558,AirNow,57.0
2025-10-15 00:00:00+00:00,8320,Jakarta South,5077558,AirNow,57.0
2025-10-15 01:00:00+00:00,8320,Jakarta South,5077558,AirNow,49.0
2025-10-15 02:00:00+00:00,8320,Jakarta South,5077558,AirNow,42.0
2025-10-15 03:00:00+00:00,8320,Jakarta South,5077558,AirNow,40.0
2025-10-15 04:00:00+00:00,8320,Jakarta South,5077558,AirNow,41.0
2025-10-15 05:00:00+00:00,8320,Jakarta South,5077558,AirNow,35.0
2025-10-15 06:00:00+00:00,8320,Jakarta South,5077558,AirNow,17.0
2025-10-15 07:00:00+00:00,8320,Jakarta South,5077558,AirNow,12.0
2025-10-15 08:00:00+00:00,8320,Jakarta South,5077558,AirNow,14.0
2025-10-15 09:00:00+00:00,8320,Jakarta South,5077558,AirNow,13.0
2025-10-15 10:00:00+00:00,8320,Jakarta South,5077558,AirNow,12.0
2025-10-15 11:00:00+00:00,8320,Jakarta South,5077558,AirNow,12.0
2025-10-15 12:00:00+00:00,8320,Jakarta South,5077558,AirNow,21.0
2025-10-15 13:00:00+00:00,8320,Jakarta South,5077558,AirNow,22.0
2025-10-15 14:00:00+00:00,8320,Jakarta South,5077558,AirNow,22.0
2025-10-15 15:00:00+00:00,8320,Jakarta South,5077558,AirNow,11.0
2025-10-15 16:00:00+00:00,8320,Jakarta South,5077558,AirNow,15.0
2025-10-15 17:00:00+00:00,8320,Jakarta South,5077558,AirNow,20.0
2025-10-15 18:00:00+00:00,8320,Jakarta South,5077558,AirNow,47.0
2025-10-15 19:00:00+00:00,8320,Jakarta South,5077558,AirNow,49.0
2025-10-15 20:00:00+00:00,8320,Jakarta South,5077558,AirNow,46.0
2025-10-15 21:00:00+00:00,8320,Jakarta South,5077558,AirNow,43.0
2025-10-15 22:00:00+00:00,8320,Jakarta South,5077558,AirNow,49.0
2025-10-15 23:00:00+00:00,8320,Jakarta South,5077558,AirNow,56.0
2025-10-16 00:00:00+00:00,8320,Jakarta South,5077558,AirNow,82.0
2025-10-16 01:00:00+00:00,8320,Jakarta South,5077558,AirNow,81.0
2025-10-16 02:00:00+00:00,8320,Jakarta South,5077558,AirNow,88.0
2025-10-16 03:00:00+00:00,8320,Jakarta South,5077558,AirNow,56.0
2025-10-16 04:00:00+00:00,8320,Jakarta South,5077558,AirNow,53.0
2025-10-16 05:00:00+00:00,8320,Jakarta South,5077558,AirNow,42.0
2025-10-16 06:00:00+00:00,8320,Jakarta South,5077558,AirNow,28.0
2025-10-16 07:00:00+00:00,8320,Jakarta South,5077558,AirNow,28.0
2025-10-16 08:00:00+00:00,8320,Jakarta South,5077558,AirNow,29.0
2025-10-16 09:00:00+00:00,8320,Jakarta South,5077558,AirNow,36.0
2025-10-16 10:00:00+00:00,8320,Jakarta South,5077558,AirNow,20.0
2025-10-16 11:00:00+00:00,8320,Jakarta South,5077558,AirNow,16.0
2025-10-16 12:00:00+00:00,8320,Jakarta South,5077558,AirNow,27.0
2025-10-16 13:00:00+00:00,8320,Jakarta South,5077558,AirNow,58.0
2025-10-16 14:00:00+00:00,8320,Jakarta South,5077558,AirNow,58.0
2025-10-16 15:00:00+00:00,8320,Jakarta South,5077558,AirNow,53.0
2025-10-16 16:00:00+00:00,8320,Jakarta South,5077558,AirNow,59.0
2025-10-16 17:00:00+00:00,8320,Jakarta South,5077558,AirNow,76.0
2025-10-16 18:00:00+00:00,8320,Jakarta South,5077558,AirNow,74.0
2025-10-16 19:00:00+00:00,8320,Jakarta South,5077558,AirNow,73.0
2025-10-16 20:00:00+00:00,8320,Jakarta South,5077558,AirNow,73.0
2025-10-16 21:00:00+00:00,8320,Jakarta South,5077558,AirNow,67.0
2025-10-16 22:00:00+00:00,8320,Jakarta South,5077558,AirNow,60.0
2025-10-16 23:00:00+00:00,8320,Jakarta South,5077558,AirNow,59.0
2025-10-17 00:00:00+00:00,8320,Jakarta South,5077558,AirNow,57.0
2025-10-17 01:00:00+00:00,8320,Jakarta South,5077558,AirNow,49.0
2025-10-17 02:00:00+00:00,8320,Jakarta South,5077558,AirNow,38.0
2025-10-17 03:00:00+00:00,8320,Jakarta South,5077558,AirNow,40.0
2025-10-17 04:00:00+00:00,8320,Jakarta South,5077558,AirNow,37.0
2025-10-17 05:00:00+00:00,8320,Jakarta South,5077558,AirNow,42.0
2025-10-17 06:00:00+00:00,8320,Jakarta South,5077558,AirNow,47.0
2025-10-17 07:00:00+00:00,8320,Jakarta South,5077558,AirNow,41.0
2025-10-17 08:00:00+00:00,8320,Jakarta South,5077558,AirNow,42.0
2025-10-17 09:00:00+00:00,8320,Jakarta South,5077558,AirNow,41.0
2025-10-17 10:00:00+00:00,8320,Jakarta South,5077558,AirNow,33.0
2025-10-17 11:00:00+00:00,8320,Jakarta South,5077558,AirNow,42.0
2025-10-17 12:00:00+00:00,8320,Jakarta South,5077558,AirNow,17.0
2025-10-17 13:00:00+00:00,8320,Jakarta South,5077558,AirNow,14.0
2025-10-17 14:00:00+00:00,8320,Jakarta South,5077558,AirNow,20.0
2025-10-17 15:00:00+00:00,8320,Jakarta South,5077558,AirNow,33.0
2025-10-17 16:00:00+00:00,8320,Jakarta South,5077558,AirNow,31.0
2025-10-17 17:00:00+00:00,8320,Jakarta South,5077558,AirNow,39.0
2025-10-17 18:00:00+00:00,8320,Jakarta South,5077558,AirNow,36.0
2025-10-17 19:00:00+00:00,8320,Jakarta South,5077558,AirNow,37.0
2025-10-17 20:00:00+00:00,8320,Jakarta South,5077558,AirNow,33.0
2025-10-17 21:00:00+00:00,8320,Jakarta South,5077558,AirNow,39.0
2025-10-17 22:00:00+00:00,8320,Jakarta South,5077558,AirNow,38.0
2025-10-17 23:00:00+00:00,8320,Jakarta South,5077558,AirNow,37.0
2025-10-18 00:00:00+00:00,8320,Jakarta South,5077558,AirNow,42.0
2025-10-18 01:00:00+00:00,8320,Jakarta South,5077558,AirNow,44.0
2025-10-18 02:00:00+00:00,8320,Jakarta South,5077558,AirNow,41.0
2025-10-18 03:00:00+00:00,8320,Jakarta South,5077558,AirNow,26.0
2025-10-18 04:00:00+00:00,8320,Jakarta South,5077558,AirNow,25.0
2025-10-18 05:00:00+00:00,8320,Jakarta South,5077558,AirNow,34.0
2025-10-18 06:00:00+00:00,8320,Jakarta South,5077558,AirNow,37.0
2025-10-18 07:00:00+00:00,8320,Jakarta South,5077558,AirNow,40.0
2025-10-18 08:00:00+00:00,8320,Jakarta South,5077558,AirNow,35.0
2025-10-18 09:00:00+00:00,8320,Jakarta South,5077558,AirNow,27.0
2025-10-18 10:00:00+00:00,8320,Jakarta South,5077558,AirNow,24.0
2025-10-18 11:00:00+00:00,8320,Jakarta South,5077558,AirNow,26.0
2025-10-18 12:00:00+00:00,8320,Jakarta South,5077558,AirNow,56.0
2025-10-18 13:00:00+00:00,8320,Jakarta South,5077558,AirNow,67.0
2025-10-18 14:00:00+00:00,8320,Jakarta South,5077558,AirNow,53.0
2025-10-18 15:00:00+00:00,8320,Jakarta South,5077558,AirNow,46.0
2025-10-18 16:00:00+00:00,8320,Jakarta South,5077558,AirNow,53.0
2025-10-18 17:00:00+00:00,8320,Jakarta South,5077558,AirNow,69.0
2025-10-18 18:00:00+00:00,8320,Jakarta South,5077558,AirNow,66.0
2025-10-18 19:00:00+00:00,8320,Jakarta South,5077558,AirNow,37.0
2025-10-18 20:00:00+00:00,8320,Jakarta South,5077558,AirNow,32.0
2025-10-18 21:00:00+00:00,8320,Jakarta South,5077558,AirNow,29.0
2025-10-18 22:00:00+00:00,8320,Jakarta South,5077558,AirNow,26.0
2025-10-18 23:00:00+00:00,8320,Jakarta South,5077558,AirNow,27.0
2025-10-19 00:00:00+00:00,8320,Jakarta South,5077558,AirNow,31.0
2025-10-19 01:00:00+00:00,8320,Jakarta South,5077558,AirNow,29.0
2025-10-19 02:00:00+00:00,8320,Jakarta South,5077558,AirNow,21.0
2025-10-19 03:00:00+00:00,8320,Jakarta South,5077558,AirNow,18.0
2025-10-19 04:00:00+00:00,8320,Jakarta South,5077558,AirNow,29.0
2025-10-19 05:00:00+00:00,8320,Jakarta South,5077558,AirNow,37.0
2025-10-19 06:00:00+00:00,8320,Jakarta South,5077558,AirNow,39.0
2025-10-19 07:00:00+00:00,8320,Jakarta South,5077558,AirNow,36.0
2025-10-19 08:00:00+00:00,8320,Jakarta South,5077558,AirNow,33.0
2025-10-19 09:00:00+00:00,8320,Jakarta South,5077558,AirNow,22.0
2025-10-19 10:00:00+00:00,8320,Jakarta South,5077558,AirNow,33.0
2025-10-19 11:00:00+00:00,8320,Jakarta South,5077558,AirNow,38.0
2025-10-19 12:00:00+00:00,8320,Jakarta South,5077558,AirNow,48.0
2025-10-19 13:00:00+00:00,8320,Jakarta South,5077558,AirNow,47.0
2025-10-19 14:00:00+00:00,8320,Jakarta South,5077558,AirNow,53.0
2025-10-19 15:00:00+00:00,8320,Jakarta South,5077558,AirNow,78.0
2025-10-19 16:00:00+00:00,8320,Jakarta South,5077558,AirNow,78.0
2025-10-19 17:00:00+00:00,8320,Jakarta South,5077558,AirNow,76.0
2025-10-19 18:00:00+00:00,8320,Jakarta South,5077558,AirNow,70.0
2025-10-19 19:00:00+00:00,8320,Jakarta South,5077558,AirNow,69.0
2025-10-19 20:00:00+00:00,8320,Jakarta South,5077558,AirNow,89.0
2025-10-19 21:00:00+00:00,8320,Jakarta South,5077558,AirNow,104.0
2025-10-19 22:00:00+00:00,8320,Jakarta South,5077558,AirNow,92.0
2025-10-19 23:00:00+00:00,8320,Jakarta South,5077558,AirNow,95.0
2025-10-20 00:00:00+00:00,8320,Jakarta South,5077558,AirNow,84.0
2025-10-20 01:00:00+00:00,8320,Jakarta South,5077558,AirNow,53.0
2025-10-20 02:00:00+00:00,8320,Jakarta South,5077558,AirNow,46.0
2025-10-20 03:00:00+00:00,8320,Jakarta South,5077558,AirNow,48.0
2025-10-20 04:00:00+00:00,8320,Jakarta South,5077558,AirNow,48.0
2025-10-20 05:00:00+00:00,8320,Jakarta South,5077558,AirNow,53.0
2025-10-20 06:00:00+00:00,8320,Jakarta South,5077558,AirNow,42.0
2025-10-20 07:00:00+00:00,8320,Jakarta South,5077558,AirNow,28.0
2025-10-20 08:00:00+00:00,8320,Jakarta South,5077558,AirNow,29.0
2025-10-20 09:00:00+00:00,8320,Jakarta South,5077558,AirNow,44.0
2025-10-20 10:00:00+00:00,8320,Jakarta South,5077558,AirNow,19.0
2025-10-20 11:00:00+00:00,8320,Jakarta South,5077558,AirNow,18.0
2025-10-20 12:00:00+00:00,8320,Jakarta South,5077558,AirNow,27.0
2025-10-20 13:00:00+00:00,8320,Jakarta South,5077558,AirNow,44.0
2025-10-20 14:00:00+00:00,8320,Jakarta South,5077558,AirNow,90.0
2025-10-20 15:00:00+00:00,8320,Jakarta South,5077558,AirNow,67.0
2025-10-20 16:00:00+00:00,8320,Jakarta South,5077558,AirNow,64.0
2025-10-20 17:00:00+00:00,8320,Jakarta South,5077558,AirNow,72.0
2025-10-20 18:00:00+00:00,8320,Jakarta South,5077558,AirNow,64.0
2025-10-20 19:00:00+00:00,8320,Jakarta South,5077558,AirNow,53.0
2025-10-20 20:00:00+00:00,8320,Jakarta South,5077558,AirNow,60.0
2025-10-20 21:00:00+00:00,8320,Jakarta South,5077558,AirNow,60.0
2025-10-20 22:00:00+00:00,8320,Jakarta South,5077558,AirNow,56.0
2025-10-20 23:00:00+00:00,8320,Jakarta South,5077558,AirNow,61.0
2025-10-21 00:00:00+00:00,8320,Jakarta South,5077558,AirNow,48.0
2025-10-21 01:00:00+00:00,8320,Jakarta South,5077558,AirNow,44.0
2025-10-21 02:00:00+00:00,8320,Jakarta South,5077558,AirNow,29.0
2025-10-21 03:00:00+00:00,8320,Jakarta South,5077558,AirNow,33.0
2025-10-21 04:00:00+00:00,8320,Jakarta South,5077558,AirNow,29.0
2025-10-21 05:00:00+00:00,8320,Jakarta South,5077558,AirNow,48.0
2025-10-21 06:00:00+00:00,8320,Jakarta South,5077558,AirNow,51.0
2025-10-21 07:00:00+00:00,8320,Jakarta South,5077558,AirNow,39.0
2025-10-21 08:00:00+00:00,8320,Jakarta South,5077558,AirNow,29.0
2025-10-21 09:00:00+00:00,8320,Jakarta South,5077558,AirNow,31.0
2025-10-21 10:00:00+00:00,8320,Jakarta South,5077558,AirNow,37.0
2025-10-21 11:00:00+00:00,8320,Jakarta South,5077558,AirNow,27.0
2025-10-21 12:00:00+00:00,8320,Jakarta South,5077558,AirNow,39.0
2025-10-21 13:00:00+00:00,8320,Jakarta South,5077558,AirNow,39.0
2025-10-21 14:00:00+00:00,8320,Jakarta South,5077558,AirNow,35.0
2025-10-21 15:00:00+00:00,8320,Jakarta South,5077558,AirNow,20.0
2025-10-21 16:00:00+00:00,8320,Jakarta South,5077558,AirNow,15.0
2025-10-21 17:00:00+00:00,8320,Jakarta South,5077558,AirNow,11.0
2025-10-21 18:00:00+00:00,8320,Jakarta South,5077558,AirNow,30.0
2025-10-21 19:00:00+00:00,8320,Jakarta South,5077558,AirNow,18.0
2025-10-21 20:00:00+00:00,8320,Jakarta South,5077558,AirNow,10.0
2025-10-21 21:00:00+00:00,8320,Jakarta South,5077558,AirNow,14.0
2025-10-21 22:00:00+00:00,8320,Jakarta South,5077558,AirNow,24.0
2025-10-21 23:00:00+00:00,8320,Jakarta South,5077558,AirNow,15.0
2025-10-22 00:00:00+00:00,8320,Jakarta South,5077558,AirNow,16.0
2025-10-22 01:00:00+00:00,8320,Jakarta South,5077558,AirNow,35.0
2025-10-22 02:00:00+00:00,8320,Jakarta South,5077558,AirNow,47.0
2025-10-22 03:00:00+00:00,8320,Jakarta South,5077558,AirNow,27.0
2025-10-22 04:00:00+00:00,8320,Jakarta South,5077558,AirNow,15.0
2025-10-22 05:00:00+00:00,8320,Jakarta South,5077558,AirNow,10.0
2025-10-22 06:00:00+00:00,8320,Jakarta South,5077558,AirNow,6.0
2025-10-22 07:00:00+00:00,8320,Jakarta South,5077558,AirNow,8.0
2025-10-22 08:00:00+00:00,8320,Jakarta South,5077558,AirNow,10.0
2025-10-22 09:00:00+00:00,8320,Jakarta South,5077558,AirNow,13.0
2025-10-22 10:00:00+00:00,8320,Jakarta South,5077558,AirNow,19.0
2025-10-22 11:00:00+00:00,8320,Jakarta South,5077558,AirNow,14.0
2025-10-22 12:00:00+00:00,8320,Jakarta South,5077558,AirNow,13.0
2025-10-22 13:00:00+00:00,8320,Jakarta South,5077558,AirNow,13.0
2025-10-22 14:00:00+00:00,8320,Jakarta South,5077558,AirNow,12.0
2025-10-22 15:00:00+00:00,8320,Jakarta South,5077558,AirNow,30.0
2025-10-22 16:00:00+00:00,8320,Jakarta South,5077558,AirNow,34.0
2025-10-22 17:00:00+00:00,8320,Jakarta South,5077558,AirNow,39.0
2025-10-22 18:00:00+00:00,8320,Jakarta South,5077558,AirNow,71.0
2025-10-22 19:00:00+00:00,8320,Jakarta South,5077558,AirNow,82.0
2025-10-22 20:00:00+00:00,8320,Jakarta South,5077558,AirNow,71.0
2025-10-22 21:00:00+00:00,8320,Jakarta South,5077558,AirNow,35.0
2025-10-22 22:00:00+00:00,8320,Jakarta South,5077558,AirNow,28.0
2025-10-22 23:00:00+00:00,8320,Jakarta South,5077558,AirNow,30.0
2025-10-23 00:00:00+00:00,8320,Jakarta South,5077558,AirNow,16.0
2025-10-23 01:00:00+00:00,8320,Jakarta South,5077558,AirNow,12.0
2025-10-23 02:00:00+00:00,8320,Jakarta South,5077558,AirNow,8.0
2025-10-23 03:00:00+00:00,8320,Jakarta South,5077558,AirNow,9.0
2025-10-23 04:00:00+00:00,8320,Jakarta South,5077558,AirNow,5.0
2025-10-23 05:00:00+00:00,8320,Jakarta South,5077558,AirNow,2.0
2025-10-23 06:00:00+00:00,8320,Jakarta South,5077558,AirNow,2.0
2025-10-23 07:00:00+00:00,8320,Jakarta South,5077558,AirNow,2.0
2025-10-23 08:00:00+00:00,8320,Jakarta South,5077558,AirNow,9.0
2025-10-23 09:00:00+00:00,8320,Jakarta South,5077558,AirNow,11.0
2025-10-23 10:00:00+00:00,8320,Jakarta South,5077558,AirNow,19.0
2025-10-23 11:00:00+00:00,8320,Jakarta South,5077558,AirNow,19.0
2025-10-23 12:00:00+00:00,8320,Jakarta South,5077558,AirNow,34.0
2025-10-23 13:00:00+00:00,8320,Jakarta South,5077558,AirNow,32.0
2025-10-23 14:00:00+00:00,8320,Jakarta South,5077558,AirNow,27.0
2025-10-23 15:00:00+00:00,8320,Jakarta South,5077558,AirNow,29.0
2025-10-23 16:00:00+00:00,8320,Jakarta South,5077558,AirNow,27.0
2025-10-23 17:00:00+00:00,8320,Jakarta South,5077558,AirNow,28.0
2025-10-23 18:00:00+00:00,8320,Jakarta South,5077558,AirNow,24.0
2025-10-23 19:00:00+00:00,8320,Jakarta South,5077558,AirNow,16.0
2025-10-23 20:00:00+00:00,8320,Jakarta South,5077558,AirNow,8.0
2025-10-23 21:00:00+00:00,8320,Jakarta South,5077558,AirNow,6.0
2025-10-23 22:00:00+00:00,8320,Jakarta South,5077558,AirNow,5.0
2025-10-23 23:00:00+00:00,8320,Jakarta South,5077558,AirNow,6.0
2025-10-24 00:00:00+00:00,8320,Jakarta South,5077558,AirNow,12.0
2025-10-24 01:00:00+00:00,8320,Jakarta South,5077558,AirNow,15.0
2025-10-24 02:00:00+00:00,8320,Jakarta South,5077558,AirNow,9.0
2025-10-24 03:00:00+00:00,8320,Jakarta South,5077558,AirNow,5.0
2025-10-24 04:00:00+00:00,8320,Jakarta South,5077558,AirNow,2.0
2025-10-24 05:00:00+00:00,8320,Jakarta South,5077558,AirNow,5.0
2025-10-24 06:00:00+00:00,8320,Jakarta South,5077558,AirNow,5.0
2025-10-24 07:00:00+00:00,8320,Jakarta South,5077558,AirNow,4.0
2025-10-24 08:00:00+00:00,8320,Jakarta South,5077558,AirNow,8.0
2025-10-24 09:00:00+00:00,8320,Jakarta South,5077558,AirNow,10.0
2025-10-24 10:00:00+00:00,8320,Jakarta South,5077558,AirNow,22.0
2025-10-24 11:00:00+00:00,8320,Jakarta South,5077558,AirNow,16.0
2025-10-24 12:00:00+00:00,8320,Jakarta South,5077558,AirNow,11.0
2025-10-24 13:00:00+00:00,8320,Jakarta South,5077558,AirNow,18.0
2025-10-24 14:00:00+00:00,8320,Jakarta South,5077558,AirNow,25.0
2025-10-24 15:00:00+00:00,8320,Jakarta South,5077558,AirNow,33.0
2025-10-24 16:00:00+00:00,8320,Jakarta South,5077558,AirNow,21.0
2025-10-24 17:00:00+00:00,8320,Jakarta South,5077558,AirNow,14.0
2025-10-24 18:00:00+00:00,8320,Jakarta South,5077558,AirNow,21.0
2025-10-24 19:00:00+00:00,8320,Jakarta South,5077558,AirNow,15.0
2025-10-24 20:00:00+00:00,8320,Jakarta South,5077558,AirNow,5.0
2025-10-24 21:00:00+00:00,8320,Jakarta South,5077558,AirNow,7.0
2025-10-24 22:00:00+00:00,8320,Jakarta South,5077558,AirNow,6.0
2025-10-24 23:00:00+00:00,8320,Jakarta South,5077558,AirNow,3.0
2025-10-25 00:00:00+00:00,8320,Jakarta South,5077558,AirNow,5.0
2025-10-25 01:00:00+00:00,8320,Jakarta South,5077558,AirNow,13.0
2025-10-25 02:00:00+00:00,8320,Jakarta South,5077558,AirNow,8.0
2025-10-25 03:00:00+00:00,8320,Jakarta South,5077558,AirNow,5.0
2025-10-25 04:00:00+00:00,8320,Jakarta South,5077558,AirNow,4.0
2025-10-25 05:00:00+00:00,8320,Jakarta South,5077558,AirNow,3.0
2025-10-25 06:00:00+00:00,8320,Jakarta South,5077558,AirNow,3.0
2025-10-25 07:00:00+00:00,8320,Jakarta South,5077558,AirNow,1.0
2025-10-25 08:00:00+00:00,8320,Jakarta South,5077558,AirNow,1.0
2025-10-25 09:00:00+00:00,8320,Jakarta South,5077558,AirNow,10.0
2025-10-25 10:00:00+00:00,8320,Jakarta South,5077558,AirNow,10.0
2025-10-25 11:00:00+00:00,8320,Jakarta South,5077558,AirNow,14.0
2025-10-25 12:00:00+00:00,8320,Jakarta South,5077558,AirNow,14.0
2025-10-25 13:00:00+00:00,8320,Jakarta South,5077558,AirNow,27.0
2025-10-25 14:00:00+00:00,8320,Jakarta South,5077558,AirNow,20.0
2025-10-25 15:00:00+00:00,8320,Jakarta South,5077558,AirNow,21.0
2025-10-25 16:00:00+00:00,8320,Jakarta South,5077558,AirNow,33.0
2025-10-25 17:00:00+00:00,8320,Jakarta South,5077558,AirNow,32.0
2025-10-25 18:00:00+00:00,8320,Jakarta South,5077558,AirNow,22.0
2025-10-25 19:00:00+00:00,8320,Jakarta South,5077558,AirNow,12.0
2025-10-25 20:00:00+00:00,8320,Jakarta South,5077558,AirNow,14.0
2025-10-25 21:00:00+00:00,8320,Jakarta South,5077558,AirNow,15.0
2025-10-25 22:00:00+00:00,8320,Jakarta South,5077558,AirNow,24.0
2025-10-25 23:00:00+00:00,8320,Jakarta South,5077558,AirNow,31.0
2025-10-26 00:00:00+00:00,8320,Jakarta South,5077558,AirNow,42.0
2025-10-26 01:00:00+00:00,8320,Jakarta South,5077558,AirNow,20.0
2025-10-26 02:00:00+00:00,8320,Jakarta South,5077558,AirNow,28.0
2025-10-26 03:00:00+00:00,8320,Jakarta South,5077558,AirNow,20.0
2025-10-26 04:00:00+00:00,8320,Jakarta South,5077558,AirNow,18.0
2025-10-26 05:00:00+00:00,8320,Jakarta South,5077558,AirNow,16.0
2025-10-26 06:00:00+00:00,8320,Jakarta South,5077558,AirNow,19.0
2025-10-26 07:00:00+00:00,8320,Jakarta South,5077558,AirNow,11.0
2025-10-26 08:00:00+00:00,8320,Jakarta South,5077558,AirNow,8.0
2025-10-26 09:00:00+00:00,8320,Jakarta South,5077558,AirNow,12.0
2025-10-26 10:00:00+00:00,8320,Jakarta South,5077558,AirNow,18.0
2025-10-26 11:00:00+00:00,8320,Jakarta South,5077558,AirNow,6.0
2025-10-26 12:00:00+00:00,8320,Jakarta South,5077558,AirNow,8.0
2025-10-26 13:00:00+00:00,8320,Jakarta South,5077558,AirNow,7.0
2025-10-26 14:00:00+00:00,8320,Jakarta South,5077558,AirNow,7.0
2025-10-26 15:00:00+00:00,8320,Jakarta South,5077558,AirNow,6.0
2025-10-26 16:00:00+00:00,8320,Jakarta South,5077558,AirNow,8.0
2025-10-26 17:00:00+00:00,8320,Jakarta South,5077558,AirNow,18.0
2025-10-26 18:00:00+00:00,8320,Jakarta South,5077558,AirNow,21.0
2025-10-26 19:00:00+00:00,8320,Jakarta South,5077558,AirNow,15.0
2025-10-26 20:00:00+00:00,8320,Jakarta South,5077558,AirNow,14.0
2025-10-26 21:00:00+00:00,8320,Jakarta South,5077558,AirNow,9.0
2025-10-26 22:00:00+00:00,8320,Jakarta South,5077558,AirNow,11.0
2025-10-26 23:00:00+00:00,8320,Jakarta South,5077558,AirNow,18.0
2025-10-27 00:00:00+00:00,8320,Jakarta South,5077558,AirNow,23.0
2025-10-27 01:00:00+00:00,8320,Jakarta South,5077558,AirNow,35.0
2025-10-27 02:00:00+00:00,8320,Jakarta South,5077558,AirNow,33.0
2025-10-27 03:00:00+00:00,8320,Jakarta South,5077558,AirNow,25.0
2025-10-27 04:00:00+00:00,8320,Jakarta South,5077558,AirNow,26.0
2025-10-27 05:00:00+00:00,8320,Jakarta South,5077558,AirNow,34.0
2025-10-27 06:00:00+00:00,8320,Jakarta South,5077558,AirNow,42.0
2025-10-27 07:00:00+00:00,8320,Jakarta South,5077558,AirNow,35.0
2025-10-27 08:00:00+00:00,8320,Jakarta South,5077558,AirNow,40.0
2025-10-27 09:00:00+00:00,8320,Jakarta South,5077558,AirNow,51.0
2025-10-27 10:00:00+00:00,8320,Jakarta South,5077558,AirNow,61.0
2025-10-27 11:00:00+00:00,8320,Jakarta South,5077558,AirNow,33.0
2025-10-27 12:00:00+00:00,8320,Jakarta South,5077558,AirNow,22.0
2025-10-27 13:00:00+00:00,8320,Jakarta South,5077558,AirNow,18.0
2025-10-27 14:00:00+00:00,8320,Jakarta South,5077558,AirNow,15.0
2025-10-27 15:00:00+00:00,8320,Jakarta South,5077558,AirNow,32.0
2025-10-27 16:00:00+00:00,8320,Jakarta South,5077558,AirNow,27.0
2025-10-27 17:00:00+00:00,8320,Jakarta South,5077558,AirNow,24.0
2025-10-27 18:00:00+00:00,8320,Jakarta South,5077558,AirNow,23.0
2025-10-27 19:00:00+00:00,8320,Jakarta South,5077558,AirNow,25.0
2025-10-27 20:00:00+00:00,8320,Jakarta South,5077558,AirNow,18.0
2025-10-27 21:00:00+00:00,8320,Jakarta South,5077558,AirNow,18.0
2025-10-27 22:00:00+00:00,8320,Jakarta South,5077558,AirNow,25.0
2025-10-27 23:00:00+00:00,8320,Jakarta South,5077558,AirNow,25.0
2025-10-28 00:00:00+00:00,8320,Jakarta South,5077558,AirNow,43.0
2025-10-28 01:00:00+00:00,8320,Jakarta South,5077558,AirNow,49.0
2025-10-28 02:00:00+00:00,8320,Jakarta South,5077558,AirNow,52.0
2025-10-28 03:00:00+00:00,8320,Jakarta South,5077558,AirNow,55.0
2025-10-28 04:00:00+00:00,8320,Jakarta South,5077558,AirNow,44.0
2025-10-28 05:00:00+00:00,8320,Jakarta South,5077558,AirNow,37.0
2025-10-28 06:00:00+00:00,8320,Jakarta South,5077558,AirNow,37.0
2025-10-28 07:00:00+00:00,8320,Jakarta South,5077558,AirNow,53.0
2025-10-28 08:00:00+00:00,8320,Jakarta South,5077558,AirNow,22.0
2025-10-28 09:00:00+00:00,8320,Jakarta South,5077558,AirNow,24.0
2025-10-28 10:00:00+00:00,8320,Jakarta South,5077558,AirNow,19.0
2025-10-28 11:00:00+00:00,8320,Jakarta South,5077558,AirNow,18.0
2025-10-28 12:00:00+00:00,8320,Jakarta South,5077558,AirNow,12.0
2025-10-28 13:00:00+00:00,8320,Jakarta South,5077558,AirNow,14.0
2025-10-28 14:00:00+00:00,8320,Jakarta South,5077558,AirNow,23.0
2025-10-28 15:00:00+00:00,8320,Jakarta South,5077558,AirNow,24.0
2025-10-28 16:00:00+00:00,8320,Jakarta South,5077558,AirNow,24.0
2025-10-28 17:00:00+00:00,8320,Jakarta South,5077558,AirNow,20.0
2025-10-28 18:00:00+00:00,8320,Jakarta South,5077558,AirNow,17.0
2025-10-28 19:00:00+00:00,8320,Jakarta South,5077558,AirNow,24.0
2025-10-28 20:00:00+00:00,8320,Jakarta South,5077558,AirNow,24.0
2025-10-28 21:00:00+00:00,8320,Jakarta South,5077558,AirNow,23.0
2025-10-28 22:00:00+00:00,8320,Jakarta South,5077558,AirNow,26.0
2025-10-28 23:00:00+00:00,8320,Jakarta South,5077558,AirNow,23.0
2025-10-29 00:00:00+00:00,8320,Jakarta South,5077558,AirNow,31.0
2025-10-29 01:00:00+00:00,8320,Jakarta South,5077558,AirNow,46.0
2025-10-29 02:00:00+00:00,8320,Jakarta South,5077558,AirNow,49.0
2025-10-29 03:00:00+00:00,8320,Jakarta South,5077558,AirNow,45.0
2025-10-29 04:00:00+00:00,8320,Jakarta South,5077558,AirNow,54.0
2025-10-29 05:00:00+00:00,8320,Jakarta South,5077558,AirNow,45.0
2025-10-29 06:00:00+00:00,8320,Jakarta South,5077558,AirNow,38.0
2025-10-29 07:00:00+00:00,8320,Jakarta South,5077558,AirNow,35.0
2025-10-29 08:00:00+00:00,8320,Jakarta South,5077558,AirNow,38.0
2025-10-29 09:00:00+00:00,8320,Jakarta South,5077558,AirNow,39.0
2025-10-29 10:00:00+00:00,8320,Jakarta South,5077558,AirNow,10.0
2025-10-29 11:00:00+00:00,8320,Jakarta South,5077558,AirNow,11.0
2025-10-29 12:00:00+00:00,8320,Jakarta South,5077558,AirNow,40.0
2025-10-29 13:00:00+00:00,8320,Jakarta South,5077558,AirNow,48.0
2025-10-29 14:00:00+00:00,8320,Jakarta South,5077558,AirNow,47.0
2025-10-29 15:00:00+00:00,8320,Jakarta South,5077558,AirNow,51.0
2025-10-29 16:00:00+00:00,8320,Jakarta South,5077558,AirNow,44.0
2025-10-29 17:00:00+00:00,8320,Jakarta South,5077558,AirNow,28.0
2025-10-29 18:00:00+00:00,8320,Jakarta South,5077558,AirNow,7.0
2025-10-29 19:00:00+00:00,8320,Jakarta South,5077558,AirNow,9.0
2025-10-29 20:00:00+00:00,8320,Jakarta South,5077558,AirNow,12.0
2025-10-29 21:00:00+00:00,8320,Jakarta South,5077558,AirNow,20.0
2025-10-29 22:00:00+00:00,8320,Jakarta South,5077558,AirNow,23.0
2025-10-29 23:00:00+00:00,8320,Jakarta South,5077558,AirNow,25.0
2025-10-30 00:00:00+00:00,8320,Jakarta South,5077558,AirNow,20.0
2025-10-30 01:00:00+00:00,8320,Jakarta South,5077558,AirNow,21.0
2025-10-30 02:00:00+00:00,8320,Jakarta South,5077558,AirNow,18.0
2025-10-30 03:00:00+00:00,8320,Jakarta South,5077558,AirNow,13.0
2025-10-30 04:00:00+00:00,8320,Jakarta South,5077558,AirNow,10.0
2025-10-30 05:00:00+00:00,8320,Jakarta South,5077558,AirNow,15.0
2025-10-30 06:00:00+00:00,8320,Jakarta South,5077558,AirNow,13.0
2025-10-30 07:00:00+00:00,8320,Jakarta South,5077558,AirNow,10.0
2025-10-30 08:00:00+00:00,8320,Jakarta South,5077558,AirNow,26.0
2025-10-30 09:00:00+00:00,8320,Jakarta South,5077558,AirNow,11.0
2025-10-30 10:00:00+00:00,8320,Jakarta South,5077558,AirNow,10.0
2025-10-30 11:00:00+00:00,8320,Jakarta South,5077558,AirNow,11.0
2025-10-30 12:00:00+00:00,8320,Jakarta South,5077558,AirNow,25.0
2025-10-30 13:00:00+00:00,8320,Jakarta South,5077558,AirNow,26.0
2025-10-30 14:00:00+00:00,8320,Jakarta South,5077558,AirNow,28.0
2025-10-30 15:00:00+00:00,8320,Jakarta South,5077558,AirNow,35.0
2025-10-30 16:00:00+00:00,8320,Jakarta South,5077558,AirNow,36.0
2025-10-30 17:00:00+00:00,8320,Jakarta South,5077558,AirNow,32.0
2025-10-30 18:00:00+00:00,8320,Jakarta South,5077558,AirNow,33.0
2025-10-30 19:00:00+00:00,8320,Jakarta South,5077558,AirNow,34.0
2025-10-30 20:00:00+00:00,8320,Jakarta South,5077558,AirNow,31.0
2025-10-30 21:00:00+00:00,8320,Jakarta South,5077558,AirNow,45.0
2025-10-30 22:00:00+00:00,8320,Jakarta South,5077558,AirNow,45.0
2025-10-30 23:00:00+00:00,8320,Jakarta South,5077558,AirNow,32.0
2025-10-31 00:00:00+00:00,8320,Jakarta South,5077558,AirNow,27.0
2025-10-31 01:00:00+00:00,8320,Jakarta South,5077558,AirNow,37.0
2025-10-31 02:00:00+00:00,8320,Jakarta South,5077558,AirNow,31.0
2025-10-31 03:00:00+00:00,8320,Jakarta South,5077558,AirNow,15.0
2025-10-31 04:00:00+00:00,8320,Jakarta South,5077558,AirNow,13.0
2025-10-31 05:00:00+00:00,8320,Jakarta South,5077558,AirNow,17.0
2025-10-31 06:00:00+00:00,8320,Jakarta South,5077558,AirNow,10.0
2025-10-31 07:00:00+00:00,8320,Jakarta South,5077558,AirNow,40.0
2025-10-31 08:00:00+00:00,8320,Jakarta South,5077558,AirNow,35.0
2025-10-31 09:00:00+00:00,8320,Jakarta South,5077558,AirNow,33.0
2025-10-31 10:00:00+00:00,8320,Jakarta South,5077558,AirNow,31.0
2025-10-31 11:00:00+00:00,8320,Jakarta South,5077558,AirNow,18.0
2025-10-31 12:00:00+00:00,8320,Jakarta South,5077558,AirNow,17.0
2025-10-31 13:00:00+00:00,8320,Jakarta South,5077558,AirNow,14.0
2025-10-31 14:00:00+00:00,8320,Jakarta South,5077558,AirNow,26.0
2025-10-31 15:00:00+00:00,8320,Jakarta South,5077558,AirNow,29.0
2025-10-31 16:00:00+00:00,8320,Jakarta South,5077558,AirNow,28.0
2025-10-31 17:00:00+00:00,8320,Jakarta South,5077558,AirNow,30.0
2025-10-31 18:00:00+00:00,8320,Jakarta South,5077558,AirNow,37.0
2025-10-31 19:00:00+00:00,8320,Jakarta South,5077558,AirNow,37.0
2025-10-31 20:00:00+00:00,8320,Jakarta South,5077558,AirNow,32.0
2025-10-31 21:00:00+00:00,8320,Jakarta South,5077558,AirNow,30.0
2025-10-31 22:00:00+00:00,8320,Jakarta South,5077558,AirNow,26.0
2025-10-31 23:00:00+00:00,8320,Jakarta South,5077558,AirNow,18.0
2025-11-01 00:00:00+00:00,8320,Jakarta South,5077558,AirNow,33.0
2025-11-01 01:00:00+00:00,8320,Jakarta South,5077558,AirNow,35.0
2025-11-01 02:00:00+00:00,8320,Jakarta South,5077558,AirNow,17.0
2025-11-01 03:00:00+00:00,8320,Jakarta South,5077558,AirNow,18.0
2025-11-01 04:00:00+00:00,8320,Jakarta South,5077558,AirNow,19.0
2025-11-01 05:00:00+00:00,8320,Jakarta South,5077558,AirNow,19.0
2025-11-01 06:00:00+00:00,8320,Jakarta South,5077558,AirNow,21.0
2025-11-01 07:00:00+00:00,8320,Jakarta South,5077558,AirNow,23.0
2025-11-01 08:00:00+00:00,8320,Jakarta South,5077558,AirNow,32.0
2025-11-01 09:00:00+00:00,8320,Jakarta South,5077558,AirNow,32.0
2025-11-01 10:00:00+00:00,8320,Jakarta South,5077558,AirNow,22.0
2025-11-01 11:00:00+00:00,8320,Jakarta South,5077558,AirNow,24.0
2025-11-01 12:00:00+00:00,8320,Jakarta South,5077558,AirNow,20.0
2025-11-01 13:00:00+00:00,8320,Jakarta South,5077558,AirNow,12.0
2025-11-01 14:00:00+00:00,8320,Jakarta South,5077558,AirNow,18.0
2025-11-01 15:00:00+00:00,8320,Jakarta South,5077558,AirNow,16.0
2025-11-01 16:00:00+00:00,8320,Jakarta South,5077558,AirNow,27.0
2025-11-01 17:00:00+00:00,8320,Jakarta South,5077558,AirNow,29.0
2025-11-01 18:00:00+00:00,8320,Jakarta South,5077558,AirNow,35.0
2025-11-01 19:00:00+00:00,8320,Jakarta South,5077558,AirNow,35.0
2025-11-01 20:00:00+00:00,8320,Jakarta South,5077558,AirNow,15.0
2025-11-01 21:00:00+00:00,8320,Jakarta South,5077558,AirNow,15.0
2025-11-01 22:00:00+00:00,8320,Jakarta South,5077558,AirNow,17.0
2025-11-01 23:00:00+00:00,8320,Jakarta South,5077558,AirNow,19.0
2025-11-02 00:00:00+00:00,8320,Jakarta South,5077558,AirNow,31.0
2025-11-02 01:00:00+00:00,8320,Jakarta South,5077558,AirNow,27.0
2025-11-02 02:00:00+00:00,8320,Jakarta South,5077558,AirNow,27.0
2025-11-02 03:00:00+00:00,8320,Jakarta South,5077558,AirNow,22.0
2025-11-02 04:00:00+00:00,8320,Jakarta South,5077558,AirNow,21.0
2025-11-02 05:00:00+00:00,8320,Jakarta South,5077558,AirNow,42.0
2025-11-02 06:00:00+00:00,8320,Jakarta South,5077558,AirNow,28.0
2025-11-02 07:00:00+00:00,8320,Jakarta South,5077558,AirNow,22.0
2025-11-02 08:00:00+00:00,8320,Jakarta South,5077558,AirNow,26.0
2025-11-02 09:00:00+00:00,8320,Jakarta South,5077558,AirNow,27.0
2025-11-02 10:00:00+00:00,8320,Jakarta South,5077558,AirNow,17.0
2025-11-02 11:00:00+00:00,8320,Jakarta South,5077558,AirNow,26.0
2025-11-02 12:00:00+00:00,8320,Jakarta South,5077558,AirNow,46.0
2025-11-02 13:00:00+00:00,8320,Jakarta South,5077558,AirNow,17.0
2025-11-02 14:00:00+00:00,8320,Jakarta South,5077558,AirNow,24.0
2025-11-02 15:00:00+00:00,8320,Jakarta South,5077558,AirNow,22.0
2025-11-02 16:00:00+00:00,8320,Jakarta South,5077558,AirNow,28.0
2025-11-02 17:00:00+00:00,8320,Jakarta South,5077558,AirNow,31.0
2025-11-02 18:00:00+00:00,8320,Jakarta South,5077558,AirNow,44.0
2025-11-02 19:00:00+00:00,8320,Jakarta South,5077558,AirNow,37.0
2025-11-02 20:00:00+00:00,8320,Jakarta South,5077558,AirNow,34.0
2025-11-02 21:00:00+00:00,8320,Jakarta South,5077558,AirNow,37.0
2025-11-02 22:00:00+00:00,8320,Jakarta South,5077558,AirNow,43.0
2025-11-02 23:00:00+00:00,8320,Jakarta South,5077558,AirNow,38.0
2025-11-03 00:00:00+00:00,8320,Jakarta South,5077558,AirNow,29.0
2025-11-03 01:00:00+00:00,8320,Jakarta South,5077558,AirNow,31.0
2025-11-03 02:00:00+00:00,8320,Jakarta South,5077558,AirNow,19.0
2025-11-03 03:00:00+00:00,8320,Jakarta South,5077558,AirNow,15.0
2025-11-03 04:00:00+00:00,8320,Jakarta South,5077558,AirNow,15.0
2025-11-03 05:00:00+00:00,8320,Jakarta South,5077558,AirNow,9.0
2025-11-03 06:00:00+00:00,8320,Jakarta South,5077558,AirNow,15.0
2025-11-03 07:00:00+00:00,8320,Jakarta South,5077558,AirNow,15.0
2025-11-03 08:00:00+00:00,8320,Jakarta South,5077558,AirNow,15.0
2025-11-03 09:00:00+00:00,8320,Jakarta South,5077558,AirNow,7.0
2025-11-03 10:00:00+00:00,8320,Jakarta South,5077558,AirNow,17.0
2025-11-03 11:00:00+00:00,8320,Jakarta South,5077558,AirNow,16.0
2025-11-03 12:00:00+00:00,8320,Jakarta South,5077558,AirNow,26.0
2025-11-03 13:00:00+00:00,8320,Jakarta South,5077558,AirNow,28.0
2025-11-03 14:00:00+00:00,8320,Jakarta South,5077558,AirNow,35.0
2025-11-03 15:00:00+00:00,8320,Jakarta South,5077558,AirNow,55.0
2025-11-03 16:00:00+00:00,8320,Jakarta South,5077558,AirNow,54.0
2025-11-03 17:00:00+00:00,8320,Jakarta South,5077558,AirNow,49.0
2025-11-03 18:00:00+00:00,8320,Jakarta South,5077558,AirNow,53.0
2025-11-03 19:00:00+00:00,8320,Jakarta South,5077558,AirNow,105.0
2025-11-03 20:00:00+00:00,8320,Jakarta South,5077558,AirNow,97.0
2025-11-03 21:00:00+00:00,8320,Jakarta South,5077558,AirNow,66.0
2025-11-03 22:00:00+00:00,8320,Jakarta South,5077558,AirNow,54.0
2025-11-03 23:00:00+00:00,8320,Jakarta South,5077558,AirNow,52.0
2025-11-04 00:00:00+00:00,8320,Jakarta South,5077558,AirNow,39.0
2025-11-04 01:00:00+00:00,8320,Jakarta South,5077558,AirNow,33.0
2025-11-04 02:00:00+00:00,8320,Jakarta South,5077558,AirNow,28.0
2025-11-04 03:00:00+00:00,8320,Jakarta South,5077558,AirNow,16.0
2025-11-04 04:00:00+00:00,8320,Jakarta South,5077558,AirNow,18.0
2025-11-04 05:00:00+00:00,8320,Jakarta South,5077558,AirNow,14.0
2025-11-04 06:00:00+00:00,8320,Jakarta South,5077558,AirNow,11.0
2025-11-04 07:00:00+00:00,8320,Jakarta South,5077558,AirNow,11.0
2025-11-04 08:00:00+00:00,8320,Jakarta South,5077558,AirNow,10.0
2025-11-04 09:00:00+00:00,8320,Jakarta South,5077558,AirNow,18.0
2025-11-04 10:00:00+00:00,8320,Jakarta South,5077558,AirNow,19.0
2025-11-04 11:00:00+00:00,8320,Jakarta South,5077558,AirNow,23.0
2025-11-04 12:00:00+00:00,8320,Jakarta South,5077558,AirNow,10.0
2025-11-04 13:00:00+00:00,8320,Jakarta South,5077558,AirNow,19.0
2025-11-04 14:00:00+00:00,8320,Jakarta South,5077558,AirNow,26.0
2025-11-04 15:00:00+00:00,8320,Jakarta South,5077558,AirNow,15.0
2025-11-04 16:00:00+00:00,8320,Jakarta South,5077558,AirNow,14.0
2025-11-04 17:00:00+00:00,8320,Jakarta South,5077558,AirNow,12.0
2025-11-04 18:00:00+00:00,8320,Jakarta South,5077558,AirNow,12.0
2025-11-04 19:00:00+00:00,8320,Jakarta South,5077558,AirNow,17.0
2025-11-04 20:00:00+00:00,8320,Jakarta South,5077558,AirNow,19.0
2025-11-04 21:00:00+00:00,8320,Jakarta South,5077558,AirNow,19.0
2026-03-07 22:00:00+00:00,6144741,STT Satyabhakti ,14739443,AirGradient,2.2
2026-03-07 23:00:00+00:00,6144741,STT Satyabhakti ,14739443,AirGradient,8.7
2026-03-08 00:00:00+00:00,6144741,STT Satyabhakti ,14739443,AirGradient,11.2
2026-03-08 01:00:00+00:00,6144741,STT Satyabhakti ,14739443,AirGradient,20.7
2026-03-08 02:00:00+00:00,6144741,STT Satyabhakti ,14739443,AirGradient,18.1
2026-03-08 03:00:00+00:00,6144741,STT Satyabhakti ,14739443,AirGradient,3.2
2026-03-08 04:00:00+00:00,6144741,STT Satyabhakti ,14739443,AirGradient,0.4
2026-03-08 05:00:00+00:00,6144741,STT Satyabhakti ,14739443,AirGradient,0.9
2026-03-08 06:00:00+00:00,6144741,STT Satyabhakti ,14739443,AirGradient,18.1
2026-03-08 07:00:00+00:00,6144741,STT Satyabhakti ,14739443,AirGradient,10.1
2026-03-08 08:00:00+00:00,6144741,STT Satyabhakti ,14739443,AirGradient,5.2
2026-03-08 09:00:00+00:00,6144741,STT Satyabhakti ,14739443,AirGradient,3.0
2026-03-08 10:00:00+00:00,6144741,STT Satyabhakti ,14739443,AirGradient,0.2
2026-03-08 11:00:00+00:00,6144741,STT Satyabhakti ,14739443,AirGradient,0.4
2026-03-08 12:00:00+00:00,6144741,STT Satyabhakti ,14739443,AirGradient,0.0
2026-03-08 13:00:00+00:00,6144741,STT Satyabhakti ,14739443,AirGradient,0.2
2026-03-08 14:00:00+00:00,6144741,STT Satyabhakti ,14739443,AirGradient,3.7
2026-03-08 15:00:00+00:00,6144741,STT Satyabhakti ,14739443,AirGradient,25.8
2026-03-08 16:00:00+00:00,6144741,STT Satyabhakti ,14739443,AirGradient,29.1
2026-03-08 17:00:00+00:00,6144741,STT Satyabhakti ,14739443,AirGradient,36.5
2026-03-08 18:00:00+00:00,6144741,STT Satyabhakti ,14739443,AirGradient,38.4
2026-03-08 19:00:00+00:00,6144741,STT Satyabhakti ,14739443,AirGradient,50.1
2026-03-08 20:00:00+00:00,6144741,STT Satyabhakti ,14739443,AirGradient,46.0
2026-03-08 21:00:00+00:00,6144741,STT Satyabhakti ,14739443,AirGradient,36.8
2026-03-08 22:00:00+00:00,6144741,STT Satyabhakti ,14739443,AirGradient,39.2
2026-03-08 23:00:00+00:00,6144741,STT Satyabhakti ,14739443,AirGradient,38.8
2026-03-09 00:00:00+00:00,6144741,STT Satyabhakti ,14739443,AirGradient,41.3
2026-03-09 01:00:00+00:00,6144741,STT Satyabhakti ,14739443,AirGradient,35.1
2026-03-09 02:00:00+00:00,6144741,STT Satyabhakti ,14739443,AirGradient,32.2
2026-03-09 03:00:00+00:00,6144741,STT Satyabhakti ,14739443,AirGradient,29.1
2026-03-09 04:00:00+00:00,6144741,STT Satyabhakti ,14739443,AirGradient,27.1
2026-03-09 05:00:00+00:00,6144741,STT Satyabhakti ,14739443,AirGradient,29.1
2026-03-09 06:00:00+00:00,6144741,STT Satyabhakti ,14739443,AirGradient,26.5
2026-03-09 07:00:00+00:00,6144741,STT Satyabhakti ,14739443,AirGradient,29.4
2026-03-09 08:00:00+00:00,6144741,STT Satyabhakti ,14739443,AirGradient,40.6
2026-03-09 09:00:00+00:00,6144741,STT Satyabhakti ,14739443,AirGradient,40.0
2026-03-09 10:00:00+00:00,6144741,STT Satyabhakti ,14739443,AirGradient,11.4
2026-03-09 11:00:00+00:00,6144741,STT Satyabhakti ,14739443,AirGradient,10.6
2026-03-09 12:00:00+00:00,6144741,STT Satyabhakti ,14739443,AirGradient,18.1
2026-03-09 13:00:00+00:00,6144741,STT Satyabhakti ,14739443,AirGradient,32.2
2026-03-09 14:00:00+00:00,6144741,STT Satyabhakti ,14739443,AirGradient,30.7
2026-03-09 15:00:00+00:00,6144741,STT Satyabhakti ,14739443,AirGradient,38.8
2026-03-09 16:00:00+00:00,6144741,STT Satyabhakti ,14739443,AirGradient,37.9
2026-03-09 17:00:00+00:00,6144741,STT Satyabhakti ,14739443,AirGradient,37.1
2026-03-09 18:00:00+00:00,6144741,STT Satyabhakti ,14739443,AirGradient,35.5
2026-03-09 19:00:00+00:00,6144741,STT Satyabhakti ,14739443,AirGradient,34.1
2026-03-09 20:00:00+00:00,6144741,STT Satyabhakti ,14739443,AirGradient,33.2
2026-03-09 21:00:00+00:00,6144741,STT Satyabhakti ,14739443,AirGradient,30.1
2026-03-09 22:00:00+00:00,6144741,STT Satyabhakti ,14739443,AirGradient,27.4
2026-03-09 23:00:00+00:00,6144741,STT Satyabhakti ,14739443,AirGradient,25.2
2026-03-10 00:00:00+00:00,6144741,STT Satyabhakti ,14739443,AirGradient,30.7
2026-03-10 01:00:00+00:00,6144741,STT Satyabhakti ,14739443,AirGradient,25.8
2026-03-10 02:00:00+00:00,6144741,STT Satyabhakti ,14739443,AirGradient,15.6
2026-03-10 03:00:00+00:00,6144741,STT Satyabhakti ,14739443,AirGradient,14.5
2026-03-10 04:00:00+00:00,6144741,STT Satyabhakti ,14739443,AirGradient,14.2
2026-03-10 05:00:00+00:00,6144741,STT Satyabhakti ,14739443,AirGradient,9.8
2026-03-10 06:00:00+00:00,6144741,STT Satyabhakti ,14739443,AirGradient,9.7
2026-03-10 07:00:00+00:00,6144741,STT Satyabhakti ,14739443,AirGradient,11.0
2026-03-10 08:00:00+00:00,6144741,STT Satyabhakti ,14739443,AirGradient,11.4
2026-03-10 09:00:00+00:00,6144741,STT Satyabhakti ,14739443,AirGradient,13.0
2026-03-10 10:00:00+00:00,6144741,STT Satyabhakti ,14739443,AirGradient,15.6
2026-03-10 11:00:00+00:00,6144741,STT Satyabhakti ,14739443,AirGradient,18.3
2026-03-10 12:00:00+00:00,6144741,STT Satyabhakti ,14739443,AirGradient,23.2
2026-03-10 13:00:00+00:00,6144741,STT Satyabhakti ,14739443,AirGradient,26.2
2026-03-10 14:00:00+00:00,6144741,STT Satyabhakti ,14739443,AirGradient,28.1
2026-03-10 15:00:00+00:00,6144741,STT Satyabhakti ,14739443,AirGradient,25.8
2026-03-10 16:00:00+00:00,6144741,STT Satyabhakti ,14739443,AirGradient,18.6
2026-03-10 17:00:00+00:00,6144741,STT Satyabhakti ,14739443,AirGradient,17.6
2026-03-10 18:00:00+00:00,6144741,STT Satyabhakti ,14739443,AirGradient,16.6
2026-03-10 19:00:00+00:00,6144741,STT Satyabhakti ,14739443,AirGradient,18.0
2026-03-10 20:00:00+00:00,6144741,STT Satyabhakti ,14739443,AirGradient,10.2
2026-03-10 21:00:00+00:00,6144741,STT Satyabhakti ,14739443,AirGradient,7.0
2026-03-10 22:00:00+00:00,6144741,STT Satyabhakti ,14739443,AirGradient,9.7
2026-03-10 23:00:00+00:00,6144741,STT Satyabhakti ,14739443,AirGradient,18.5
2026-03-11 00:00:00+00:00,6144741,STT Satyabhakti ,14739443,AirGradient,20.7
2026-03-11 01:00:00+00:00,6144741,STT Satyabhakti ,14739443,AirGradient,5.5
2026-03-11 02:00:00+00:00,6144741,STT Satyabhakti ,14739443,AirGradient,6.8
2026-03-11 03:00:00+00:00,6144741,STT Satyabhakti ,14739443,AirGradient,6.8
2026-03-11 04:00:00+00:00,6144741,STT Satyabhakti ,14739443,AirGradient,5.2
2026-03-11 05:00:00+00:00,6144741,STT Satyabhakti ,14739443,AirGradient,3.8
2026-03-11 06:00:00+00:00,6144741,STT Satyabhakti ,14739443,AirGradient,3.3
2026-03-11 07:00:00+00:00,6144741,STT Satyabhakti ,14739443,AirGradient,6.1
2026-03-11 08:00:00+00:00,6144741,STT Satyabhakti ,14739443,AirGradient,3.7
2026-03-11 09:00:00+00:00,6144741,STT Satyabhakti ,14739443,AirGradient,4.7
2026-03-11 10:00:00+00:00,6144741,STT Satyabhakti ,14739443,AirGradient,5.0
2026-03-11 11:00:00+00:00,6144741,STT Satyabhakti ,14739443,AirGradient,6.6
2026-03-11 12:00:00+00:00,6144741,STT Satyabhakti ,14739443,AirGradient,8.6
2026-03-11 13:00:00+00:00,6144741,STT Satyabhakti ,14739443,AirGradient,16.6
2026-03-11 14:00:00+00:00,6144741,STT Satyabhakti ,14739443,AirGradient,4.4
2026-03-11 15:00:00+00:00,6144741,STT Satyabhakti ,14739443,AirGradient,7.1
2026-03-11 16:00:00+00:00,6144741,STT Satyabhakti ,14739443,AirGradient,7.5
2026-03-11 17:00:00+00:00,6144741,STT Satyabhakti ,14739443,AirGradient,6.7
2026-03-11 18:00:00+00:00,6144741,STT Satyabhakti ,14739443,AirGradient,2.4
2026-03-11 19:00:00+00:00,6144741,STT Satyabhakti ,14739443,AirGradient,0.7
2026-03-11 20:00:00+00:00,6144741,STT Satyabhakti ,14739443,AirGradient,0.7
2026-03-11 21:00:00+00:00,6144741,STT Satyabhakti ,14739443,AirGradient,3.2
2026-03-11 22:00:00+00:00,6144741,STT Satyabhakti ,14739443,AirGradient,12.5
2026-03-11 23:00:00+00:00,6144741,STT Satyabhakti ,14739443,AirGradient,18.0
2026-03-12 00:00:00+00:00,6144741,STT Satyabhakti ,14739443,AirGradient,22.4
2026-03-12 01:00:00+00:00,6144741,STT Satyabhakti ,14739443,AirGradient,10.8
2026-03-12 02:00:00+00:00,6144741,STT Satyabhakti ,14739443,AirGradient,4.0
2026-03-12 03:00:00+00:00,6144741,STT Satyabhakti ,14739443,AirGradient,2.7
2026-03-12 04:00:00+00:00,6144741,STT Satyabhakti ,14739443,AirGradient,0.3
2026-03-12 05:00:00+00:00,6144741,STT Satyabhakti ,14739443,AirGradient,0.6
2026-03-12 06:00:00+00:00,6144741,STT Satyabhakti ,14739443,AirGradient,0.1
2026-03-12 07:00:00+00:00,6144741,STT Satyabhakti ,14739443,AirGradient,0.8
2026-03-12 08:00:00+00:00,6144741,STT Satyabhakti ,14739443,AirGradient,2.6
2026-03-12 09:00:00+00:00,6144741,STT Satyabhakti ,14739443,AirGradient,3.4
2026-03-12 10:00:00+00:00,6144741,STT Satyabhakti ,14739443,AirGradient,4.6
2026-03-12 11:00:00+00:00,6144741,STT Satyabhakti ,14739443,AirGradient,8.3
2026-03-12 12:00:00+00:00,6144741,STT Satyabhakti ,14739443,AirGradient,11.8
2026-03-12 13:00:00+00:00,6144741,STT Satyabhakti ,14739443,AirGradient,21.6
2026-03-12 14:00:00+00:00,6144741,STT Satyabhakti ,14739443,AirGradient,25.9
2026-03-12 15:00:00+00:00,6144741,STT Satyabhakti ,14739443,AirGradient,21.3
2026-03-12 16:00:00+00:00,6144741,STT Satyabhakti ,14739443,AirGradient,23.4
2026-03-12 17:00:00+00:00,6144741,STT Satyabhakti ,14739443,AirGradient,26.0
2026-03-12 18:00:00+00:00,6144741,STT Satyabhakti ,14739443,AirGradient,29.3
2026-03-12 19:00:00+00:00,6144741,STT Satyabhakti ,14739443,AirGradient,30.3
2026-03-12 20:00:00+00:00,6144741,STT Satyabhakti ,14739443,AirGradient,46.9
2026-03-12 21:00:00+00:00,6144741,STT Satyabhakti ,14739443,AirGradient,39.4
2026-03-12 22:00:00+00:00,6144741,STT Satyabhakti ,14739443,AirGradient,33.4
2026-03-12 23:00:00+00:00,6144741,STT Satyabhakti ,14739443,AirGradient,33.5
2026-03-13 00:00:00+00:00,6144741,STT Satyabhakti ,14739443,AirGradient,41.9
2026-03-13 01:00:00+00:00,6144741,STT Satyabhakti ,14739443,AirGradient,20.4
2026-03-13 02:00:00+00:00,6144741,STT Satyabhakti ,14739443,AirGradient,14.8
2026-03-13 03:00:00+00:00,6144741,STT Satyabhakti ,14739443,AirGradient,4.4
2026-03-13 04:00:00+00:00,6144741,STT Satyabhakti ,14739443,AirGradient,4.2
2026-03-13 05:00:00+00:00,6144741,STT Satyabhakti ,14739443,AirGradient,4.7
2026-03-13 06:00:00+00:00,6144741,STT Satyabhakti ,14739443,AirGradient,4.6
2026-03-13 07:00:00+00:00,6144741,STT Satyabhakti ,14739443,AirGradient,6.5
2026-03-13 08:00:00+00:00,6144741,STT Satyabhakti ,14739443,AirGradient,5.5
2026-03-13 09:00:00+00:00,6144741,STT Satyabhakti ,14739443,AirGradient,7.0
2026-03-13 10:00:00+00:00,6144741,STT Satyabhakti ,14739443,AirGradient,16.9
2026-03-13 11:00:00+00:00,6144741,STT Satyabhakti ,14739443,AirGradient,23.3
2026-03-13 12:00:00+00:00,6144741,STT Satyabhakti ,14739443,AirGradient,30.3
2026-03-13 13:00:00+00:00,6144741,STT Satyabhakti ,14739443,AirGradient,28.0
2026-03-13 14:00:00+00:00,6144741,STT Satyabhakti ,14739443,AirGradient,23.1
2026-03-13 15:00:00+00:00,6144741,STT Satyabhakti ,14739443,AirGradient,23.0
2026-03-13 16:00:00+00:00,6144741,STT Satyabhakti ,14739443,AirGradient,16.8
2026-03-13 17:00:00+00:00,6144741,STT Satyabhakti ,14739443,AirGradient,21.9
2026-03-13 18:00:00+00:00,6144741,STT Satyabhakti ,14739443,AirGradient,22.3
2026-03-13 19:00:00+00:00,6144741,STT Satyabhakti ,14739443,AirGradient,16.0
2026-03-13 20:00:00+00:00,6144741,STT Satyabhakti ,14739443,AirGradient,23.4
2026-03-13 21:00:00+00:00,6144741,STT Satyabhakti ,14739443,AirGradient,39.3
2026-03-13 22:00:00+00:00,6144741,STT Satyabhakti ,14739443,AirGradient,37.0
2026-03-13 23:00:00+00:00,6144741,STT Satyabhakti ,14739443,AirGradient,35.4
2026-03-14 00:00:00+00:00,6144741,STT Satyabhakti ,14739443,AirGradient,40.6
2026-03-14 01:00:00+00:00,6144741,STT Satyabhakti ,14739443,AirGradient,35.1
2026-03-14 02:00:00+00:00,6144741,STT Satyabhakti ,14739443,AirGradient,21.1
2026-03-14 03:00:00+00:00,6144741,STT Satyabhakti ,14739443,AirGradient,22.6
2026-03-14 04:00:00+00:00,6144741,STT Satyabhakti ,14739443,AirGradient,22.3
2026-03-14 05:00:00+00:00,6144741,STT Satyabhakti ,14739443,AirGradient,12.4
2026-03-14 06:00:00+00:00,6144741,STT Satyabhakti ,14739443,AirGradient,11.4
2026-03-14 07:00:00+00:00,6144741,STT Satyabhakti ,14739443,AirGradient,19.4
2026-03-14 08:00:00+00:00,6144741,STT Satyabhakti ,14739443,AirGradient,49.2
2026-03-14 09:00:00+00:00,6144741,STT Satyabhakti ,14739443,AirGradient,25.3
2026-03-14 10:00:00+00:00,6144741,STT Satyabhakti ,14739443,AirGradient,22.4
2026-03-14 11:00:00+00:00,6144741,STT Satyabhakti ,14739443,AirGradient,25.6
2026-03-14 12:00:00+00:00,6144741,STT Satyabhakti ,14739443,AirGradient,31.0
2026-03-14 13:00:00+00:00,6144741,STT Satyabhakti ,14739443,AirGradient,50.5
2026-03-14 14:00:00+00:00,6144741,STT Satyabhakti ,14739443,AirGradient,102.0
2026-03-14 15:00:00+00:00,6144741,STT Satyabhakti ,14739443,AirGradient,81.5
2026-03-14 16:00:00+00:00,6144741,STT Satyabhakti ,14739443,AirGradient,64.7
2026-03-14 17:00:00+00:00,6144741,STT Satyabhakti ,14739443,AirGradient,48.3
2026-03-14 18:00:00+00:00,6144741,STT Satyabhakti ,14739443,AirGradient,48.8
2026-03-14 19:00:00+00:00,6144741,STT Satyabhakti ,14739443,AirGradient,49.9
2026-03-14 20:00:00+00:00,6144741,STT Satyabhakti ,14739443,AirGradient,86.0
2026-03-14 21:00:00+00:00,6144741,STT Satyabhakti ,14739443,AirGradient,74.1
2026-03-14 22:00:00+00:00,6144741,STT Satyabhakti ,14739443,AirGradient,62.2
2026-03-14 23:00:00+00:00,6144741,STT Satyabhakti ,14739443,AirGradient,57.7
2026-03-15 00:00:00+00:00,6144741,STT Satyabhakti ,14739443,AirGradient,63.0
2026-03-15 01:00:00+00:00,6144741,STT Satyabhakti ,14739443,AirGradient,59.3
2026-03-15 02:00:00+00:00,6144741,STT Satyabhakti ,14739443,AirGradient,37.1
2026-03-15 03:00:00+00:00,6144741,STT Satyabhakti ,14739443,AirGradient,34.4
2026-03-15 04:00:00+00:00,6144741,STT Satyabhakti ,14739443,AirGradient,32.5
2026-03-15 05:00:00+00:00,6144741,STT Satyabhakti ,14739443,AirGradient,31.8
2026-03-15 06:00:00+00:00,6144741,STT Satyabhakti ,14739443,AirGradient,33.9
2026-03-15 07:00:00+00:00,6144741,STT Satyabhakti ,14739443,AirGradient,36.9
2026-03-15 08:00:00+00:00,6144741,STT Satyabhakti ,14739443,AirGradient,34.3
2026-03-15 09:00:00+00:00,6144741,STT Satyabhakti ,14739443,AirGradient,15.5
2026-03-15 10:00:00+00:00,6144741,STT Satyabhakti ,14739443,AirGradient,9.2
2026-03-15 11:00:00+00:00,6144741,STT Satyabhakti ,14739443,AirGradient,14.6
2026-03-15 12:00:00+00:00,6144741,STT Satyabhakti ,14739443,AirGradient,25.6
2026-03-15 13:00:00+00:00,6144741,STT Satyabhakti ,14739443,AirGradient,25.7
2026-03-15 14:00:00+00:00,6144741,STT Satyabhakti ,14739443,AirGradient,7.7
2026-03-15 15:00:00+00:00,6144741,STT Satyabhakti ,14739443,AirGradient,5.1
2026-03-15 16:00:00+00:00,6144741,STT Satyabhakti ,14739443,AirGradient,4.1
2026-03-15 17:00:00+00:00,6144741,STT Satyabhakti ,14739443,AirGradient,6.3
2026-03-15 18:00:00+00:00,6144741,STT Satyabhakti ,14739443,AirGradient,15.2
2026-03-15 19:00:00+00:00,6144741,STT Satyabhakti ,14739443,AirGradient,28.2
2026-03-15 20:00:00+00:00,6144741,STT Satyabhakti ,14739443,AirGradient,79.0
2026-03-15 21:00:00+00:00,6144741,STT Satyabhakti ,14739443,AirGradient,29.1
2026-03-15 22:00:00+00:00,6144741,STT Satyabhakti ,14739443,AirGradient,23.8
2026-03-15 23:00:00+00:00,6144741,STT Satyabhakti ,14739443,AirGradient,27.2
2026-03-16 00:00:00+00:00,6144741,STT Satyabhakti ,14739443,AirGradient,29.0
2026-03-16 01:00:00+00:00,6144741,STT Satyabhakti ,14739443,AirGradient,17.2
2026-03-16 02:00:00+00:00,6144741,STT Satyabhakti ,14739443,AirGradient,12.5
2026-03-16 03:00:00+00:00,6144741,STT Satyabhakti ,14739443,AirGradient,14.4
2026-03-16 04:00:00+00:00,6144741,STT Satyabhakti ,14739443,AirGradient,7.6
2026-03-16 05:00:00+00:00,6144741,STT Satyabhakti ,14739443,AirGradient,4.3
2026-03-16 06:00:00+00:00,6144741,STT Satyabhakti ,14739443,AirGradient,4.5
2026-03-16 07:00:00+00:00,6144741,STT Satyabhakti ,14739443,AirGradient,24.3
2026-03-16 08:00:00+00:00,6144741,STT Satyabhakti ,14739443,AirGradient,19.2
2026-03-16 09:00:00+00:00,6144741,STT Satyabhakti ,14739443,AirGradient,27.6
2026-03-16 10:00:00+00:00,6144741,STT Satyabhakti ,14739443,AirGradient,13.9
2026-03-16 11:00:00+00:00,6144741,STT Satyabhakti ,14739443,AirGradient,17.1
2026-03-16 12:00:00+00:00,6144741,STT Satyabhakti ,14739443,AirGradient,9.7
2026-03-16 13:00:00+00:00,6144741,STT Satyabhakti ,14739443,AirGradient,15.3
2026-03-16 14:00:00+00:00,6144741,STT Satyabhakti ,14739443,AirGradient,19.1
2026-03-16 15:00:00+00:00,6144741,STT Satyabhakti ,14739443,AirGradient,23.4
2026-03-16 16:00:00+00:00,6144741,STT Satyabhakti ,14739443,AirGradient,13.4
2026-03-16 17:00:00+00:00,6144741,STT Satyabhakti ,14739443,AirGradient,1.5
2026-03-16 18:00:00+00:00,6144741,STT Satyabhakti ,14739443,AirGradient,4.2
2026-03-16 19:00:00+00:00,6144741,STT Satyabhakti ,14739443,AirGradient,75.3
2026-03-16 20:00:00+00:00,6144741,STT Satyabhakti ,14739443,AirGradient,53.3
2026-03-16 21:00:00+00:00,6144741,STT Satyabhakti ,14739443,AirGradient,47.8
2026-03-16 22:00:00+00:00,6144741,STT Satyabhakti ,14739443,AirGradient,30.9
2026-03-16 23:00:00+00:00,6144741,STT Satyabhakti ,14739443,AirGradient,29.9
2026-03-17 00:00:00+00:00,6144741,STT Satyabhakti ,14739443,AirGradient,39.1
2026-03-17 01:00:00+00:00,6144741,STT Satyabhakti ,14739443,AirGradient,26.1
2026-03-17 02:00:00+00:00,6144741,STT Satyabhakti ,14739443,AirGradient,13.6
2026-03-17 03:00:00+00:00,6144741,STT Satyabhakti ,14739443,AirGradient,9.5
2026-03-17 04:00:00+00:00,6144741,STT Satyabhakti ,14739443,AirGradient,4.4
2026-03-17 05:00:00+00:00,6144741,STT Satyabhakti ,14739443,AirGradient,4.9
2026-03-17 06:00:00+00:00,6144741,STT Satyabhakti ,14739443,AirGradient,2.4
2026-03-17 07:00:00+00:00,6144741,STT Satyabhakti ,14739443,AirGradient,2.5
2026-03-17 08:00:00+00:00,6144741,STT Satyabhakti ,14739443,AirGradient,3.3
2026-03-17 09:00:00+00:00,6144741,STT Satyabhakti ,14739443,AirGradient,1.4
2026-03-17 10:00:00+00:00,6144741,STT Satyabhakti ,14739443,AirGradient,3.1
2026-03-17 11:00:00+00:00,6144741,STT Satyabhakti ,14739443,AirGradient,4.6
2026-03-17 12:00:00+00:00,6144741,STT Satyabhakti ,14739443,AirGradient,12.9
2026-03-17 13:00:00+00:00,6144741,STT Satyabhakti ,14739443,AirGradient,21.8
2026-03-17 14:00:00+00:00,6144741,STT Satyabhakti ,14739443,AirGradient,28.0
2026-03-17 15:00:00+00:00,6144741,STT Satyabhakti ,14739443,AirGradient,180.0
2026-03-17 16:00:00+00:00,6144741,STT Satyabhakti ,14739443,AirGradient,202.0
2026-03-17 17:00:00+00:00,6144741,STT Satyabhakti ,14739443,AirGradient,58.0
2026-03-17 18:00:00+00:00,6144741,STT Satyabhakti ,14739443,AirGradient,42.1
2026-03-17 19:00:00+00:00,6144741,STT Satyabhakti ,14739443,AirGradient,54.3
2026-03-17 20:00:00+00:00,6144741,STT Satyabhakti ,14739443,AirGradient,42.3
2026-03-17 21:00:00+00:00,6144741,STT Satyabhakti ,14739443,AirGradient,45.1
2026-03-17 22:00:00+00:00,6144741,STT Satyabhakti ,14739443,AirGradient,17.7
2026-03-17 23:00:00+00:00,6144741,STT Satyabhakti ,14739443,AirGradient,11.6
2026-03-18 00:00:00+00:00,6144741,STT Satyabhakti ,14739443,AirGradient,23.5
2026-03-18 01:00:00+00:00,6144741,STT Satyabhakti ,14739443,AirGradient,32.1
2026-03-18 02:00:00+00:00,6144741,STT Satyabhakti ,14739443,AirGradient,15.6
2026-03-18 03:00:00+00:00,6144741,STT Satyabhakti ,14739443,AirGradient,6.9
2026-03-18 04:00:00+00:00,6144741,STT Satyabhakti ,14739443,AirGradient,8.6
2026-03-18 05:00:00+00:00,6144741,STT Satyabhakti ,14739443,AirGradient,7.6
2026-03-18 06:00:00+00:00,6144741,STT Satyabhakti ,14739443,AirGradient,9.9
2026-03-18 07:00:00+00:00,6144741,STT Satyabhakti ,14739443,AirGradient,7.3
2026-03-18 08:00:00+00:00,6144741,STT Satyabhakti ,14739443,AirGradient,3.5
2026-03-18 09:00:00+00:00,6144741,STT Satyabhakti ,14739443,AirGradient,2.7
2026-03-18 10:00:00+00:00,6144741,STT Satyabhakti ,14739443,AirGradient,19.0
2026-03-18 11:00:00+00:00,6144741,STT Satyabhakti ,14739443,AirGradient,9.2
2026-03-18 12:00:00+00:00,6144741,STT Satyabhakti ,14739443,AirGradient,3.6
2026-03-18 13:00:00+00:00,6144741,STT Satyabhakti ,14739443,AirGradient,6.3
2026-03-18 14:00:00+00:00,6144741,STT Satyabhakti ,14739443,AirGradient,20.9
2026-03-18 15:00:00+00:00,6144741,STT Satyabhakti ,14739443,AirGradient,11.6
2026-03-18 16:00:00+00:00,6144741,STT Satyabhakti ,14739443,AirGradient,28.1
2026-03-18 17:00:00+00:00,6144741,STT Satyabhakti ,14739443,AirGradient,38.2
2026-03-18 18:00:00+00:00,6144741,STT Satyabhakti ,14739443,AirGradient,41.6
2026-03-18 19:00:00+00:00,6144741,STT Satyabhakti ,14739443,AirGradient,40.5
2026-03-18 20:00:00+00:00,6144741,STT Satyabhakti ,14739443,AirGradient,45.8
2026-03-18 21:00:00+00:00,6144741,STT Satyabhakti ,14739443,AirGradient,39.2
2026-03-18 22:00:00+00:00,6144741,STT Satyabhakti ,14739443,AirGradient,16.8
2026-03-18 23:00:00+00:00,6144741,STT Satyabhakti ,14739443,AirGradient,14.3
2026-03-19 00:00:00+00:00,6144741,STT Satyabhakti ,14739443,AirGradient,34.4
2026-03-19 01:00:00+00:00,6144741,STT Satyabhakti ,14739443,AirGradient,37.5
2026-03-19 02:00:00+00:00,6144741,STT Satyabhakti ,14739443,AirGradient,12.3
2026-03-19 03:00:00+00:00,6144741,STT Satyabhakti ,14739443,AirGradient,1.0
2026-03-19 04:00:00+00:00,6144741,STT Satyabhakti ,14739443,AirGradient,1.4
2026-03-19 05:00:00+00:00,6144741,STT Satyabhakti ,14739443,AirGradient,10.8
2026-03-19 06:00:00+00:00,6144741,STT Satyabhakti ,14739443,AirGradient,6.4
2026-03-19 07:00:00+00:00,6144741,STT Satyabhakti ,14739443,AirGradient,2.1
2026-03-19 08:00:00+00:00,6144741,STT Satyabhakti ,14739443,AirGradient,5.6
2026-03-19 09:00:00+00:00,6144741,STT Satyabhakti ,14739443,AirGradient,17.9
2026-03-19 10:00:00+00:00,6144741,STT Satyabhakti ,14739443,AirGradient,21.3
2026-03-19 11:00:00+00:00,6144741,STT Satyabhakti ,14739443,AirGradient,30.1
2026-03-19 12:00:00+00:00,6144741,STT Satyabhakti ,14739443,AirGradient,28.1
2026-03-19 13:00:00+00:00,6144741,STT Satyabhakti ,14739443,AirGradient,13.1
2026-03-19 14:00:00+00:00,6144741,STT Satyabhakti ,14739443,AirGradient,25.3
2026-03-19 15:00:00+00:00,6144741,STT Satyabhakti ,14739443,AirGradient,38.8
2026-03-19 16:00:00+00:00,6144741,STT Satyabhakti ,14739443,AirGradient,39.5
2026-03-19 17:00:00+00:00,6144741,STT Satyabhakti ,14739443,AirGradient,37.5
2026-03-19 18:00:00+00:00,6144741,STT Satyabhakti ,14739443,AirGradient,45.9
2026-03-19 19:00:00+00:00,6144741,STT Satyabhakti ,14739443,AirGradient,43.9
2026-03-19 20:00:00+00:00,6144741,STT Satyabhakti ,14739443,AirGradient,44.2
2026-03-19 21:00:00+00:00,6144741,STT Satyabhakti ,14739443,AirGradient,44.8
2026-03-19 22:00:00+00:00,6144741,STT Satyabhakti ,14739443,AirGradient,34.0
2026-03-19 23:00:00+00:00,6144741,STT Satyabhakti ,14739443,AirGradient,34.6
2026-03-20 00:00:00+00:00,6144741,STT Satyabhakti ,14739443,AirGradient,43.5
2026-03-20 01:00:00+00:00,6144741,STT Satyabhakti ,14739443,AirGradient,39.7
2026-03-20 02:00:00+00:00,6144741,STT Satyabhakti ,14739443,AirGradient,31.1
2026-03-20 03:00:00+00:00,6144741,STT Satyabhakti ,14739443,AirGradient,14.6
2026-03-20 04:00:00+00:00,6144741,STT Satyabhakti ,14739443,AirGradient,7.5
2026-03-20 05:00:00+00:00,6144741,STT Satyabhakti ,14739443,AirGradient,0.1
2026-03-20 06:00:00+00:00,6144741,STT Satyabhakti ,14739443,AirGradient,1.9
2026-03-20 07:00:00+00:00,6144741,STT Satyabhakti ,14739443,AirGradient,0.8
2026-03-20 08:00:00+00:00,6144741,STT Satyabhakti ,14739443,AirGradient,1.7
2026-03-20 09:00:00+00:00,6144741,STT Satyabhakti ,14739443,AirGradient,4.6
2026-03-20 10:00:00+00:00,6144741,STT Satyabhakti ,14739443,AirGradient,6.2
2026-03-20 11:00:00+00:00,6144741,STT Satyabhakti ,14739443,AirGradient,42.2
2026-03-20 12:00:00+00:00,6144741,STT Satyabhakti ,14739443,AirGradient,54.1
2026-03-20 13:00:00+00:00,6144741,STT Satyabhakti ,14739443,AirGradient,70.0
2026-03-20 14:00:00+00:00,6144741,STT Satyabhakti ,14739443,AirGradient,77.2
2026-03-20 15:00:00+00:00,6144741,STT Satyabhakti ,14739443,AirGradient,70.1
2026-03-20 16:00:00+00:00,6144741,STT Satyabhakti ,14739443,AirGradient,90.8
2026-03-20 17:00:00+00:00,6144741,STT Satyabhakti ,14739443,AirGradient,55.1
2026-03-20 18:00:00+00:00,6144741,STT Satyabhakti ,14739443,AirGradient,47.1
2026-03-20 19:00:00+00:00,6144741,STT Satyabhakti ,14739443,AirGradient,38.6
2026-03-20 20:00:00+00:00,6144741,STT Satyabhakti ,14739443,AirGradient,41.2
2026-03-20 21:00:00+00:00,6144741,STT Satyabhakti ,14739443,AirGradient,30.0
2026-03-20 22:00:00+00:00,6144741,STT Satyabhakti ,14739443,AirGradient,24.4
2026-03-20 23:00:00+00:00,6144741,STT Satyabhakti ,14739443,AirGradient,34.1
2026-03-21 00:00:00+00:00,6144741,STT Satyabhakti ,14739443,AirGradient,36.5
2026-03-21 01:00:00+00:00,6144741,STT Satyabhakti ,14739443,AirGradient,29.9
2026-03-21 02:00:00+00:00,6144741,STT Satyabhakti ,14739443,AirGradient,13.2
2026-03-21 03:00:00+00:00,6144741,STT Satyabhakti ,14739443,AirGradient,8.5
2026-03-21 04:00:00+00:00,6144741,STT Satyabhakti ,14739443,AirGradient,0.4
2026-03-21 05:00:00+00:00,6144741,STT Satyabhakti ,14739443,AirGradient,3.1
2026-03-21 06:00:00+00:00,6144741,STT Satyabhakti ,14739443,AirGradient,1.4
2026-03-21 07:00:00+00:00,6144741,STT Satyabhakti ,14739443,AirGradient,4.1
2026-03-21 08:00:00+00:00,6144741,STT Satyabhakti ,14739443,AirGradient,8.2
2026-03-21 09:00:00+00:00,6144741,STT Satyabhakti ,14739443,AirGradient,6.3
2026-03-21 10:00:00+00:00,6144741,STT Satyabhakti ,14739443,AirGradient,4.5
2026-03-21 11:00:00+00:00,6144741,STT Satyabhakti ,14739443,AirGradient,6.8
2026-03-21 12:00:00+00:00,6144741,STT Satyabhakti ,14739443,AirGradient,5.5
2026-03-21 13:00:00+00:00,6144741,STT Satyabhakti ,14739443,AirGradient,4.3
2026-03-21 14:00:00+00:00,6144741,STT Satyabhakti ,14739443,AirGradient,3.2
2026-03-21 15:00:00+00:00,6144741,STT Satyabhakti ,14739443,AirGradient,3.5
2026-03-21 16:00:00+00:00,6144741,STT Satyabhakti ,14739443,AirGradient,3.0
2026-03-21 17:00:00+00:00,6144741,STT Satyabhakti ,14739443,AirGradient,3.6
2026-03-21 18:00:00+00:00,6144741,STT Satyabhakti ,14739443,AirGradient,0.8
2026-03-21 19:00:00+00:00,6144741,STT Satyabhakti ,14739443,AirGradient,0.2
2026-03-21 20:00:00+00:00,6144741,STT Satyabhakti ,14739443,AirGradient,0.0
2026-03-21 21:00:00+00:00,6144741,STT Satyabhakti ,14739443,AirGradient,0.8
2026-03-21 22:00:00+00:00,6144741,STT Satyabhakti ,14739443,AirGradient,4.4
2026-03-21 23:00:00+00:00,6144741,STT Satyabhakti ,14739443,AirGradient,12.3
2026-03-22 00:00:00+00:00,6144741,STT Satyabhakti ,14739443,AirGradient,13.2
2026-03-22 01:00:00+00:00,6144741,STT Satyabhakti ,14739443,AirGradient,19.0
2026-03-22 02:00:00+00:00,6144741,STT Satyabhakti ,14739443,AirGradient,22.6
2026-03-22 03:00:00+00:00,6144741,STT Satyabhakti ,14739443,AirGradient,10.0
2026-03-22 04:00:00+00:00,6144741,STT Satyabhakti ,14739443,AirGradient,7.1
2026-03-22 05:00:00+00:00,6144741,STT Satyabhakti ,14739443,AirGradient,9.7
2026-03-22 06:00:00+00:00,6144741,STT Satyabhakti ,14739443,AirGradient,10.4
2026-03-22 07:00:00+00:00,6144741,STT Satyabhakti ,14739443,AirGradient,5.5
2026-03-22 08:00:00+00:00,6144741,STT Satyabhakti ,14739443,AirGradient,2.9
2026-03-22 09:00:00+00:00,6144741,STT Satyabhakti ,14739443,AirGradient,1.1
2026-03-22 10:00:00+00:00,6144741,STT Satyabhakti ,14739443,AirGradient,5.2
2026-03-22 11:00:00+00:00,6144741,STT Satyabhakti ,14739443,AirGradient,6.4
2026-03-22 12:00:00+00:00,6144741,STT Satyabhakti ,14739443,AirGradient,9.7
2026-03-22 13:00:00+00:00,6144741,STT Satyabhakti ,14739443,AirGradient,5.7
2026-03-22 14:00:00+00:00,6144741,STT Satyabhakti ,14739443,AirGradient,4.5
2026-03-22 15:00:00+00:00,6144741,STT Satyabhakti ,14739443,AirGradient,13.8
2026-03-22 16:00:00+00:00,6144741,STT Satyabhakti ,14739443,AirGradient,33.2
2026-03-22 17:00:00+00:00,6144741,STT Satyabhakti ,14739443,AirGradient,31.3
2026-03-22 18:00:00+00:00,6144741,STT Satyabhakti ,14739443,AirGradient,29.0
2026-03-22 19:00:00+00:00,6144741,STT Satyabhakti ,14739443,AirGradient,27.9
2026-03-22 20:00:00+00:00,6144741,STT Satyabhakti ,14739443,AirGradient,23.3
2026-03-22 21:00:00+00:00,6144741,STT Satyabhakti ,14739443,AirGradient,13.8
2026-03-22 22:00:00+00:00,6144741,STT Satyabhakti ,14739443,AirGradient,19.1
2026-03-22 23:00:00+00:00,6144741,STT Satyabhakti ,14739443,AirGradient,19.5
2026-03-23 00:00:00+00:00,6144741,STT Satyabhakti ,14739443,AirGradient,30.3
2026-03-23 01:00:00+00:00,6144741,STT Satyabhakti ,14739443,AirGradient,23.3
2026-03-23 02:00:00+00:00,6144741,STT Satyabhakti ,14739443,AirGradient,9.6
2026-03-23 03:00:00+00:00,6144741,STT Satyabhakti ,14739443,AirGradient,4.7
2026-03-23 04:00:00+00:00,6144741,STT Satyabhakti ,14739443,AirGradient,8.9
2026-03-23 05:00:00+00:00,6144741,STT Satyabhakti ,14739443,AirGradient,2.2
2026-03-23 06:00:00+00:00,6144741,STT Satyabhakti ,14739443,AirGradient,1.9
2026-03-23 07:00:00+00:00,6144741,STT Satyabhakti ,14739443,AirGradient,1.7
2026-03-23 08:00:00+00:00,6144741,STT Satyabhakti ,14739443,AirGradient,4.2
2026-03-23 09:00:00+00:00,6144741,STT Satyabhakti ,14739443,AirGradient,0.9
2026-03-23 10:00:00+00:00,6144741,STT Satyabhakti ,14739443,AirGradient,3.1
2026-03-23 11:00:00+00:00,6144741,STT Satyabhakti ,14739443,AirGradient,6.6
2026-03-23 12:00:00+00:00,6144741,STT Satyabhakti ,14739443,AirGradient,6.9
2026-03-23 13:00:00+00:00,6144741,STT Satyabhakti ,14739443,AirGradient,19.3
2026-03-23 14:00:00+00:00,6144741,STT Satyabhakti ,14739443,AirGradient,22.9
2026-03-23 15:00:00+00:00,6144741,STT Satyabhakti ,14739443,AirGradient,21.7
2026-03-23 16:00:00+00:00,6144741,STT Satyabhakti ,14739443,AirGradient,19.4
2026-03-23 17:00:00+00:00,6144741,STT Satyabhakti ,14739443,AirGradient,35.8
2026-03-23 18:00:00+00:00,6144741,STT Satyabhakti ,14739443,AirGradient,38.2
2026-03-23 19:00:00+00:00,6144741,STT Satyabhakti ,14739443,AirGradient,33.8
2026-03-23 20:00:00+00:00,6144741,STT Satyabhakti ,14739443,AirGradient,34.8
2026-03-23 21:00:00+00:00,6144741,STT Satyabhakti ,14739443,AirGradient,25.9
2026-03-23 22:00:00+00:00,6144741,STT Satyabhakti ,14739443,AirGradient,24.5
2026-03-23 23:00:00+00:00,6144741,STT Satyabhakti ,14739443,AirGradient,17.9
2026-03-24 00:00:00+00:00,6144741,STT Satyabhakti ,14739443,AirGradient,22.2
2026-03-24 01:00:00+00:00,6144741,STT Satyabhakti ,14739443,AirGradient,28.3
2026-03-24 02:00:00+00:00,6144741,STT Satyabhakti ,14739443,AirGradient,22.4
2026-03-24 03:00:00+00:00,6144741,STT Satyabhakti ,14739443,AirGradient,24.9
2026-03-24 04:00:00+00:00,6144741,STT Satyabhakti ,14739443,AirGradient,26.9
2026-03-24 05:00:00+00:00,6144741,STT Satyabhakti ,14739443,AirGradient,31.6
2026-03-24 06:00:00+00:00,6144741,STT Satyabhakti ,14739443,AirGradient,32.4
2026-03-24 07:00:00+00:00,6144741,STT Satyabhakti ,14739443,AirGradient,24.9
2026-03-24 08:00:00+00:00,6144741,STT Satyabhakti ,14739443,AirGradient,28.4
2026-03-24 09:00:00+00:00,6144741,STT Satyabhakti ,14739443,AirGradient,15.1
2026-03-24 10:00:00+00:00,6144741,STT Satyabhakti ,14739443,AirGradient,13.8
2026-03-24 11:00:00+00:00,6144741,STT Satyabhakti ,14739443,AirGradient,6.6
2026-03-24 12:00:00+00:00,6144741,STT Satyabhakti ,14739443,AirGradient,14.7
2026-03-24 13:00:00+00:00,6144741,STT Satyabhakti ,14739443,AirGradient,13.0
2026-03-24 14:00:00+00:00,6144741,STT Satyabhakti ,14739443,AirGradient,18.5
2026-03-24 15:00:00+00:00,6144741,STT Satyabhakti ,14739443,AirGradient,19.4
2026-03-24 16:00:00+00:00,6144741,STT Satyabhakti ,14739443,AirGradient,16.9
2026-03-24 17:00:00+00:00,6144741,STT Satyabhakti ,14739443,AirGradient,12.7
2026-03-24 18:00:00+00:00,6144741,STT Satyabhakti ,14739443,AirGradient,23.2
2026-03-24 19:00:00+00:00,6144741,STT Satyabhakti ,14739443,AirGradient,14.6
2026-03-24 20:00:00+00:00,6144741,STT Satyabhakti ,14739443,AirGradient,7.2
2026-03-24 21:00:00+00:00,6144741,STT Satyabhakti ,14739443,AirGradient,5.0
2026-03-24 22:00:00+00:00,6144741,STT Satyabhakti ,14739443,AirGradient,8.0
2026-03-24 23:00:00+00:00,6144741,STT Satyabhakti ,14739443,AirGradient,18.9
2026-03-25 00:00:00+00:00,6144741,STT Satyabhakti ,14739443,AirGradient,27.3
2026-03-25 01:00:00+00:00,6144741,STT Satyabhakti ,14739443,AirGradient,33.3
2026-03-25 02:00:00+00:00,6144741,STT Satyabhakti ,14739443,AirGradient,21.2
2026-03-25 03:00:00+00:00,6144741,STT Satyabhakti ,14739443,AirGradient,21.7
2026-03-25 04:00:00+00:00,6144741,STT Satyabhakti ,14739443,AirGradient,24.2
2026-03-25 05:00:00+00:00,6144741,STT Satyabhakti ,14739443,AirGradient,22.7
2026-03-25 06:00:00+00:00,6144741,STT Satyabhakti ,14739443,AirGradient,33.6
2026-03-25 07:00:00+00:00,6144741,STT Satyabhakti ,14739443,AirGradient,34.1
2026-03-25 08:00:00+00:00,6144741,STT Satyabhakti ,14739443,AirGradient,32.2
2026-03-25 09:00:00+00:00,6144741,STT Satyabhakti ,14739443,AirGradient,22.5
2026-03-25 10:00:00+00:00,6144741,STT Satyabhakti ,14739443,AirGradient,28.7
2026-03-25 11:00:00+00:00,6144741,STT Satyabhakti ,14739443,AirGradient,35.4
2026-03-25 12:00:00+00:00,6144741,STT Satyabhakti ,14739443,AirGradient,34.3
2026-03-25 13:00:00+00:00,6144741,STT Satyabhakti ,14739443,AirGradient,29.5
2026-03-25 14:00:00+00:00,6144741,STT Satyabhakti ,14739443,AirGradient,28.4
2026-03-25 15:00:00+00:00,6144741,STT Satyabhakti ,14739443,AirGradient,27.0
2026-03-25 16:00:00+00:00,6144741,STT Satyabhakti ,14739443,AirGradient,20.5
2026-03-25 17:00:00+00:00,6144741,STT Satyabhakti ,14739443,AirGradient,16.8
2026-03-25 18:00:00+00:00,6144741,STT Satyabhakti ,14739443,AirGradient,23.9
2026-03-25 19:00:00+00:00,6144741,STT Satyabhakti ,14739443,AirGradient,11.4
2026-03-25 20:00:00+00:00,6144741,STT Satyabhakti ,14739443,AirGradient,24.2
2026-03-25 21:00:00+00:00,6144741,STT Satyabhakti ,14739443,AirGradient,33.3
2026-03-25 22:00:00+00:00,6144741,STT Satyabhakti ,14739443,AirGradient,29.9
2026-03-25 23:00:00+00:00,6144741,STT Satyabhakti ,14739443,AirGradient,27.5
2026-03-26 00:00:00+00:00,6144741,STT Satyabhakti ,14739443,AirGradient,33.4
2026-03-26 01:00:00+00:00,6144741,STT Satyabhakti ,14739443,AirGradient,28.8
2026-03-26 02:00:00+00:00,6144741,STT Satyabhakti ,14739443,AirGradient,31.0
2026-03-26 03:00:00+00:00,6144741,STT Satyabhakti ,14739443,AirGradient,33.0
2026-03-26 04:00:00+00:00,6144741,STT Satyabhakti ,14739443,AirGradient,30.4
2026-03-26 05:00:00+00:00,6144741,STT Satyabhakti ,14739443,AirGradient,32.1
2026-03-26 06:00:00+00:00,6144741,STT Satyabhakti ,14739443,AirGradient,37.3
2026-03-26 07:00:00+00:00,6144741,STT Satyabhakti ,14739443,AirGradient,40.1
2026-03-26 08:00:00+00:00,6144741,STT Satyabhakti ,14739443,AirGradient,37.6
2026-03-26 09:00:00+00:00,6144741,STT Satyabhakti ,14739443,AirGradient,41.3
2026-03-26 10:00:00+00:00,6144741,STT Satyabhakti ,14739443,AirGradient,34.2
2026-03-26 11:00:00+00:00,6144741,STT Satyabhakti ,14739443,AirGradient,31.0
2026-03-26 12:00:00+00:00,6144741,STT Satyabhakti ,14739443,AirGradient,29.3
2026-03-26 13:00:00+00:00,6144741,STT Satyabhakti ,14739443,AirGradient,25.7
2026-03-26 14:00:00+00:00,6144741,STT Satyabhakti ,14739443,AirGradient,23.7
2026-03-26 15:00:00+00:00,6144741,STT Satyabhakti ,14739443,AirGradient,32.3
2026-03-26 16:00:00+00:00,6144741,STT Satyabhakti ,14739443,AirGradient,38.2
2026-03-26 17:00:00+00:00,6144741,STT Satyabhakti ,14739443,AirGradient,48.7
2026-03-26 18:00:00+00:00,6144741,STT Satyabhakti ,14739443,AirGradient,24.9
2026-03-26 19:00:00+00:00,6144741,STT Satyabhakti ,14739443,AirGradient,16.7
2026-03-26 20:00:00+00:00,6144741,STT Satyabhakti ,14739443,AirGradient,23.3
2026-03-26 21:00:00+00:00,6144741,STT Satyabhakti ,14739443,AirGradient,25.7
2026-03-26 22:00:00+00:00,6144741,STT Satyabhakti ,14739443,AirGradient,31.0
2026-03-26 23:00:00+00:00,6144741,STT Satyabhakti ,14739443,AirGradient,30.1
2026-03-27 00:00:00+00:00,6144741,STT Satyabhakti ,14739443,AirGradient,25.5
2026-03-27 01:00:00+00:00,6144741,STT Satyabhakti ,14739443,AirGradient,27.4
2026-03-27 02:00:00+00:00,6144741,STT Satyabhakti ,14739443,AirGradient,32.2
2026-03-27 03:00:00+00:00,6144741,STT Satyabhakti ,14739443,AirGradient,28.0
2026-03-27 04:00:00+00:00,6144741,STT Satyabhakti ,14739443,AirGradient,40.8
2026-03-27 05:00:00+00:00,6144741,STT Satyabhakti ,14739443,AirGradient,41.4
2026-03-27 06:00:00+00:00,6144741,STT Satyabhakti ,14739443,AirGradient,47.5
2026-03-27 07:00:00+00:00,6144741,STT Satyabhakti ,14739443,AirGradient,47.0
2026-03-27 08:00:00+00:00,6144741,STT Satyabhakti ,14739443,AirGradient,45.0
2026-03-27 09:00:00+00:00,6144741,STT Satyabhakti ,14739443,AirGradient,50.5
2026-03-27 10:00:00+00:00,6144741,STT Satyabhakti ,14739443,AirGradient,31.1
2026-03-27 11:00:00+00:00,6144741,STT Satyabhakti ,14739443,AirGradient,32.9
2026-03-27 12:00:00+00:00,6144741,STT Satyabhakti ,14739443,AirGradient,44.0
2026-03-27 13:00:00+00:00,6144741,STT Satyabhakti ,14739443,AirGradient,39.4
2026-03-27 14:00:00+00:00,6144741,STT Satyabhakti ,14739443,AirGradient,40.4
2026-03-27 15:00:00+00:00,6144741,STT Satyabhakti ,14739443,AirGradient,41.2
2026-03-27 16:00:00+00:00,6144741,STT Satyabhakti ,14739443,AirGradient,46.4
2026-03-27 17:00:00+00:00,6144741,STT Satyabhakti ,14739443,AirGradient,41.7
2026-03-27 18:00:00+00:00,6144741,STT Satyabhakti ,14739443,AirGradient,41.0
2026-03-27 19:00:00+00:00,6144741,STT Satyabhakti ,14739443,AirGradient,57.2
2026-03-27 20:00:00+00:00,6144741,STT Satyabhakti ,14739443,AirGradient,73.1
2026-03-27 21:00:00+00:00,6144741,STT Satyabhakti ,14739443,AirGradient,59.4
2026-03-27 22:00:00+00:00,6144741,STT Satyabhakti ,14739443,AirGradient,43.2
2026-03-27 23:00:00+00:00,6144741,STT Satyabhakti ,14739443,AirGradient,40.4
2026-03-28 00:00:00+00:00,6144741,STT Satyabhakti ,14739443,AirGradient,44.5
2026-03-28 01:00:00+00:00,6144741,STT Satyabhakti ,14739443,AirGradient,50.5
2026-03-28 02:00:00+00:00,6144741,STT Satyabhakti ,14739443,AirGradient,46.6
2026-03-28 03:00:00+00:00,6144741,STT Satyabhakti ,14739443,AirGradient,39.5
2026-03-28 04:00:00+00:00,6144741,STT Satyabhakti ,14739443,AirGradient,38.9
2026-03-28 05:00:00+00:00,6144741,STT Satyabhakti ,14739443,AirGradient,33.5
2026-03-28 06:00:00+00:00,6144741,STT Satyabhakti ,14739443,AirGradient,32.4
2026-03-28 07:00:00+00:00,6144741,STT Satyabhakti ,14739443,AirGradient,33.1
2026-03-28 08:00:00+00:00,6144741,STT Satyabhakti ,14739443,AirGradient,31.6
2026-03-28 09:00:00+00:00,6144741,STT Satyabhakti ,14739443,AirGradient,36.9
2026-03-28 10:00:00+00:00,6144741,STT Satyabhakti ,14739443,AirGradient,40.8
2026-03-28 11:00:00+00:00,6144741,STT Satyabhakti ,14739443,AirGradient,47.6
2026-03-28 12:00:00+00:00,6144741,STT Satyabhakti ,14739443,AirGradient,57.0
2026-03-28 13:00:00+00:00,6144741,STT Satyabhakti ,14739443,AirGradient,53.1
2026-03-28 14:00:00+00:00,6144741,STT Satyabhakti ,14739443,AirGradient,56.5
2026-03-28 15:00:00+00:00,6144741,STT Satyabhakti ,14739443,AirGradient,51.5
2026-03-28 16:00:00+00:00,6144741,STT Satyabhakti ,14739443,AirGradient,49.3
2026-03-28 17:00:00+00:00,6144741,STT Satyabhakti ,14739443,AirGradient,50.9
2026-03-28 18:00:00+00:00,6144741,STT Satyabhakti ,14739443,AirGradient,51.2
2026-03-28 19:00:00+00:00,6144741,STT Satyabhakti ,14739443,AirGradient,52.3
2026-03-28 20:00:00+00:00,6144741,STT Satyabhakti ,14739443,AirGradient,51.0
2026-03-28 21:00:00+00:00,6144741,STT Satyabhakti ,14739443,AirGradient,49.8
2026-03-28 22:00:00+00:00,6144741,STT Satyabhakti ,14739443,AirGradient,93.6
2026-03-28 23:00:00+00:00,6144741,STT Satyabhakti ,14739443,AirGradient,89.1
2026-03-29 00:00:00+00:00,6144741,STT Satyabhakti ,14739443,AirGradient,52.7
2026-03-29 01:00:00+00:00,6144741,STT Satyabhakti ,14739443,AirGradient,53.1
2026-03-29 02:00:00+00:00,6144741,STT Satyabhakti ,14739443,AirGradient,32.7
2026-03-29 03:00:00+00:00,6144741,STT Satyabhakti ,14739443,AirGradient,29.0
2026-03-29 04:00:00+00:00,6144741,STT Satyabhakti ,14739443,AirGradient,31.8
2026-03-29 05:00:00+00:00,6144741,STT Satyabhakti ,14739443,AirGradient,32.0
2026-03-29 06:00:00+00:00,6144741,STT Satyabhakti ,14739443,AirGradient,41.6
2026-03-29 07:00:00+00:00,6144741,STT Satyabhakti ,14739443,AirGradient,38.7
2026-03-29 08:00:00+00:00,6144741,STT Satyabhakti ,14739443,AirGradient,38.0
2026-03-29 09:00:00+00:00,6144741,STT Satyabhakti ,14739443,AirGradient,41.7
2026-03-29 10:00:00+00:00,6144741,STT Satyabhakti ,14739443,AirGradient,41.5
2026-03-29 11:00:00+00:00,6144741,STT Satyabhakti ,14739443,AirGradient,41.0
2026-03-29 12:00:00+00:00,6144741,STT Satyabhakti ,14739443,AirGradient,46.5
2026-03-29 13:00:00+00:00,6144741,STT Satyabhakti ,14739443,AirGradient,48.6
2026-03-29 14:00:00+00:00,6144741,STT Satyabhakti ,14739443,AirGradient,45.9
2026-03-29 15:00:00+00:00,6144741,STT Satyabhakti ,14739443,AirGradient,42.6
2026-03-29 16:00:00+00:00,6144741,STT Satyabhakti ,14739443,AirGradient,42.7
2026-03-29 17:00:00+00:00,6144741,STT Satyabhakti ,14739443,AirGradient,63.8
2026-03-29 18:00:00+00:00,6144741,STT Satyabhakti ,14739443,AirGradient,57.5
2026-03-29 19:00:00+00:00,6144741,STT Satyabhakti ,14739443,AirGradient,46.8
2026-03-29 20:00:00+00:00,6144741,STT Satyabhakti ,14739443,AirGradient,59.7
2026-03-29 21:00:00+00:00,6144741,STT Satyabhakti ,14739443,AirGradient,38.5
2026-03-29 22:00:00+00:00,6144741,STT Satyabhakti ,14739443,AirGradient,28.1
2026-03-29 23:00:00+00:00,6144741,STT Satyabhakti ,14739443,AirGradient,27.9
2026-03-30 00:00:00+00:00,6144741,STT Satyabhakti ,14739443,AirGradient,35.3
2026-03-30 01:00:00+00:00,6144741,STT Satyabhakti ,14739443,AirGradient,34.4
2026-03-30 02:00:00+00:00,6144741,STT Satyabhakti ,14739443,AirGradient,43.6
2026-03-30 03:00:00+00:00,6144741,STT Satyabhakti ,14739443,AirGradient,29.3
2026-03-30 04:00:00+00:00,6144741,STT Satyabhakti ,14739443,AirGradient,28.6
2026-03-30 05:00:00+00:00,6144741,STT Satyabhakti ,14739443,AirGradient,35.9
2026-03-30 06:00:00+00:00,6144741,STT Satyabhakti ,14739443,AirGradient,30.3
2026-03-30 07:00:00+00:00,6144741,STT Satyabhakti ,14739443,AirGradient,25.3
2026-03-30 08:00:00+00:00,6144741,STT Satyabhakti ,14739443,AirGradient,26.5
2026-03-30 09:00:00+00:00,6144741,STT Satyabhakti ,14739443,AirGradient,26.1
2026-03-30 10:00:00+00:00,6144741,STT Satyabhakti ,14739443,AirGradient,44.4
2026-03-30 11:00:00+00:00,6144741,STT Satyabhakti ,14739443,AirGradient,37.1
2026-03-30 12:00:00+00:00,6144741,STT Satyabhakti ,14739443,AirGradient,40.2
2026-03-30 13:00:00+00:00,6144741,STT Satyabhakti ,14739443,AirGradient,38.8
2026-03-30 14:00:00+00:00,6144741,STT Satyabhakti ,14739443,AirGradient,46.9
2026-03-30 15:00:00+00:00,6144741,STT Satyabhakti ,14739443,AirGradient,49.8
2026-03-30 16:00:00+00:00,6144741,STT Satyabhakti ,14739443,AirGradient,44.7
2026-03-30 17:00:00+00:00,6144741,STT Satyabhakti ,14739443,AirGradient,34.3
2026-03-30 18:00:00+00:00,6144741,STT Satyabhakti ,14739443,AirGradient,56.0
2026-03-30 19:00:00+00:00,6144741,STT Satyabhakti ,14739443,AirGradient,43.6
2026-03-30 20:00:00+00:00,6144741,STT Satyabhakti ,14739443,AirGradient,51.4
2026-03-30 21:00:00+00:00,6144741,STT Satyabhakti ,14739443,AirGradient,36.3
2026-03-30 22:00:00+00:00,6144741,STT Satyabhakti ,14739443,AirGradient,42.3
2026-03-30 23:00:00+00:00,6144741,STT Satyabhakti ,14739443,AirGradient,48.1
2026-03-31 00:00:00+00:00,6144741,STT Satyabhakti ,14739443,AirGradient,67.9
2026-03-31 01:00:00+00:00,6144741,STT Satyabhakti ,14739443,AirGradient,46.1
2026-03-31 02:00:00+00:00,6144741,STT Satyabhakti ,14739443,AirGradient,37.7
2026-03-31 03:00:00+00:00,6144741,STT Satyabhakti ,14739443,AirGradient,31.1
2026-03-31 04:00:00+00:00,6144741,STT Satyabhakti ,14739443,AirGradient,24.9
2026-03-31 05:00:00+00:00,6144741,STT Satyabhakti ,14739443,AirGradient,24.1
2026-03-31 06:00:00+00:00,6144741,STT Satyabhakti ,14739443,AirGradient,24.8
2026-03-31 07:00:00+00:00,6144741,STT Satyabhakti ,14739443,AirGradient,18.9
2026-03-31 08:00:00+00:00,6144741,STT Satyabhakti ,14739443,AirGradient,22.7
2026-03-31 09:00:00+00:00,6144741,STT Satyabhakti ,14739443,AirGradient,25.1
2026-03-31 10:00:00+00:00,6144741,STT Satyabhakti ,14739443,AirGradient,35.7
2026-03-31 11:00:00+00:00,6144741,STT Satyabhakti ,14739443,AirGradient,34.4
2026-03-31 12:00:00+00:00,6144741,STT Satyabhakti ,14739443,AirGradient,47.0
2026-03-31 13:00:00+00:00,6144741,STT Satyabhakti ,14739443,AirGradient,44.9
2026-03-31 14:00:00+00:00,6144741,STT Satyabhakti ,14739443,AirGradient,48.9
2026-03-31 15:00:00+00:00,6144741,STT Satyabhakti ,14739443,AirGradient,54.9
2026-03-31 16:00:00+00:00,6144741,STT Satyabhakti ,14739443,AirGradient,49.3
2026-03-31 17:00:00+00:00,6144741,STT Satyabhakti ,14739443,AirGradient,51.4
2026-03-31 18:00:00+00:00,6144741,STT Satyabhakti ,14739443,AirGradient,54.9
2026-03-31 19:00:00+00:00,6144741,STT Satyabhakti ,14739443,AirGradient,47.3
2026-03-31 20:00:00+00:00,6144741,STT Satyabhakti ,14739443,AirGradient,42.7
2026-03-31 21:00:00+00:00,6144741,STT Satyabhakti ,14739443,AirGradient,47.6
2026-03-31 22:00:00+00:00,6144741,STT Satyabhakti ,14739443,AirGradient,46.9
2026-03-31 23:00:00+00:00,6144741,STT Satyabhakti ,14739443,AirGradient,47.4
2026-04-01 00:00:00+00:00,6144741,STT Satyabhakti ,14739443,AirGradient,47.5
2026-04-01 01:00:00+00:00,6144741,STT Satyabhakti ,14739443,AirGradient,44.6
2026-04-01 02:00:00+00:00,6144741,STT Satyabhakti ,14739443,AirGradient,34.2
2026-04-01 03:00:00+00:00,6144741,STT Satyabhakti ,14739443,AirGradient,29.2
2026-04-01 04:00:00+00:00,6144741,STT Satyabhakti ,14739443,AirGradient,18.0
2026-04-01 05:00:00+00:00,6144741,STT Satyabhakti ,14739443,AirGradient,21.3
2026-04-01 06:00:00+00:00,6144741,STT Satyabhakti ,14739443,AirGradient,31.7
2026-04-01 07:00:00+00:00,6144741,STT Satyabhakti ,14739443,AirGradient,34.0
2026-04-01 08:00:00+00:00,6144741,STT Satyabhakti ,14739443,AirGradient,31.6
2026-04-01 09:00:00+00:00,6144741,STT Satyabhakti ,14739443,AirGradient,33.3
2026-04-01 10:00:00+00:00,6144741,STT Satyabhakti ,14739443,AirGradient,34.7
2026-04-01 11:00:00+00:00,6144741,STT Satyabhakti ,14739443,AirGradient,28.0
2026-04-01 12:00:00+00:00,6144741,STT Satyabhakti ,14739443,AirGradient,34.0
2026-04-01 13:00:00+00:00,6144741,STT Satyabhakti ,14739443,AirGradient,35.1
2026-04-01 14:00:00+00:00,6144741,STT Satyabhakti ,14739443,AirGradient,25.5
2026-04-01 15:00:00+00:00,6144741,STT Satyabhakti ,14739443,AirGradient,23.9
2026-04-01 16:00:00+00:00,6144741,STT Satyabhakti ,14739443,AirGradient,24.2
2026-04-01 17:00:00+00:00,6144741,STT Satyabhakti ,14739443,AirGradient,14.4
2026-04-01 18:00:00+00:00,6144741,STT Satyabhakti ,14739443,AirGradient,20.3
2026-04-01 19:00:00+00:00,6144741,STT Satyabhakti ,14739443,AirGradient,13.4
2026-04-01 20:00:00+00:00,6144741,STT Satyabhakti ,14739443,AirGradient,20.7
2026-04-01 21:00:00+00:00,6144741,STT Satyabhakti ,14739443,AirGradient,33.0
2026-04-01 22:00:00+00:00,6144741,STT Satyabhakti ,14739443,AirGradient,27.8
2026-04-01 23:00:00+00:00,6144741,STT Satyabhakti ,14739443,AirGradient,33.4
2026-04-02 00:00:00+00:00,6144741,STT Satyabhakti ,14739443,AirGradient,39.5
2026-04-02 01:00:00+00:00,6144741,STT Satyabhakti ,14739443,AirGradient,49.8
2026-04-02 02:00:00+00:00,6144741,STT Satyabhakti ,14739443,AirGradient,45.4
2026-04-02 03:00:00+00:00,6144741,STT Satyabhakti ,14739443,AirGradient,43.3
2026-04-02 04:00:00+00:00,6144741,STT Satyabhakti ,14739443,AirGradient,46.1
2026-04-02 05:00:00+00:00,6144741,STT Satyabhakti ,14739443,AirGradient,43.7
2026-04-02 06:00:00+00:00,6144741,STT Satyabhakti ,14739443,AirGradient,44.1
2026-04-02 07:00:00+00:00,6144741,STT Satyabhakti ,14739443,AirGradient,42.5
2026-04-02 08:00:00+00:00,6144741,STT Satyabhakti ,14739443,AirGradient,43.8
2026-04-02 09:00:00+00:00,6144741,STT Satyabhakti ,14739443,AirGradient,50.3
2026-04-02 10:00:00+00:00,6144741,STT Satyabhakti ,14739443,AirGradient,52.3
2026-04-02 11:00:00+00:00,6144741,STT Satyabhakti ,14739443,AirGradient,47.0
2026-04-02 12:00:00+00:00,6144741,STT Satyabhakti ,14739443,AirGradient,57.0
2026-04-02 13:00:00+00:00,6144741,STT Satyabhakti ,14739443,AirGradient,59.3
2026-04-02 14:00:00+00:00,6144741,STT Satyabhakti ,14739443,AirGradient,77.7
2026-04-02 15:00:00+00:00,6144741,STT Satyabhakti ,14739443,AirGradient,64.0
2026-04-02 16:00:00+00:00,6144741,STT Satyabhakti ,14739443,AirGradient,64.4
2026-04-02 17:00:00+00:00,6144741,STT Satyabhakti ,14739443,AirGradient,58.6
2026-04-02 18:00:00+00:00,6144741,STT Satyabhakti ,14739443,AirGradient,54.6
2026-04-02 19:00:00+00:00,6144741,STT Satyabhakti ,14739443,AirGradient,104.0
2026-04-02 20:00:00+00:00,6144741,STT Satyabhakti ,14739443,AirGradient,80.4
2026-04-02 21:00:00+00:00,6144741,STT Satyabhakti ,14739443,AirGradient,58.5
2026-04-02 22:00:00+00:00,6144741,STT Satyabhakti ,14739443,AirGradient,64.1
2026-04-02 23:00:00+00:00,6144741,STT Satyabhakti ,14739443,AirGradient,89.6
2026-04-03 00:00:00+00:00,6144741,STT Satyabhakti ,14739443,AirGradient,78.7
2026-04-03 01:00:00+00:00,6144741,STT Satyabhakti ,14739443,AirGradient,22.4
2026-04-03 02:00:00+00:00,6144741,STT Satyabhakti ,14739443,AirGradient,11.4
2026-04-03 03:00:00+00:00,6144741,STT Satyabhakti ,14739443,AirGradient,11.3
2026-04-03 04:00:00+00:00,6144741,STT Satyabhakti ,14739443,AirGradient,14.8
2026-04-03 05:00:00+00:00,6144741,STT Satyabhakti ,14739443,AirGradient,30.5
2026-04-03 06:00:00+00:00,6144741,STT Satyabhakti ,14739443,AirGradient,23.6
2026-04-03 07:00:00+00:00,6144741,STT Satyabhakti ,14739443,AirGradient,11.9
2026-04-03 08:00:00+00:00,6144741,STT Satyabhakti ,14739443,AirGradient,11.5
2026-04-03 09:00:00+00:00,6144741,STT Satyabhakti ,14739443,AirGradient,15.8
2026-04-03 10:00:00+00:00,6144741,STT Satyabhakti ,14739443,AirGradient,20.2
2026-04-03 11:00:00+00:00,6144741,STT Satyabhakti ,14739443,AirGradient,31.3
2026-04-03 12:00:00+00:00,6144741,STT Satyabhakti ,14739443,AirGradient,36.9
2026-04-03 13:00:00+00:00,6144741,STT Satyabhakti ,14739443,AirGradient,42.9
2026-04-03 14:00:00+00:00,6144741,STT Satyabhakti ,14739443,AirGradient,40.0
2026-04-03 15:00:00+00:00,6144741,STT Satyabhakti ,14739443,AirGradient,42.6
2026-04-03 16:00:00+00:00,6144741,STT Satyabhakti ,14739443,AirGradient,51.8
2026-04-03 17:00:00+00:00,6144741,STT Satyabhakti ,14739443,AirGradient,42.0
2026-04-03 18:00:00+00:00,6144741,STT Satyabhakti ,14739443,AirGradient,46.9
2026-04-03 19:00:00+00:00,6144741,STT Satyabhakti ,14739443,AirGradient,55.6
2026-04-03 20:00:00+00:00,6144741,STT Satyabhakti ,14739443,AirGradient,49.2
2026-04-03 21:00:00+00:00,6144741,STT Satyabhakti ,14739443,AirGradient,49.2
2026-04-03 22:00:00+00:00,6144741,STT Satyabhakti ,14739443,AirGradient,56.2
2026-04-03 23:00:00+00:00,6144741,STT Satyabhakti ,14739443,AirGradient,43.3
2026-04-04 00:00:00+00:00,6144741,STT Satyabhakti ,14739443,AirGradient,53.4
2026-04-04 01:00:00+00:00,6144741,STT Satyabhakti ,14739443,AirGradient,53.0
2026-04-04 02:00:00+00:00,6144741,STT Satyabhakti ,14739443,AirGradient,46.1
2026-04-04 03:00:00+00:00,6144741,STT Satyabhakti ,14739443,AirGradient,38.3
2026-04-04 04:00:00+00:00,6144741,STT Satyabhakti ,14739443,AirGradient,24.3
2026-04-04 05:00:00+00:00,6144741,STT Satyabhakti ,14739443,AirGradient,28.1
2026-04-04 06:00:00+00:00,6144741,STT Satyabhakti ,14739443,AirGradient,32.6
2026-04-04 07:00:00+00:00,6144741,STT Satyabhakti ,14739443,AirGradient,30.7
2026-04-04 08:00:00+00:00,6144741,STT Satyabhakti ,14739443,AirGradient,33.6
2026-04-04 09:00:00+00:00,6144741,STT Satyabhakti ,14739443,AirGradient,28.5
2026-04-04 10:00:00+00:00,6144741,STT Satyabhakti ,14739443,AirGradient,34.6
2026-04-04 11:00:00+00:00,6144741,STT Satyabhakti ,14739443,AirGradient,41.6
2026-04-04 12:00:00+00:00,6144741,STT Satyabhakti ,14739443,AirGradient,37.8
2026-04-04 13:00:00+00:00,6144741,STT Satyabhakti ,14739443,AirGradient,38.9
2026-04-04 14:00:00+00:00,6144741,STT Satyabhakti ,14739443,AirGradient,12.1
2026-04-04 15:00:00+00:00,6144741,STT Satyabhakti ,14739443,AirGradient,6.9
2026-04-04 16:00:00+00:00,6144741,STT Satyabhakti ,14739443,AirGradient,16.7
2026-04-04 17:00:00+00:00,6144741,STT Satyabhakti ,14739443,AirGradient,36.1
2026-04-04 18:00:00+00:00,6144741,STT Satyabhakti ,14739443,AirGradient,35.5
2026-04-04 19:00:00+00:00,6144741,STT Satyabhakti ,14739443,AirGradient,37.4
2026-04-04 20:00:00+00:00,6144741,STT Satyabhakti ,14739443,AirGradient,40.4
2026-04-04 21:00:00+00:00,6144741,STT Satyabhakti ,14739443,AirGradient,44.0
2026-04-04 22:00:00+00:00,6144741,STT Satyabhakti ,14739443,AirGradient,35.9
2026-04-04 23:00:00+00:00,6144741,STT Satyabhakti ,14739443,AirGradient,25.9
2026-04-05 00:00:00+00:00,6144741,STT Satyabhakti ,14739443,AirGradient,32.1
2026-04-05 01:00:00+00:00,6144741,STT Satyabhakti ,14739443,AirGradient,35.4
2026-04-05 02:00:00+00:00,6144741,STT Satyabhakti ,14739443,AirGradient,32.8
2026-04-05 03:00:00+00:00,6144741,STT Satyabhakti ,14739443,AirGradient,27.4
2026-04-05 04:00:00+00:00,6144741,STT Satyabhakti ,14739443,AirGradient,24.9
2026-04-05 05:00:00+00:00,6144741,STT Satyabhakti ,14739443,AirGradient,20.7
2026-04-05 06:00:00+00:00,6144741,STT Satyabhakti ,14739443,AirGradient,23.5
2026-04-05 07:00:00+00:00,6144741,STT Satyabhakti ,14739443,AirGradient,26.8
2026-04-05 08:00:00+00:00,6144741,STT Satyabhakti ,14739443,AirGradient,27.2
2026-04-05 09:00:00+00:00,6144741,STT Satyabhakti ,14739443,AirGradient,32.4
2026-04-05 10:00:00+00:00,6144741,STT Satyabhakti ,14739443,AirGradient,30.1
2026-04-05 11:00:00+00:00,6144741,STT Satyabhakti ,14739443,AirGradient,31.1
2026-04-05 12:00:00+00:00,6144741,STT Satyabhakti ,14739443,AirGradient,32.8
2026-04-05 13:00:00+00:00,6144741,STT Satyabhakti ,14739443,AirGradient,32.0
2026-04-05 14:00:00+00:00,6144741,STT Satyabhakti ,14739443,AirGradient,27.3
2026-04-05 15:00:00+00:00,6144741,STT Satyabhakti ,14739443,AirGradient,25.9
2026-04-05 16:00:00+00:00,6144741,STT Satyabhakti ,14739443,AirGradient,66.3
2026-04-05 17:00:00+00:00,6144741,STT Satyabhakti ,14739443,AirGradient,43.7
2026-04-05 18:00:00+00:00,6144741,STT Satyabhakti ,14739443,AirGradient,34.4
2026-04-05 19:00:00+00:00,6144741,STT Satyabhakti ,14739443,AirGradient,34.5
2026-04-05 20:00:00+00:00,6144741,STT Satyabhakti ,14739443,AirGradient,34.5
2026-04-05 21:00:00+00:00,6144741,STT Satyabhakti ,14739443,AirGradient,39.3
2026-04-05 22:00:00+00:00,6144741,STT Satyabhakti ,14739443,AirGradient,34.0
2026-04-05 23:00:00+00:00,6144741,STT Satyabhakti ,14739443,AirGradient,36.3
2026-04-06 00:00:00+00:00,6144741,STT Satyabhakti ,14739443,AirGradient,45.3
2026-04-06 01:00:00+00:00,6144741,STT Satyabhakti ,14739443,AirGradient,44.7
2026-04-06 02:00:00+00:00,6144741,STT Satyabhakti ,14739443,AirGradient,37.8
2026-04-06 03:00:00+00:00,6144741,STT Satyabhakti ,14739443,AirGradient,35.2
2026-04-06 04:00:00+00:00,6144741,STT Satyabhakti ,14739443,AirGradient,30.6
2026-04-06 05:00:00+00:00,6144741,STT Satyabhakti ,14739443,AirGradient,38.9
2026-04-06 06:00:00+00:00,6144741,STT Satyabhakti ,14739443,AirGradient,35.3
2026-04-06 07:00:00+00:00,6144741,STT Satyabhakti ,14739443,AirGradient,31.3
2026-04-06 08:00:00+00:00,6144741,STT Satyabhakti ,14739443,AirGradient,32.3
2026-04-06 09:00:00+00:00,6144741,STT Satyabhakti ,14739443,AirGradient,26.8
2026-04-06 10:00:00+00:00,6144741,STT Satyabhakti ,14739443,AirGradient,27.2
2026-04-06 11:00:00+00:00,6144741,STT Satyabhakti ,14739443,AirGradient,44.6
2026-04-06 12:00:00+00:00,6144741,STT Satyabhakti ,14739443,AirGradient,39.5
2026-04-06 13:00:00+00:00,6144741,STT Satyabhakti ,14739443,AirGradient,42.2
2026-04-06 14:00:00+00:00,6144741,STT Satyabhakti ,14739443,AirGradient,36.1
2026-04-06 15:00:00+00:00,6144741,STT Satyabhakti ,14739443,AirGradient,39.0
2026-04-06 16:00:00+00:00,6144741,STT Satyabhakti ,14739443,AirGradient,38.2
2026-04-06 17:00:00+00:00,6144741,STT Satyabhakti ,14739443,AirGradient,41.4
2026-04-06 18:00:00+00:00,6144741,STT Satyabhakti ,14739443,AirGradient,52.5
2026-04-06 19:00:00+00:00,6144741,STT Satyabhakti ,14739443,AirGradient,60.8
2026-04-06 20:00:00+00:00,6144741,STT Satyabhakti ,14739443,AirGradient,48.2
2026-04-06 21:00:00+00:00,6144741,STT Satyabhakti ,14739443,AirGradient,39.2
2026-05-25 11:00:00+00:00,6315887,Свищов - СПГ Алеко Константинов,16013293,senstate,3.48
2026-05-25 12:00:00+00:00,6315887,Свищов - СПГ Алеко Константинов,16013293,senstate,2.51
2026-05-25 13:00:00+00:00,6315887,Свищов - СПГ Алеко Константинов,16013293,senstate,2.33
2026-05-25 14:00:00+00:00,6315887,Свищов - СПГ Алеко Константинов,16013293,senstate,2.19
2026-05-25 15:00:00+00:00,6315887,Свищов - СПГ Алеко Константинов,16013293,senstate,2.13
2026-05-25 16:00:00+00:00,6315887,Свищов - СПГ Алеко Константинов,16013293,senstate,2.62
2026-05-25 17:00:00+00:00,6315887,Свищов - СПГ Алеко Константинов,16013293,senstate,2.44
2026-05-25 18:00:00+00:00,6315887,Свищов - СПГ Алеко Константинов,16013293,senstate,2.46
2026-05-25 19:00:00+00:00,6315887,Свищов - СПГ Алеко Константинов,16013293,senstate,2.69
2026-05-25 20:00:00+00:00,6315887,Свищов - СПГ Алеко Константинов,16013293,senstate,2.34
2026-05-25 21:00:00+00:00,6315887,Свищов - СПГ Алеко Константинов,16013293,senstate,2.6
2026-05-25 22:00:00+00:00,6315887,Свищов - СПГ Алеко Константинов,16013293,senstate,2.65
2026-05-25 23:00:00+00:00,6315887,Свищов - СПГ Алеко Константинов,16013293,senstate,2.74
2026-05-26 00:00:00+00:00,6315887,Свищов - СПГ Алеко Константинов,16013293,senstate,2.69
2026-05-26 01:00:00+00:00,6315887,Свищов - СПГ Алеко Константинов,16013293,senstate,3.45
2026-05-26 02:00:00+00:00,6315887,Свищов - СПГ Алеко Константинов,16013293,senstate,3.76
2026-05-26 03:00:00+00:00,6315887,Свищов - СПГ Алеко Константинов,16013293,senstate,3.9
2026-05-26 04:00:00+00:00,6315887,Свищов - СПГ Алеко Константинов,16013293,senstate,3.94
2026-05-26 05:00:00+00:00,6315887,Свищов - СПГ Алеко Константинов,16013293,senstate,2.79
2026-05-26 06:00:00+00:00,6315887,Свищов - СПГ Алеко Константинов,16013293,senstate,2.62
2026-05-26 07:00:00+00:00,6315887,Свищов - СПГ Алеко Константинов,16013293,senstate,2.02
2026-05-26 08:00:00+00:00,6315887,Свищов - СПГ Алеко Константинов,16013293,senstate,1.9
2026-05-26 09:00:00+00:00,6315887,Свищов - СПГ Алеко Константинов,16013293,senstate,1.67
2026-05-26 10:00:00+00:00,6315887,Свищов - СПГ Алеко Константинов,16013293,senstate,1.91
2026-05-26 11:00:00+00:00,6315887,Свищов - СПГ Алеко Константинов,16013293,senstate,2.25
2026-05-26 12:00:00+00:00,6315887,Свищов - СПГ Алеко Константинов,16013293,senstate,2.83
2026-05-26 13:00:00+00:00,6315887,Свищов - СПГ Алеко Константинов,16013293,senstate,3.21
2026-05-26 14:00:00+00:00,6315887,Свищов - СПГ Алеко Константинов,16013293,senstate,2.87
2026-05-26 15:00:00+00:00,6315887,Свищов - СПГ Алеко Константинов,16013293,senstate,2.89
2026-05-26 16:00:00+00:00,6315887,Свищов - СПГ Алеко Константинов,16013293,senstate,2.96
2026-05-26 17:00:00+00:00,6315887,Свищов - СПГ Алеко Константинов,16013293,senstate,3.29
2026-05-26 18:00:00+00:00,6315887,Свищов - СПГ Алеко Константинов,16013293,senstate,3.5
2026-05-26 19:00:00+00:00,6315887,Свищов - СПГ Алеко Константинов,16013293,senstate,3.63
2026-05-26 20:00:00+00:00,6315887,Свищов - СПГ Алеко Константинов,16013293,senstate,4.01
2026-05-26 21:00:00+00:00,6315887,Свищов - СПГ Алеко Константинов,16013293,senstate,3.42
2026-05-26 22:00:00+00:00,6315887,Свищов - СПГ Алеко Константинов,16013293,senstate,3.4
2026-05-26 23:00:00+00:00,6315887,Свищов - СПГ Алеко Константинов,16013293,senstate,3.43
2026-05-27 00:00:00+00:00,6315887,Свищов - СПГ Алеко Константинов,16013293,senstate,3.94
2026-05-27 01:00:00+00:00,6315887,Свищов - СПГ Алеко Константинов,16013293,senstate,4.4
2026-05-27 02:00:00+00:00,6315887,Свищов - СПГ Алеко Константинов,16013293,senstate,4.26
2026-05-27 03:00:00+00:00,6315887,Свищов - СПГ Алеко Константинов,16013293,senstate,4.97
2026-05-27 04:00:00+00:00,6315887,Свищов - СПГ Алеко Константинов,16013293,senstate,5.35
2026-05-27 05:00:00+00:00,6315887,Свищов - СПГ Алеко Константинов,16013293,senstate,6.02
2026-05-27 06:00:00+00:00,6315887,Свищов - СПГ Алеко Константинов,16013293,senstate,6.39
2026-05-27 07:00:00+00:00,6315887,Свищов - СПГ Алеко Константинов,16013293,senstate,4.21
2026-05-27 08:00:00+00:00,6315887,Свищов - СПГ Алеко Константинов,16013293,senstate,4.01
2026-05-27 09:00:00+00:00,6315887,Свищов - СПГ Алеко Константинов,16013293,senstate,4.01
2026-05-27 10:00:00+00:00,6315887,Свищов - СПГ Алеко Константинов,16013293,senstate,4.03
2026-05-27 11:00:00+00:00,6315887,Свищов - СПГ Алеко Константинов,16013293,senstate,3.81
2026-05-27 12:00:00+00:00,6315887,Свищов - СПГ Алеко Константинов,16013293,senstate,3.5
2026-05-27 13:00:00+00:00,6315887,Свищов - СПГ Алеко Константинов,16013293,senstate,2.84
2026-05-27 14:00:00+00:00,6315887,Свищов - СПГ Алеко Константинов,16013293,senstate,2.67
2026-05-27 15:00:00+00:00,6315887,Свищов - СПГ Алеко Константинов,16013293,senstate,2.87
2026-05-27 16:00:00+00:00,6315887,Свищов - СПГ Алеко Константинов,16013293,senstate,2.96
2026-05-27 17:00:00+00:00,6315887,Свищов - СПГ Алеко Константинов,16013293,senstate,2.53
2026-05-27 18:00:00+00:00,6315887,Свищов - СПГ Алеко Константинов,16013293,senstate,2.71
2026-05-27 19:00:00+00:00,6315887,Свищов - СПГ Алеко Константинов,16013293,senstate,2.88
2026-05-27 20:00:00+00:00,6315887,Свищов - СПГ Алеко Константинов,16013293,senstate,2.85
2026-05-27 21:00:00+00:00,6315887,Свищов - СПГ Алеко Константинов,16013293,senstate,2.16
2026-05-27 22:00:00+00:00,6315887,Свищов - СПГ Алеко Константинов,16013293,senstate,2.1
2026-05-27 23:00:00+00:00,6315887,Свищов - СПГ Алеко Константинов,16013293,senstate,2.71
2026-05-28 00:00:00+00:00,6315887,Свищов - СПГ Алеко Константинов,16013293,senstate,3.47
2026-05-28 01:00:00+00:00,6315887,Свищов - СПГ Алеко Константинов,16013293,senstate,3.61
2026-05-28 02:00:00+00:00,6315887,Свищов - СПГ Алеко Константинов,16013293,senstate,3.63
2026-05-28 03:00:00+00:00,6315887,Свищов - СПГ Алеко Константинов,16013293,senstate,4.29
2026-05-28 04:00:00+00:00,6315887,Свищов - СПГ Алеко Константинов,16013293,senstate,4.58
2026-05-28 05:00:00+00:00,6315887,Свищов - СПГ Алеко Константинов,16013293,senstate,4.2
2026-05-28 06:00:00+00:00,6315887,Свищов - СПГ Алеко Константинов,16013293,senstate,4.34
2026-05-28 07:00:00+00:00,6315887,Свищов - СПГ Алеко Константинов,16013293,senstate,4.07
2026-05-28 08:00:00+00:00,6315887,Свищов - СПГ Алеко Константинов,16013293,senstate,3.68
2026-05-28 09:00:00+00:00,6315887,Свищов - СПГ Алеко Константинов,16013293,senstate,4.05
2026-05-28 10:00:00+00:00,6315887,Свищов - СПГ Алеко Константинов,16013293,senstate,4.23
2026-05-28 11:00:00+00:00,6315887,Свищов - СПГ Алеко Константинов,16013293,senstate,4.45
2026-05-28 12:00:00+00:00,6315887,Свищов - СПГ Алеко Константинов,16013293,senstate,4.36
2026-05-28 13:00:00+00:00,6315887,Свищов - СПГ Алеко Константинов,16013293,senstate,4.02
2026-05-28 14:00:00+00:00,6315887,Свищов - СПГ Алеко Константинов,16013293,senstate,3.86
2026-05-28 15:00:00+00:00,6315887,Свищов - СПГ Алеко Константинов,16013293,senstate,3.86
2026-05-28 16:00:00+00:00,6315887,Свищов - СПГ Алеко Константинов,16013293,senstate,3.04
2026-05-28 17:00:00+00:00,6315887,Свищов - СПГ Алеко Константинов,16013293,senstate,2.38
2026-05-28 18:00:00+00:00,6315887,Свищов - СПГ Алеко Константинов,16013293,senstate,3.35
2026-05-28 19:00:00+00:00,6315887,Свищов - СПГ Алеко Константинов,16013293,senstate,25.9
2026-05-28 20:00:00+00:00,6315887,Свищов - СПГ Алеко Константинов,16013293,senstate,2.83
2026-05-28 21:00:00+00:00,6315887,Свищов - СПГ Алеко Константинов,16013293,senstate,3.51
2026-05-28 22:00:00+00:00,6315887,Свищов - СПГ Алеко Константинов,16013293,senstate,2.82
2026-05-28 23:00:00+00:00,6315887,Свищов - СПГ Алеко Константинов,16013293,senstate,1.5
2026-05-29 00:00:00+00:00,6315887,Свищов - СПГ Алеко Константинов,16013293,senstate,1.17
2026-05-29 01:00:00+00:00,6315887,Свищов - СПГ Алеко Константинов,16013293,senstate,1.04
2026-05-29 02:00:00+00:00,6315887,Свищов - СПГ Алеко Константинов,16013293,senstate,1.22
2026-05-29 03:00:00+00:00,6315887,Свищов - СПГ Алеко Константинов,16013293,senstate,1.07
2026-05-29 04:00:00+00:00,6315887,Свищов - СПГ Алеко Константинов,16013293,senstate,1.18
2026-05-29 05:00:00+00:00,6315887,Свищов - СПГ Алеко Константинов,16013293,senstate,1.63
2026-05-29 06:00:00+00:00,6315887,Свищов - СПГ Алеко Константинов,16013293,senstate,1.45
2026-05-29 07:00:00+00:00,6315887,Свищов - СПГ Алеко Константинов,16013293,senstate,1.37
2026-05-29 08:00:00+00:00,6315887,Свищов - СПГ Алеко Константинов,16013293,senstate,1.7
2026-05-29 09:00:00+00:00,6315887,Свищов - СПГ Алеко Константинов,16013293,senstate,0.996
2026-05-29 10:00:00+00:00,6315887,Свищов - СПГ Алеко Константинов,16013293,senstate,0.932
2026-05-29 11:00:00+00:00,6315887,Свищов - СПГ Алеко Константинов,16013293,senstate,1.01
2026-05-29 12:00:00+00:00,6315887,Свищов - СПГ Алеко Константинов,16013293,senstate,1.06
2026-05-29 13:00:00+00:00,6315887,Свищов - СПГ Алеко Константинов,16013293,senstate,1.12
2026-05-29 14:00:00+00:00,6315887,Свищов - СПГ Алеко Константинов,16013293,senstate,1.48
2026-05-29 15:00:00+00:00,6315887,Свищов - СПГ Алеко Константинов,16013293,senstate,1.4
2026-05-29 16:00:00+00:00,6315887,Свищов - СПГ Алеко Константинов,16013293,senstate,1.84
2026-05-29 17:00:00+00:00,6315887,Свищов - СПГ Алеко Константинов,16013293,senstate,1.55
2026-05-29 18:00:00+00:00,6315887,Свищов - СПГ Алеко Константинов,16013293,senstate,1.48
2026-05-29 19:00:00+00:00,6315887,Свищов - СПГ Алеко Константинов,16013293,senstate,1.15
2026-05-29 20:00:00+00:00,6315887,Свищов - СПГ Алеко Константинов,16013293,senstate,1.09
2026-05-29 21:00:00+00:00,6315887,Свищов - СПГ Алеко Константинов,16013293,senstate,1.19
2026-05-29 22:00:00+00:00,6315887,Свищов - СПГ Алеко Константинов,16013293,senstate,1.2
2026-05-29 23:00:00+00:00,6315887,Свищов - СПГ Алеко Константинов,16013293,senstate,1.38
2026-05-30 00:00:00+00:00,6315887,Свищов - СПГ Алеко Константинов,16013293,senstate,1.6
2026-05-30 01:00:00+00:00,6315887,Свищов - СПГ Алеко Константинов,16013293,senstate,1.6
2026-05-30 02:00:00+00:00,6315887,Свищов - СПГ Алеко Константинов,16013293,senstate,1.59
2026-05-30 03:00:00+00:00,6315887,Свищов - СПГ Алеко Константинов,16013293,senstate,1.68
2026-05-30 04:00:00+00:00,6315887,Свищов - СПГ Алеко Константинов,16013293,senstate,2.11
2026-05-30 05:00:00+00:00,6315887,Свищов - СПГ Алеко Константинов,16013293,senstate,2.17
2026-05-30 06:00:00+00:00,6315887,Свищов - СПГ Алеко Константинов,16013293,senstate,1.7
2026-05-30 07:00:00+00:00,6315887,Свищов - СПГ Алеко Константинов,16013293,senstate,1.22
2026-05-30 08:00:00+00:00,6315887,Свищов - СПГ Алеко Константинов,16013293,senstate,1.18
2026-05-30 09:00:00+00:00,6315887,Свищов - СПГ Алеко Константинов,16013293,senstate,1.58
2026-05-30 10:00:00+00:00,6315887,Свищов - СПГ Алеко Константинов,16013293,senstate,1.47
2026-05-30 11:00:00+00:00,6315887,Свищов - СПГ Алеко Константинов,16013293,senstate,1.67
2026-05-30 12:00:00+00:00,6315887,Свищов - СПГ Алеко Константинов,16013293,senstate,1.76
2026-05-30 13:00:00+00:00,6315887,Свищов - СПГ Алеко Константинов,16013293,senstate,1.71
2026-05-30 14:00:00+00:00,6315887,Свищов - СПГ Алеко Константинов,16013293,senstate,1.6
2026-05-30 15:00:00+00:00,6315887,Свищов - СПГ Алеко Константинов,16013293,senstate,1.68
2026-05-30 16:00:00+00:00,6315887,Свищов - СПГ Алеко Константинов,16013293,senstate,1.9
2026-05-30 17:00:00+00:00,6315887,Свищов - СПГ Алеко Константинов,16013293,senstate,2.02
2026-05-30 18:00:00+00:00,6315887,Свищов - СПГ Алеко Константинов,16013293,senstate,1.97
2026-05-30 19:00:00+00:00,6315887,Свищов - СПГ Алеко Константинов,16013293,senstate,1.97
2026-05-30 20:00:00+00:00,6315887,Свищов - СПГ Алеко Константинов,16013293,senstate,2.12
2026-05-30 21:00:00+00:00,6315887,Свищов - СПГ Алеко Константинов,16013293,senstate,1.88
2026-05-30 22:00:00+00:00,6315887,Свищов - СПГ Алеко Константинов,16013293,senstate,1.9
2026-05-30 23:00:00+00:00,6315887,Свищов - СПГ Алеко Константинов,16013293,senstate,1.97
2026-05-31 00:00:00+00:00,6315887,Свищов - СПГ Алеко Константинов,16013293,senstate,2.01
2026-05-31 01:00:00+00:00,6315887,Свищов - СПГ Алеко Константинов,16013293,senstate,2.07
2026-05-31 02:00:00+00:00,6315887,Свищов - СПГ Алеко Константинов,16013293,senstate,2.13
2026-05-31 03:00:00+00:00,6315887,Свищов - СПГ Алеко Константинов,16013293,senstate,2.14
2026-05-31 04:00:00+00:00,6315887,Свищов - СПГ Алеко Константинов,16013293,senstate,2.32
2026-05-31 05:00:00+00:00,6315887,Свищов - СПГ Алеко Константинов,16013293,senstate,2.27
2026-05-31 06:00:00+00:00,6315887,Свищов - СПГ Алеко Константинов,16013293,senstate,2.28
2026-05-31 07:00:00+00:00,6315887,Свищов - СПГ Алеко Константинов,16013293,senstate,2.43
2026-05-31 08:00:00+00:00,6315887,Свищов - СПГ Алеко Константинов,16013293,senstate,2.67
2026-05-31 09:00:00+00:00,6315887,Свищов - СПГ Алеко Константинов,16013293,senstate,2.21
2026-05-31 10:00:00+00:00,6315887,Свищов - СПГ Алеко Константинов,16013293,senstate,2.37
2026-05-31 11:00:00+00:00,6315887,Свищов - СПГ Алеко Константинов,16013293,senstate,2.26
2026-05-31 12:00:00+00:00,6315887,Свищов - СПГ Алеко Константинов,16013293,senstate,2.45
2026-05-31 13:00:00+00:00,6315887,Свищов - СПГ Алеко Константинов,16013293,senstate,3.29
2026-05-31 14:00:00+00:00,6315887,Свищов - СПГ Алеко Константинов,16013293,senstate,3.28
2026-05-31 15:00:00+00:00,6315887,Свищов - СПГ Алеко Константинов,16013293,senstate,2.73
2026-05-31 16:00:00+00:00,6315887,Свищов - СПГ Алеко Константинов,16013293,senstate,3.48
2026-05-31 17:00:00+00:00,6315887,Свищов - СПГ Алеко Константинов,16013293,senstate,3.22
2026-05-31 18:00:00+00:00,6315887,Свищов - СПГ Алеко Константинов,16013293,senstate,3.41
2026-05-31 19:00:00+00:00,6315887,Свищов - СПГ Алеко Константинов,16013293,senstate,2.63
2026-05-31 20:00:00+00:00,6315887,Свищов - СПГ Алеко Константинов,16013293,senstate,3.12
2026-05-31 21:00:00+00:00,6315887,Свищов - СПГ Алеко Константинов,16013293,senstate,3.36
2026-05-31 22:00:00+00:00,6315887,Свищов - СПГ Алеко Константинов,16013293,senstate,3.01
2026-05-31 23:00:00+00:00,6315887,Свищов - СПГ Алеко Константинов,16013293,senstate,3.3
2026-06-01 00:00:00+00:00,6315887,Свищов - СПГ Алеко Константинов,16013293,senstate,3.72
2026-06-01 01:00:00+00:00,6315887,Свищов - СПГ Алеко Константинов,16013293,senstate,4.14
2026-06-01 02:00:00+00:00,6315887,Свищов - СПГ Алеко Константинов,16013293,senstate,3.82
2026-06-01 03:00:00+00:00,6315887,Свищов - СПГ Алеко Константинов,16013293,senstate,3.92
2026-06-01 04:00:00+00:00,6315887,Свищов - СПГ Алеко Константинов,16013293,senstate,4.54
2026-06-01 05:00:00+00:00,6315887,Свищов - СПГ Алеко Константинов,16013293,senstate,5.68
2026-06-01 06:00:00+00:00,6315887,Свищов - СПГ Алеко Константинов,16013293,senstate,6.35
2026-06-01 07:00:00+00:00,6315887,Свищов - СПГ Алеко Константинов,16013293,senstate,6.37
2026-06-01 08:00:00+00:00,6315887,Свищов - СПГ Алеко Константинов,16013293,senstate,7.9
2026-06-01 09:00:00+00:00,6315887,Свищов - СПГ Алеко Константинов,16013293,senstate,7.53
2026-06-01 10:00:00+00:00,6315887,Свищов - СПГ Алеко Константинов,16013293,senstate,4.17
2026-06-01 11:00:00+00:00,6315887,Свищов - СПГ Алеко Константинов,16013293,senstate,3.02
2026-06-01 12:00:00+00:00,6315887,Свищов - СПГ Алеко Константинов,16013293,senstate,3.55
2026-06-01 13:00:00+00:00,6315887,Свищов - СПГ Алеко Константинов,16013293,senstate,3.8
2026-06-01 14:00:00+00:00,6315887,Свищов - СПГ Алеко Константинов,16013293,senstate,3.61
2026-06-01 15:00:00+00:00,6315887,Свищов - СПГ Алеко Константинов,16013293,senstate,3.35
2026-06-01 16:00:00+00:00,6315887,Свищов - СПГ Алеко Константинов,16013293,senstate,3.53
2026-06-01 17:00:00+00:00,6315887,Свищов - СПГ Алеко Константинов,16013293,senstate,3.79
2026-06-01 18:00:00+00:00,6315887,Свищов - СПГ Алеко Константинов,16013293,senstate,3.28
2026-06-01 19:00:00+00:00,6315887,Свищов - СПГ Алеко Константинов,16013293,senstate,3.44
2026-06-01 20:00:00+00:00,6315887,Свищов - СПГ Алеко Константинов,16013293,senstate,3.39
2026-06-01 21:00:00+00:00,6315887,Свищов - СПГ Алеко Константинов,16013293,senstate,1.18
2026-06-01 22:00:00+00:00,6315887,Свищов - СПГ Алеко Константинов,16013293,senstate,1.12
2026-06-01 23:00:00+00:00,6315887,Свищов - СПГ Алеко Константинов,16013293,senstate,1.04
2026-06-02 00:00:00+00:00,6315887,Свищов - СПГ Алеко Константинов,16013293,senstate,1.32
2026-06-02 01:00:00+00:00,6315887,Свищов - СПГ Алеко Константинов,16013293,senstate,1.19
2026-06-02 02:00:00+00:00,6315887,Свищов - СПГ Алеко Константинов,16013293,senstate,1.09
2026-06-02 03:00:00+00:00,6315887,Свищов - СПГ Алеко Константинов,16013293,senstate,1.26
2026-06-02 04:00:00+00:00,6315887,Свищов - СПГ Алеко Константинов,16013293,senstate,1.41
2026-06-02 05:00:00+00:00,6315887,Свищов - СПГ Алеко Константинов,16013293,senstate,2.16
2026-06-02 06:00:00+00:00,6315887,Свищов - СПГ Алеко Константинов,16013293,senstate,4.04
2026-06-02 07:00:00+00:00,6315887,Свищов - СПГ Алеко Константинов,16013293,senstate,3.85
2026-06-02 08:00:00+00:00,6315887,Свищов - СПГ Алеко Константинов,16013293,senstate,2.76
2026-06-02 09:00:00+00:00,6315887,Свищов - СПГ Алеко Константинов,16013293,senstate,2.46
2026-06-02 10:00:00+00:00,6315887,Свищов - СПГ Алеко Константинов,16013293,senstate,1.67
2026-06-02 11:00:00+00:00,6315887,Свищов - СПГ Алеко Константинов,16013293,senstate,1.8
2026-06-02 12:00:00+00:00,6315887,Свищов - СПГ Алеко Константинов,16013293,senstate,1.5
2026-06-02 13:00:00+00:00,6315887,Свищов - СПГ Алеко Константинов,16013293,senstate,1.21
2026-06-02 14:00:00+00:00,6315887,Свищов - СПГ Алеко Константинов,16013293,senstate,1.3
2026-06-02 15:00:00+00:00,6315887,Свищов - СПГ Алеко Константинов,16013293,senstate,1.48
2026-06-02 16:00:00+00:00,6315887,Свищов - СПГ Алеко Константинов,16013293,senstate,1.92
2026-06-02 17:00:00+00:00,6315887,Свищов - СПГ Алеко Константинов,16013293,senstate,2.19
2026-06-02 18:00:00+00:00,6315887,Свищов - СПГ Алеко Константинов,16013293,senstate,3.36
2026-06-02 19:00:00+00:00,6315887,Свищов - СПГ Алеко Константинов,16013293,senstate,5.41
2026-06-02 20:00:00+00:00,6315887,Свищов - СПГ Алеко Константинов,16013293,senstate,6.9
2026-06-02 21:00:00+00:00,6315887,Свищов - СПГ Алеко Константинов,16013293,senstate,7.46
2026-06-02 22:00:00+00:00,6315887,Свищов - СПГ Алеко Константинов,16013293,senstate,7.12
2026-06-02 23:00:00+00:00,6315887,Свищов - СПГ Алеко Константинов,16013293,senstate,6.77
2026-06-03 00:00:00+00:00,6315887,Свищов - СПГ Алеко Константинов,16013293,senstate,6.35
2026-06-03 01:00:00+00:00,6315887,Свищов - СПГ Алеко Константинов,16013293,senstate,5.47
2026-06-03 02:00:00+00:00,6315887,Свищов - СПГ Алеко Константинов,16013293,senstate,5.96
2026-06-03 03:00:00+00:00,6315887,Свищов - СПГ Алеко Константинов,16013293,senstate,6.5
2026-06-03 04:00:00+00:00,6315887,Свищов - СПГ Алеко Константинов,16013293,senstate,6.41
2026-06-03 05:00:00+00:00,6315887,Свищов - СПГ Алеко Константинов,16013293,senstate,7.42
2026-06-03 06:00:00+00:00,6315887,Свищов - СПГ Алеко Константинов,16013293,senstate,8.45
2026-06-03 07:00:00+00:00,6315887,Свищов - СПГ Алеко Константинов,16013293,senstate,4.93
2026-06-03 08:00:00+00:00,6315887,Свищов - СПГ Алеко Константинов,16013293,senstate,5.14
2026-06-03 09:00:00+00:00,6315887,Свищов - СПГ Алеко Константинов,16013293,senstate,5.28
2026-06-03 10:00:00+00:00,6315887,Свищов - СПГ Алеко Константинов,16013293,senstate,4.38
2026-06-03 11:00:00+00:00,6315887,Свищов - СПГ Алеко Константинов,16013293,senstate,3.4
2026-06-03 12:00:00+00:00,6315887,Свищов - СПГ Алеко Константинов,16013293,senstate,3.46
2026-06-03 13:00:00+00:00,6315887,Свищов - СПГ Алеко Константинов,16013293,senstate,3.34
2026-06-03 14:00:00+00:00,6315887,Свищов - СПГ Алеко Константинов,16013293,senstate,3.18
2026-06-03 15:00:00+00:00,6315887,Свищов - СПГ Алеко Константинов,16013293,senstate,2.87
2026-06-03 16:00:00+00:00,6315887,Свищов - СПГ Алеко Константинов,16013293,senstate,2.82
2026-06-03 17:00:00+00:00,6315887,Свищов - СПГ Алеко Константинов,16013293,senstate,2.81
2026-06-03 18:00:00+00:00,6315887,Свищов - СПГ Алеко Константинов,16013293,senstate,2.46
2026-06-03 19:00:00+00:00,6315887,Свищов - СПГ Алеко Константинов,16013293,senstate,2.86
2026-06-03 20:00:00+00:00,6315887,Свищов - СПГ Алеко Константинов,16013293,senstate,2.6
2026-06-03 21:00:00+00:00,6315887,Свищов - СПГ Алеко Константинов,16013293,senstate,2.57
2026-06-03 22:00:00+00:00,6315887,Свищов - СПГ Алеко Константинов,16013293,senstate,2.55
2026-06-03 23:00:00+00:00,6315887,Свищов - СПГ Алеко Константинов,16013293,senstate,3.05
2026-06-04 00:00:00+00:00,6315887,Свищов - СПГ Алеко Константинов,16013293,senstate,4.45
2026-06-04 01:00:00+00:00,6315887,Свищов - СПГ Алеко Константинов,16013293,senstate,4.57
2026-06-04 02:00:00+00:00,6315887,Свищов - СПГ Алеко Константинов,16013293,senstate,5.3
2026-06-04 03:00:00+00:00,6315887,Свищов - СПГ Алеко Константинов,16013293,senstate,5.13
2026-06-04 04:00:00+00:00,6315887,Свищов - СПГ Алеко Константинов,16013293,senstate,8.48
2026-06-04 05:00:00+00:00,6315887,Свищов - СПГ Алеко Константинов,16013293,senstate,8.3
2026-06-04 06:00:00+00:00,6315887,Свищов - СПГ Алеко Константинов,16013293,senstate,8.51
2026-06-04 07:00:00+00:00,6315887,Свищов - СПГ Алеко Константинов,16013293,senstate,8.84
2026-06-04 08:00:00+00:00,6315887,Свищов - СПГ Алеко Константинов,16013293,senstate,7.02
2026-06-04 09:00:00+00:00,6315887,Свищов - СПГ Алеко Константинов,16013293,senstate,5.8
2026-06-04 10:00:00+00:00,6315887,Свищов - СПГ Алеко Константинов,16013293,senstate,4.77
2026-06-04 11:00:00+00:00,6315887,Свищов - СПГ Алеко Константинов,16013293,senstate,3.72
2026-06-04 12:00:00+00:00,6315887,Свищов - СПГ Алеко Константинов,16013293,senstate,2.74
2026-06-04 13:00:00+00:00,6315887,Свищов - СПГ Алеко Константинов,16013293,senstate,3.34
2026-06-04 14:00:00+00:00,6315887,Свищов - СПГ Алеко Константинов,16013293,senstate,3.49
2026-06-04 15:00:00+00:00,6315887,Свищов - СПГ Алеко Константинов,16013293,senstate,2.31
2026-06-04 16:00:00+00:00,6315887,Свищов - СПГ Алеко Константинов,16013293,senstate,2.03
2026-06-04 17:00:00+00:00,6315887,Свищов - СПГ Алеко Константинов,16013293,senstate,2.09
2026-06-04 18:00:00+00:00,6315887,Свищов - СПГ Алеко Константинов,16013293,senstate,2.31
2026-06-04 19:00:00+00:00,6315887,Свищов - СПГ Алеко Константинов,16013293,senstate,1.93
2026-06-04 20:00:00+00:00,6315887,Свищов - СПГ Алеко Константинов,16013293,senstate,2.34
2026-06-04 21:00:00+00:00,6315887,Свищов - СПГ Алеко Константинов,16013293,senstate,2.18
2026-06-04 22:00:00+00:00,6315887,Свищов - СПГ Алеко Константинов,16013293,senstate,2.97
2026-06-04 23:00:00+00:00,6315887,Свищов - СПГ Алеко Константинов,16013293,senstate,3.83
2026-06-05 00:00:00+00:00,6315887,Свищов - СПГ Алеко Константинов,16013293,senstate,3.62
2026-06-05 01:00:00+00:00,6315887,Свищов - СПГ Алеко Константинов,16013293,senstate,4.36
2026-06-05 02:00:00+00:00,6315887,Свищов - СПГ Алеко Константинов,16013293,senstate,6.51
2026-06-05 03:00:00+00:00,6315887,Свищов - СПГ Алеко Константинов,16013293,senstate,7.22
2026-06-05 04:00:00+00:00,6315887,Свищов - СПГ Алеко Константинов,16013293,senstate,9.0
2026-06-05 05:00:00+00:00,6315887,Свищов - СПГ Алеко Константинов,16013293,senstate,10.8
2026-06-05 06:00:00+00:00,6315887,Свищов - СПГ Алеко Константинов,16013293,senstate,9.17
2026-06-05 07:00:00+00:00,6315887,Свищов - СПГ Алеко Константинов,16013293,senstate,8.55
2026-06-05 08:00:00+00:00,6315887,Свищов - СПГ Алеко Константинов,16013293,senstate,8.44
2026-06-05 09:00:00+00:00,6315887,Свищов - СПГ Алеко Константинов,16013293,senstate,5.76
2026-06-05 10:00:00+00:00,6315887,Свищов - СПГ Алеко Константинов,16013293,senstate,4.97
2026-06-05 11:00:00+00:00,6315887,Свищов - СПГ Алеко Константинов,16013293,senstate,4.43
2026-06-05 12:00:00+00:00,6315887,Свищов - СПГ Алеко Константинов,16013293,senstate,3.98
2026-06-05 13:00:00+00:00,6315887,Свищов - СПГ Алеко Константинов,16013293,senstate,3.61
2026-06-05 14:00:00+00:00,6315887,Свищов - СПГ Алеко Константинов,16013293,senstate,3.62
2026-06-05 15:00:00+00:00,6315887,Свищов - СПГ Алеко Константинов,16013293,senstate,4.01
2026-06-05 16:00:00+00:00,6315887,Свищов - СПГ Алеко Константинов,16013293,senstate,4.33
2026-06-05 17:00:00+00:00,6315887,Свищов - СПГ Алеко Константинов,16013293,senstate,5.83
2026-06-05 18:00:00+00:00,6315887,Свищов - СПГ Алеко Константинов,16013293,senstate,6.53
2026-06-05 19:00:00+00:00,6315887,Свищов - СПГ Алеко Константинов,16013293,senstate,7.63
2026-06-05 20:00:00+00:00,6315887,Свищов - СПГ Алеко Константинов,16013293,senstate,8.93
2026-06-05 21:00:00+00:00,6315887,Свищов - СПГ Алеко Константинов,16013293,senstate,7.15
2026-06-05 22:00:00+00:00,6315887,Свищов - СПГ Алеко Константинов,16013293,senstate,7.83
2026-06-05 23:00:00+00:00,6315887,Свищов - СПГ Алеко Константинов,16013293,senstate,7.61
2026-06-06 00:00:00+00:00,6315887,Свищов - СПГ Алеко Константинов,16013293,senstate,8.03
2026-06-06 01:00:00+00:00,6315887,Свищов - СПГ Алеко Константинов,16013293,senstate,8.76
2026-06-06 02:00:00+00:00,6315887,Свищов - СПГ Алеко Константинов,16013293,senstate,8.36
2026-06-06 03:00:00+00:00,6315887,Свищов - СПГ Алеко Константинов,16013293,senstate,8.64
2026-06-06 04:00:00+00:00,6315887,Свищов - СПГ Алеко Константинов,16013293,senstate,9.2
2026-06-06 05:00:00+00:00,6315887,Свищов - СПГ Алеко Константинов,16013293,senstate,9.23
2026-06-06 06:00:00+00:00,6315887,Свищов - СПГ Алеко Константинов,16013293,senstate,9.1
2026-06-06 07:00:00+00:00,6315887,Свищов - СПГ Алеко Константинов,16013293,senstate,8.96
2026-06-06 08:00:00+00:00,6315887,Свищов - СПГ Алеко Константинов,16013293,senstate,9.43
2026-06-06 09:00:00+00:00,6315887,Свищов - СПГ Алеко Константинов,16013293,senstate,7.4
2026-06-06 10:00:00+00:00,6315887,Свищов - СПГ Алеко Константинов,16013293,senstate,5.65
2026-06-06 11:00:00+00:00,6315887,Свищов - СПГ Алеко Константинов,16013293,senstate,4.66
2026-06-06 12:00:00+00:00,6315887,Свищов - СПГ Алеко Константинов,16013293,senstate,4.72
2026-06-06 13:00:00+00:00,6315887,Свищов - СПГ Алеко Константинов,16013293,senstate,4.86
2026-06-06 14:00:00+00:00,6315887,Свищов - СПГ Алеко Константинов,16013293,senstate,5.82
2026-06-06 15:00:00+00:00,6315887,Свищов - СПГ Алеко Константинов,16013293,senstate,5.56
2026-06-06 16:00:00+00:00,6315887,Свищов - СПГ Алеко Константинов,16013293,senstate,5.27
2026-06-06 17:00:00+00:00,6315887,Свищов - СПГ Алеко Константинов,16013293,senstate,5.59
2026-06-06 18:00:00+00:00,6315887,Свищов - СПГ Алеко Константинов,16013293,senstate,5.97
2026-06-06 19:00:00+00:00,6315887,Свищов - СПГ Алеко Константинов,16013293,senstate,5.5
2026-06-06 20:00:00+00:00,6315887,Свищов - СПГ Алеко Константинов,16013293,senstate,5.61
2026-06-06 21:00:00+00:00,6315887,Свищов - СПГ Алеко Константинов,16013293,senstate,6.27
2026-06-06 22:00:00+00:00,6315887,Свищов - СПГ Алеко Константинов,16013293,senstate,6.77
2026-06-06 23:00:00+00:00,6315887,Свищов - СПГ Алеко Константинов,16013293,senstate,6.23
2026-06-07 00:00:00+00:00,6315887,Свищов - СПГ Алеко Константинов,16013293,senstate,6.73
2026-06-07 01:00:00+00:00,6315887,Свищов - СПГ Алеко Константинов,16013293,senstate,6.74
2026-06-07 02:00:00+00:00,6315887,Свищов - СПГ Алеко Константинов,16013293,senstate,6.69
2026-06-07 03:00:00+00:00,6315887,Свищов - СПГ Алеко Константинов,16013293,senstate,7.21
2026-06-07 04:00:00+00:00,6315887,Свищов - СПГ Алеко Константинов,16013293,senstate,6.84
2026-06-07 05:00:00+00:00,6315887,Свищов - СПГ Алеко Константинов,16013293,senstate,6.2
2026-06-07 06:00:00+00:00,6315887,Свищов - СПГ Алеко Константинов,16013293,senstate,5.78
2026-06-07 07:00:00+00:00,6315887,Свищов - СПГ Алеко Константинов,16013293,senstate,6.23
2026-06-07 08:00:00+00:00,6315887,Свищов - СПГ Алеко Константинов,16013293,senstate,5.32
2026-06-07 09:00:00+00:00,6315887,Свищов - СПГ Алеко Константинов,16013293,senstate,4.97
2026-06-07 10:00:00+00:00,6315887,Свищов - СПГ Алеко Константинов,16013293,senstate,5.05
2026-06-07 11:00:00+00:00,6315887,Свищов - СПГ Алеко Константинов,16013293,senstate,3.67
2026-06-07 12:00:00+00:00,6315887,Свищов - СПГ Алеко Константинов,16013293,senstate,3.93
2026-06-07 13:00:00+00:00,6315887,Свищов - СПГ Алеко Константинов,16013293,senstate,4.04
2026-06-07 14:00:00+00:00,6315887,Свищов - СПГ Алеко Константинов,16013293,senstate,3.99
2026-06-07 15:00:00+00:00,6315887,Свищов - СПГ Алеко Константинов,16013293,senstate,4.05
2026-06-07 16:00:00+00:00,6315887,Свищов - СПГ Алеко Константинов,16013293,senstate,4.44
2026-06-07 17:00:00+00:00,6315887,Свищов - СПГ Алеко Константинов,16013293,senstate,4.03
2026-06-07 18:00:00+00:00,6315887,Свищов - СПГ Алеко Константинов,16013293,senstate,4.1
2026-06-07 19:00:00+00:00,6315887,Свищов - СПГ Алеко Константинов,16013293,senstate,5.25
2026-06-07 20:00:00+00:00,6315887,Свищов - СПГ Алеко Константинов,16013293,senstate,5.92
2026-06-07 21:00:00+00:00,6315887,Свищов - СПГ Алеко Константинов,16013293,senstate,6.39
2026-06-07 22:00:00+00:00,6315887,Свищов - СПГ Алеко Константинов,16013293,senstate,6.94
2026-06-07 23:00:00+00:00,6315887,Свищов - СПГ Алеко Константинов,16013293,senstate,7.1
2026-06-08 00:00:00+00:00,6315887,Свищов - СПГ Алеко Константинов,16013293,senstate,5.92
2026-06-08 01:00:00+00:00,6315887,Свищов - СПГ Алеко Константинов,16013293,senstate,6.52
2026-06-08 02:00:00+00:00,6315887,Свищов - СПГ Алеко Константинов,16013293,senstate,8.22
2026-06-08 03:00:00+00:00,6315887,Свищов - СПГ Алеко Константинов,16013293,senstate,8.8
2026-06-08 04:00:00+00:00,6315887,Свищов - СПГ Алеко Константинов,16013293,senstate,9.42
2026-06-08 05:00:00+00:00,6315887,Свищов - СПГ Алеко Константинов,16013293,senstate,8.33
2026-06-08 06:00:00+00:00,6315887,Свищов - СПГ Алеко Константинов,16013293,senstate,6.39
2026-06-08 07:00:00+00:00,6315887,Свищов - СПГ Алеко Константинов,16013293,senstate,4.45
2026-06-08 08:00:00+00:00,6315887,Свищов - СПГ Алеко Константинов,16013293,senstate,4.16
2026-06-08 09:00:00+00:00,6315887,Свищов - СПГ Алеко Константинов,16013293,senstate,4.21
2026-06-08 10:00:00+00:00,6315887,Свищов - СПГ Алеко Константинов,16013293,senstate,4.45
2026-06-08 11:00:00+00:00,6315887,Свищов - СПГ Алеко Константинов,16013293,senstate,3.42
2026-06-08 12:00:00+00:00,6315887,Свищов - СПГ Алеко Константинов,16013293,senstate,3.32
2026-06-08 13:00:00+00:00,6315887,Свищов - СПГ Алеко Константинов,16013293,senstate,3.15
2026-06-08 14:00:00+00:00,6315887,Свищов - СПГ Алеко Константинов,16013293,senstate,2.82
2026-06-08 15:00:00+00:00,6315887,Свищов - СПГ Алеко Константинов,16013293,senstate,3.17
2026-06-08 16:00:00+00:00,6315887,Свищов - СПГ Алеко Константинов,16013293,senstate,2.12
2026-06-08 17:00:00+00:00,6315887,Свищов - СПГ Алеко Константинов,16013293,senstate,2.25
2026-06-08 18:00:00+00:00,6315887,Свищов - СПГ Алеко Константинов,16013293,senstate,2.45
2026-06-08 19:00:00+00:00,6315887,Свищов - СПГ Алеко Константинов,16013293,senstate,3.42
2026-06-08 20:00:00+00:00,6315887,Свищов - СПГ Алеко Константинов,16013293,senstate,3.19
2026-06-08 21:00:00+00:00,6315887,Свищов - СПГ Алеко Константинов,16013293,senstate,2.72
2026-06-08 22:00:00+00:00,6315887,Свищов - СПГ Алеко Константинов,16013293,senstate,3.25
2026-06-08 23:00:00+00:00,6315887,Свищов - СПГ Алеко Константинов,16013293,senstate,3.32
2026-06-09 00:00:00+00:00,6315887,Свищов - СПГ Алеко Константинов,16013293,senstate,3.73
2026-06-09 01:00:00+00:00,6315887,Свищов - СПГ Алеко Константинов,16013293,senstate,3.88
2026-06-09 02:00:00+00:00,6315887,Свищов - СПГ Алеко Константинов,16013293,senstate,4.03
2026-06-09 03:00:00+00:00,6315887,Свищов - СПГ Алеко Константинов,16013293,senstate,4.38
2026-06-09 04:00:00+00:00,6315887,Свищов - СПГ Алеко Константинов,16013293,senstate,4.81
2026-06-09 05:00:00+00:00,6315887,Свищов - СПГ Алеко Константинов,16013293,senstate,5.37
2026-06-09 06:00:00+00:00,6315887,Свищов - СПГ Алеко Константинов,16013293,senstate,8.12
2026-06-09 07:00:00+00:00,6315887,Свищов - СПГ Алеко Константинов,16013293,senstate,6.02
2026-06-09 08:00:00+00:00,6315887,Свищов - СПГ Алеко Константинов,16013293,senstate,5.69
2026-06-09 09:00:00+00:00,6315887,Свищов - СПГ Алеко Константинов,16013293,senstate,5.76
2026-06-09 10:00:00+00:00,6315887,Свищов - СПГ Алеко Константинов,16013293,senstate,4.3
2026-06-09 11:00:00+00:00,6315887,Свищов - СПГ Алеко Константинов,16013293,senstate,3.0
2026-06-09 12:00:00+00:00,6315887,Свищов - СПГ Алеко Константинов,16013293,senstate,3.14
2026-06-09 13:00:00+00:00,6315887,Свищов - СПГ Алеко Константинов,16013293,senstate,2.98
2026-06-09 14:00:00+00:00,6315887,Свищов - СПГ Алеко Константинов,16013293,senstate,2.72
2026-06-09 15:00:00+00:00,6315887,Свищов - СПГ Алеко Константинов,16013293,senstate,2.89
2026-06-09 16:00:00+00:00,6315887,Свищов - СПГ Алеко Константинов,16013293,senstate,2.78
2026-06-09 17:00:00+00:00,6315887,Свищов - СПГ Алеко Константинов,16013293,senstate,2.46
2026-06-09 18:00:00+00:00,6315887,Свищов - СПГ Алеко Константинов,16013293,senstate,2.54
2026-06-09 19:00:00+00:00,6315887,Свищов - СПГ Алеко Константинов,16013293,senstate,2.45
2026-06-09 20:00:00+00:00,6315887,Свищов - СПГ Алеко Константинов,16013293,senstate,2.62
2026-06-09 21:00:00+00:00,6315887,Свищов - СПГ Алеко Константинов,16013293,senstate,2.55
2026-06-09 22:00:00+00:00,6315887,Свищов - СПГ Алеко Константинов,16013293,senstate,2.81
2026-06-09 23:00:00+00:00,6315887,Свищов - СПГ Алеко Константинов,16013293,senstate,3.57
2026-06-10 00:00:00+00:00,6315887,Свищов - СПГ Алеко Константинов,16013293,senstate,4.3
2026-06-10 01:00:00+00:00,6315887,Свищов - СПГ Алеко Константинов,16013293,senstate,3.56
2026-06-10 02:00:00+00:00,6315887,Свищов - СПГ Алеко Константинов,16013293,senstate,3.45
2026-06-10 03:00:00+00:00,6315887,Свищов - СПГ Алеко Константинов,16013293,senstate,3.55
2026-06-10 04:00:00+00:00,6315887,Свищов - СПГ Алеко Константинов,16013293,senstate,3.36
2026-06-10 05:00:00+00:00,6315887,Свищов - СПГ Алеко Константинов,16013293,senstate,4.72
2026-06-10 06:00:00+00:00,6315887,Свищов - СПГ Алеко Константинов,16013293,senstate,4.52
2026-06-10 07:00:00+00:00,6315887,Свищов - СПГ Алеко Константинов,16013293,senstate,4.72
2026-06-10 08:00:00+00:00,6315887,Свищов - СПГ Алеко Константинов,16013293,senstate,3.64
2026-06-10 09:00:00+00:00,6315887,Свищов - СПГ Алеко Константинов,16013293,senstate,4.02
2026-06-10 10:00:00+00:00,6315887,Свищов - СПГ Алеко Константинов,16013293,senstate,3.55
2026-06-10 11:00:00+00:00,6315887,Свищов - СПГ Алеко Константинов,16013293,senstate,2.77
2026-06-10 12:00:00+00:00,6315887,Свищов - СПГ Алеко Константинов,16013293,senstate,2.58
2026-06-10 13:00:00+00:00,6315887,Свищов - СПГ Алеко Константинов,16013293,senstate,2.49
2026-06-10 14:00:00+00:00,6315887,Свищов - СПГ Алеко Константинов,16013293,senstate,2.21
2026-06-10 15:00:00+00:00,6315887,Свищов - СПГ Алеко Константинов,16013293,senstate,2.11
2026-06-10 16:00:00+00:00,6315887,Свищов - СПГ Алеко Константинов,16013293,senstate,2.01
2026-06-10 17:00:00+00:00,6315887,Свищов - СПГ Алеко Константинов,16013293,senstate,2.27
2026-06-10 18:00:00+00:00,6315887,Свищов - СПГ Алеко Константинов,16013293,senstate,2.01
2026-06-10 19:00:00+00:00,6315887,Свищов - СПГ Алеко Константинов,16013293,senstate,2.27
2026-06-10 20:00:00+00:00,6315887,Свищов - СПГ Алеко Константинов,16013293,senstate,3.03
2026-06-10 21:00:00+00:00,6315887,Свищов - СПГ Алеко Константинов,16013293,senstate,3.62
2026-06-10 22:00:00+00:00,6315887,Свищов - СПГ Алеко Константинов,16013293,senstate,3.84
2026-06-10 23:00:00+00:00,6315887,Свищов - СПГ Алеко Константинов,16013293,senstate,3.0
2026-06-11 00:00:00+00:00,6315887,Свищов - СПГ Алеко Константинов,16013293,senstate,2.59
2026-06-11 01:00:00+00:00,6315887,Свищов - СПГ Алеко Константинов,16013293,senstate,2.28
2026-06-11 02:00:00+00:00,6315887,Свищов - СПГ Алеко Константинов,16013293,senstate,2.45
2026-06-11 03:00:00+00:00,6315887,Свищов - СПГ Алеко Константинов,16013293,senstate,2.46
2026-06-11 04:00:00+00:00,6315887,Свищов - СПГ Алеко Константинов,16013293,senstate,2.84
2026-06-11 05:00:00+00:00,6315887,Свищов - СПГ Алеко Константинов,16013293,senstate,4.53
2026-06-11 06:00:00+00:00,6315887,Свищов - СПГ Алеко Константинов,16013293,senstate,3.27
2026-06-11 07:00:00+00:00,6315887,Свищов - СПГ Алеко Константинов,16013293,senstate,5.25
2026-06-11 08:00:00+00:00,6315887,Свищов - СПГ Алеко Константинов,16013293,senstate,4.35
2026-06-11 09:00:00+00:00,6315887,Свищов - СПГ Алеко Константинов,16013293,senstate,4.16
2026-06-11 10:00:00+00:00,6315887,Свищов - СПГ Алеко Константинов,16013293,senstate,3.62
2026-06-11 11:00:00+00:00,6315887,Свищов - СПГ Алеко Константинов,16013293,senstate,4.02
2026-06-11 12:00:00+00:00,6315887,Свищов - СПГ Алеко Константинов,16013293,senstate,2.97
2026-06-11 13:00:00+00:00,6315887,Свищов - СПГ Алеко Константинов,16013293,senstate,2.9
2026-06-11 14:00:00+00:00,6315887,Свищов - СПГ Алеко Константинов,16013293,senstate,3.09
2026-06-11 15:00:00+00:00,6315887,Свищов - СПГ Алеко Константинов,16013293,senstate,3.28
2026-06-11 16:00:00+00:00,6315887,Свищов - СПГ Алеко Константинов,16013293,senstate,3.38
2026-06-11 17:00:00+00:00,6315887,Свищов - СПГ Алеко Константинов,16013293,senstate,3.69
2026-06-11 18:00:00+00:00,6315887,Свищов - СПГ Алеко Константинов,16013293,senstate,4.57
2026-06-11 19:00:00+00:00,6315887,Свищов - СПГ Алеко Константинов,16013293,senstate,5.2
2026-06-11 20:00:00+00:00,6315887,Свищов - СПГ Алеко Константинов,16013293,senstate,5.58
2026-06-11 21:00:00+00:00,6315887,Свищов - СПГ Алеко Константинов,16013293,senstate,4.71
2026-06-11 22:00:00+00:00,6315887,Свищов - СПГ Алеко Константинов,16013293,senstate,4.12
2026-06-11 23:00:00+00:00,6315887,Свищов - СПГ Алеко Константинов,16013293,senstate,4.04
2026-06-12 00:00:00+00:00,6315887,Свищов - СПГ Алеко Константинов,16013293,senstate,4.36
2026-06-12 01:00:00+00:00,6315887,Свищов - СПГ Алеко Константинов,16013293,senstate,2.8
2026-06-12 02:00:00+00:00,6315887,Свищов - СПГ Алеко Константинов,16013293,senstate,1.31
2026-06-12 03:00:00+00:00,6315887,Свищов - СПГ Алеко Константинов,16013293,senstate,1.56
2026-06-12 04:00:00+00:00,6315887,Свищов - СПГ Алеко Константинов,16013293,senstate,1.85
2026-06-12 05:00:00+00:00,6315887,Свищов - СПГ Алеко Константинов,16013293,senstate,0.833
2026-06-12 06:00:00+00:00,6315887,Свищов - СПГ Алеко Константинов,16013293,senstate,0.953
2026-06-12 07:00:00+00:00,6315887,Свищов - СПГ Алеко Константинов,16013293,senstate,1.49
2026-06-12 08:00:00+00:00,6315887,Свищов - СПГ Алеко Константинов,16013293,senstate,1.05
2026-06-12 09:00:00+00:00,6315887,Свищов - СПГ Алеко Константинов,16013293,senstate,1.12
2026-06-12 10:00:00+00:00,6315887,Свищов - СПГ Алеко Константинов,16013293,senstate,2.24
2026-06-12 11:00:00+00:00,6315887,Свищов - СПГ Алеко Константинов,16013293,senstate,3.43
2026-06-12 12:00:00+00:00,6315887,Свищов - СПГ Алеко Константинов,16013293,senstate,3.85
2026-06-12 13:00:00+00:00,6315887,Свищов - СПГ Алеко Константинов,16013293,senstate,3.29
2026-06-12 14:00:00+00:00,6315887,Свищов - СПГ Алеко Константинов,16013293,senstate,1.69
2026-06-12 15:00:00+00:00,6315887,Свищов - СПГ Алеко Константинов,16013293,senstate,1.21
2026-06-12 16:00:00+00:00,6315887,Свищов - СПГ Алеко Константинов,16013293,senstate,0.651
2026-06-12 17:00:00+00:00,6315887,Свищов - СПГ Алеко Константинов,16013293,senstate,0.688
2026-06-12 18:00:00+00:00,6315887,Свищов - СПГ Алеко Константинов,16013293,senstate,0.699
2026-06-12 19:00:00+00:00,6315887,Свищов - СПГ Алеко Константинов,16013293,senstate,0.554
2026-06-12 20:00:00+00:00,6315887,Свищов - СПГ Алеко Константинов,16013293,senstate,0.49
2026-06-12 21:00:00+00:00,6315887,Свищов - СПГ Алеко Константинов,16013293,senstate,0.57
2026-06-12 22:00:00+00:00,6315887,Свищов - СПГ Алеко Константинов,16013293,senstate,0.5
2026-06-12 23:00:00+00:00,6315887,Свищов - СПГ Алеко Константинов,16013293,senstate,0.804
2026-06-13 00:00:00+00:00,6315887,Свищов - СПГ Алеко Константинов,16013293,senstate,0.7
2026-06-13 01:00:00+00:00,6315887,Свищов - СПГ Алеко Константинов,16013293,senstate,0.861
2026-06-13 02:00:00+00:00,6315887,Свищов - СПГ Алеко Константинов,16013293,senstate,1.73
2026-06-13 03:00:00+00:00,6315887,Свищов - СПГ Алеко Константинов,16013293,senstate,1.66
2026-06-13 04:00:00+00:00,6315887,Свищов - СПГ Алеко Константинов,16013293,senstate,1.76
2026-06-13 05:00:00+00:00,6315887,Свищов - СПГ Алеко Константинов,16013293,senstate,2.05
2026-06-13 06:00:00+00:00,6315887,Свищов - СПГ Алеко Константинов,16013293,senstate,2.52
2026-06-13 07:00:00+00:00,6315887,Свищов - СПГ Алеко Константинов,16013293,senstate,2.87
2026-06-13 08:00:00+00:00,6315887,Свищов - СПГ Алеко Константинов,16013293,senstate,2.75
2026-06-13 09:00:00+00:00,6315887,Свищов - СПГ Алеко Константинов,16013293,senstate,2.92
2026-06-13 10:00:00+00:00,6315887,Свищов - СПГ Алеко Константинов,16013293,senstate,2.08
2026-06-13 11:00:00+00:00,6315887,Свищов - СПГ Алеко Константинов,16013293,senstate,3.01
2026-06-13 12:00:00+00:00,6315887,Свищов - СПГ Алеко Константинов,16013293,senstate,1.38
2026-06-13 13:00:00+00:00,6315887,Свищов - СПГ Алеко Константинов,16013293,senstate,1.04
2026-06-13 14:00:00+00:00,6315887,Свищов - СПГ Алеко Константинов,16013293,senstate,1.56
2026-06-13 15:00:00+00:00,6315887,Свищов - СПГ Алеко Константинов,16013293,senstate,1.4
2026-06-13 16:00:00+00:00,6315887,Свищов - СПГ Алеко Константинов,16013293,senstate,1.23
2026-06-13 17:00:00+00:00,6315887,Свищов - СПГ Алеко Константинов,16013293,senstate,1.52
2026-06-13 18:00:00+00:00,6315887,Свищов - СПГ Алеко Константинов,16013293,senstate,1.35
2026-06-13 19:00:00+00:00,6315887,Свищов - СПГ Алеко Константинов,16013293,senstate,1.43
2026-06-13 20:00:00+00:00,6315887,Свищов - СПГ Алеко Константинов,16013293,senstate,2.07
2026-06-13 21:00:00+00:00,6315887,Свищов - СПГ Алеко Константинов,16013293,senstate,0.814
2026-06-13 22:00:00+00:00,6315887,Свищов - СПГ Алеко Константинов,16013293,senstate,0.901
2026-06-13 23:00:00+00:00,6315887,Свищов - СПГ Алеко Константинов,16013293,senstate,0.992
2026-06-14 00:00:00+00:00,6315887,Свищов - СПГ Алеко Константинов,16013293,senstate,1.08
2026-06-14 01:00:00+00:00,6315887,Свищов - СПГ Алеко Константинов,16013293,senstate,1.13
2026-06-14 02:00:00+00:00,6315887,Свищов - СПГ Алеко Константинов,16013293,senstate,1.42
2026-06-14 03:00:00+00:00,6315887,Свищов - СПГ Алеко Константинов,16013293,senstate,1.54
2026-06-14 04:00:00+00:00,6315887,Свищов - СПГ Алеко Константинов,16013293,senstate,1.82
2026-06-14 05:00:00+00:00,6315887,Свищов - СПГ Алеко Константинов,16013293,senstate,1.83
2026-06-14 06:00:00+00:00,6315887,Свищов - СПГ Алеко Константинов,16013293,senstate,1.8
2026-06-14 07:00:00+00:00,6315887,Свищов - СПГ Алеко Константинов,16013293,senstate,1.54
2026-06-14 08:00:00+00:00,6315887,Свищов - СПГ Алеко Константинов,16013293,senstate,1.2
2026-06-14 09:00:00+00:00,6315887,Свищов - СПГ Алеко Константинов,16013293,senstate,1.43
2026-06-14 10:00:00+00:00,6315887,Свищов - СПГ Алеко Константинов,16013293,senstate,1.39
2026-06-14 11:00:00+00:00,6315887,Свищов - СПГ Алеко Константинов,16013293,senstate,1.26
2026-06-14 12:00:00+00:00,6315887,Свищов - СПГ Алеко Константинов,16013293,senstate,1.3
2026-06-14 13:00:00+00:00,6315887,Свищов - СПГ Алеко Константинов,16013293,senstate,1.21
2026-06-14 14:00:00+00:00,6315887,Свищов - СПГ Алеко Константинов,16013293,senstate,1.21
2026-06-14 15:00:00+00:00,6315887,Свищов - СПГ Алеко Константинов,16013293,senstate,1.22
2026-06-14 16:00:00+00:00,6315887,Свищов - СПГ Алеко Константинов,16013293,senstate,1.35
2026-06-14 17:00:00+00:00,6315887,Свищов - СПГ Алеко Константинов,16013293,senstate,1.32
2026-06-14 18:00:00+00:00,6315887,Свищов - СПГ Алеко Константинов,16013293,senstate,1.19
2026-06-14 19:00:00+00:00,6315887,Свищов - СПГ Алеко Константинов,16013293,senstate,1.32
2026-06-14 20:00:00+00:00,6315887,Свищов - СПГ Алеко Константинов,16013293,senstate,2.03
2026-06-14 21:00:00+00:00,6315887,Свищов - СПГ Алеко Константинов,16013293,senstate,1.33
2026-06-14 22:00:00+00:00,6315887,Свищов - СПГ Алеко Константинов,16013293,senstate,1.33
2026-06-14 23:00:00+00:00,6315887,Свищов - СПГ Алеко Константинов,16013293,senstate,1.61
2026-06-15 00:00:00+00:00,6315887,Свищов - СПГ Алеко Константинов,16013293,senstate,0.889
2026-06-15 01:00:00+00:00,6315887,Свищов - СПГ Алеко Константинов,16013293,senstate,0.719
2026-06-15 02:00:00+00:00,6315887,Свищов - СПГ Алеко Константинов,16013293,senstate,0.655
2026-06-15 03:00:00+00:00,6315887,Свищов - СПГ Алеко Константинов,16013293,senstate,0.848
2026-06-15 04:00:00+00:00,6315887,Свищов - СПГ Алеко Константинов,16013293,senstate,1.01
2026-06-15 05:00:00+00:00,6315887,Свищов - СПГ Алеко Константинов,16013293,senstate,1.31
2026-06-15 06:00:00+00:00,6315887,Свищов - СПГ Алеко Константинов,16013293,senstate,1.9
2026-06-15 07:00:00+00:00,6315887,Свищов - СПГ Алеко Константинов,16013293,senstate,1.65
2026-06-15 08:00:00+00:00,6315887,Свищов - СПГ Алеко Константинов,16013293,senstate,2.3
2026-06-15 09:00:00+00:00,6315887,Свищов - СПГ Алеко Константинов,16013293,senstate,2.5
2026-06-15 10:00:00+00:00,6315887,Свищов - СПГ Алеко Константинов,16013293,senstate,1.52
2026-06-15 11:00:00+00:00,6315887,Свищов - СПГ Алеко Константинов,16013293,senstate,1.13
2026-06-15 12:00:00+00:00,6315887,Свищов - СПГ Алеко Константинов,16013293,senstate,1.12
2026-06-15 13:00:00+00:00,6315887,Свищов - СПГ Алеко Константинов,16013293,senstate,1.23
2026-06-15 14:00:00+00:00,6315887,Свищов - СПГ Алеко Константинов,16013293,senstate,1.35
2026-06-15 15:00:00+00:00,6315887,Свищов - СПГ Алеко Константинов,16013293,senstate,1.43
2026-06-15 16:00:00+00:00,6315887,Свищов - СПГ Алеко Константинов,16013293,senstate,1.75
2026-06-15 17:00:00+00:00,6315887,Свищов - СПГ Алеко Константинов,16013293,senstate,3.26
2026-06-15 18:00:00+00:00,6315887,Свищов - СПГ Алеко Константинов,16013293,senstate,1.38
2026-06-15 19:00:00+00:00,6315887,Свищов - СПГ Алеко Константинов,16013293,senstate,1.61
2026-06-15 20:00:00+00:00,6315887,Свищов - СПГ Алеко Константинов,16013293,senstate,1.71
2026-06-15 21:00:00+00:00,6315887,Свищов - СПГ Алеко Константинов,16013293,senstate,1.6
2026-06-15 22:00:00+00:00,6315887,Свищов - СПГ Алеко Константинов,16013293,senstate,1.67
2026-06-15 23:00:00+00:00,6315887,Свищов - СПГ Алеко Константинов,16013293,senstate,1.6
2026-06-16 00:00:00+00:00,6315887,Свищов - СПГ Алеко Константинов,16013293,senstate,1.94
2026-06-16 01:00:00+00:00,6315887,Свищов - СПГ Алеко Константинов,16013293,senstate,1.78
2026-06-16 02:00:00+00:00,6315887,Свищов - СПГ Алеко Константинов,16013293,senstate,1.56
2026-06-16 03:00:00+00:00,6315887,Свищов - СПГ Алеко Константинов,16013293,senstate,1.78
2026-06-16 04:00:00+00:00,6315887,Свищов - СПГ Алеко Константинов,16013293,senstate,1.58
2026-06-16 05:00:00+00:00,6315887,Свищов - СПГ Алеко Константинов,16013293,senstate,1.51
2026-06-16 06:00:00+00:00,6315887,Свищов - СПГ Алеко Константинов,16013293,senstate,2.86
2026-06-16 07:00:00+00:00,6315887,Свищов - СПГ Алеко Константинов,16013293,senstate,2.15
2026-06-16 08:00:00+00:00,6315887,Свищов - СПГ Алеко Константинов,16013293,senstate,2.18
2026-06-16 09:00:00+00:00,6315887,Свищов - СПГ Алеко Константинов,16013293,senstate,2.23
2026-06-16 10:00:00+00:00,6315887,Свищов - СПГ Алеко Константинов,16013293,senstate,1.96
2026-06-16 11:00:00+00:00,6315887,Свищов - СПГ Алеко Константинов,16013293,senstate,1.88
2026-06-16 12:00:00+00:00,6315887,Свищов - СПГ Алеко Константинов,16013293,senstate,1.58
2026-06-16 13:00:00+00:00,6315887,Свищов - СПГ Алеко Константинов,16013293,senstate,1.35
2026-06-16 14:00:00+00:00,6315887,Свищов - СПГ Алеко Константинов,16013293,senstate,1.24
2026-06-16 15:00:00+00:00,6315887,Свищов - СПГ Алеко Константинов,16013293,senstate,1.36
2026-06-16 16:00:00+00:00,6315887,Свищов - СПГ Алеко Константинов,16013293,senstate,1.41
2026-06-16 17:00:00+00:00,6315887,Свищов - СПГ Алеко Константинов,16013293,senstate,1.45
2026-06-16 18:00:00+00:00,6315887,Свищов - СПГ Алеко Константинов,16013293,senstate,1.44
2026-06-16 19:00:00+00:00,6315887,Свищов - СПГ Алеко Константинов,16013293,senstate,2.44
2026-06-16 20:00:00+00:00,6315887,Свищов - СПГ Алеко Константинов,16013293,senstate,2.04
2026-06-16 21:00:00+00:00,6315887,Свищов - СПГ Алеко Константинов,16013293,senstate,1.65
2026-06-16 22:00:00+00:00,6315887,Свищов - СПГ Алеко Константинов,16013293,senstate,1.65
2026-06-16 23:00:00+00:00,6315887,Свищов - СПГ Алеко Константинов,16013293,senstate,1.54
2026-06-17 00:00:00+00:00,6315887,Свищов - СПГ Алеко Константинов,16013293,senstate,1.62
2026-06-17 01:00:00+00:00,6315887,Свищов - СПГ Алеко Константинов,16013293,senstate,1.82
2026-06-17 02:00:00+00:00,6315887,Свищов - СПГ Алеко Константинов,16013293,senstate,2.98
2026-06-17 03:00:00+00:00,6315887,Свищов - СПГ Алеко Константинов,16013293,senstate,4.4
2026-06-17 04:00:00+00:00,6315887,Свищов - СПГ Алеко Константинов,16013293,senstate,4.89
2026-06-17 05:00:00+00:00,6315887,Свищов - СПГ Алеко Константинов,16013293,senstate,3.5
2026-06-17 06:00:00+00:00,6315887,Свищов - СПГ Алеко Константинов,16013293,senstate,4.08
2026-06-17 07:00:00+00:00,6315887,Свищов - СПГ Алеко Константинов,16013293,senstate,4.52
2026-06-17 08:00:00+00:00,6315887,Свищов - СПГ Алеко Константинов,16013293,senstate,3.49
2026-06-17 09:00:00+00:00,6315887,Свищов - СПГ Алеко Константинов,16013293,senstate,3.19
2026-06-17 10:00:00+00:00,6315887,Свищов - СПГ Алеко Константинов,16013293,senstate,1.98
2026-06-17 11:00:00+00:00,6315887,Свищов - СПГ Алеко Константинов,16013293,senstate,1.87
2026-06-17 12:00:00+00:00,6315887,Свищов - СПГ Алеко Константинов,16013293,senstate,1.44
2026-06-17 13:00:00+00:00,6404859,Pejeng Kangin,16632095,AirGradient,76.4
2026-06-17 13:00:00+00:00,6315887,Свищов - СПГ Алеко Константинов,16013293,senstate,1.33
2026-06-17 14:00:00+00:00,6404859,Pejeng Kangin,16632095,AirGradient,85.6
2026-06-17 14:00:00+00:00,6315887,Свищов - СПГ Алеко Константинов,16013293,senstate,1.3
2026-06-17 15:00:00+00:00,6404859,Pejeng Kangin,16632095,AirGradient,66.6
2026-06-17 15:00:00+00:00,6315887,Свищов - СПГ Алеко Константинов,16013293,senstate,1.46
2026-06-17 16:00:00+00:00,6404859,Pejeng Kangin,16632095,AirGradient,55.9
2026-06-17 16:00:00+00:00,6315887,Свищов - СПГ Алеко Константинов,16013293,senstate,1.48
2026-06-17 17:00:00+00:00,6404859,Pejeng Kangin,16632095,AirGradient,45.4
2026-06-17 17:00:00+00:00,6315887,Свищов - СПГ Алеко Константинов,16013293,senstate,1.52
2026-06-17 18:00:00+00:00,6404859,Pejeng Kangin,16632095,AirGradient,40.8
2026-06-17 18:00:00+00:00,6315887,Свищов - СПГ Алеко Константинов,16013293,senstate,1.61
2026-06-17 19:00:00+00:00,6404859,Pejeng Kangin,16632095,AirGradient,35.4
2026-06-17 19:00:00+00:00,6315887,Свищов - СПГ Алеко Константинов,16013293,senstate,2.46
2026-06-17 20:00:00+00:00,6404859,Pejeng Kangin,16632095,AirGradient,30.8
2026-06-17 20:00:00+00:00,6315887,Свищов - СПГ Алеко Константинов,16013293,senstate,2.84
2026-06-17 21:00:00+00:00,6404859,Pejeng Kangin,16632095,AirGradient,30.3
2026-06-17 21:00:00+00:00,6315887,Свищов - СПГ Алеко Константинов,16013293,senstate,1.79
2026-06-17 22:00:00+00:00,6404859,Pejeng Kangin,16632095,AirGradient,36.4
2026-06-17 22:00:00+00:00,6315887,Свищов - СПГ Алеко Константинов,16013293,senstate,1.98
2026-06-17 23:00:00+00:00,6404859,Pejeng Kangin,16632095,AirGradient,38.8
2026-06-17 23:00:00+00:00,6315887,Свищов - СПГ Алеко Константинов,16013293,senstate,1.79
2026-06-18 00:00:00+00:00,6404859,Pejeng Kangin,16632095,AirGradient,74.2
2026-06-18 00:00:00+00:00,6315887,Свищов - СПГ Алеко Константинов,16013293,senstate,1.86
2026-06-18 01:00:00+00:00,6404859,Pejeng Kangin,16632095,AirGradient,72.6
2026-06-18 01:00:00+00:00,6315887,Свищов - СПГ Алеко Константинов,16013293,senstate,1.95
2026-06-18 02:00:00+00:00,6404859,Pejeng Kangin,16632095,AirGradient,35.2
2026-06-18 02:00:00+00:00,6315887,Свищов - СПГ Алеко Константинов,16013293,senstate,2.11
2026-06-18 03:00:00+00:00,6404859,Pejeng Kangin,16632095,AirGradient,31.2
2026-06-18 03:00:00+00:00,6315887,Свищов - СПГ Алеко Константинов,16013293,senstate,2.3
2026-06-18 04:00:00+00:00,6404859,Pejeng Kangin,16632095,AirGradient,28.0
2026-06-18 04:00:00+00:00,6315887,Свищов - СПГ Алеко Константинов,16013293,senstate,2.58
2026-06-18 05:00:00+00:00,6404859,Pejeng Kangin,16632095,AirGradient,24.3
2026-06-18 05:00:00+00:00,6315887,Свищов - СПГ Алеко Константинов,16013293,senstate,3.13
2026-06-18 06:00:00+00:00,6404859,Pejeng Kangin,16632095,AirGradient,18.0
2026-06-18 06:00:00+00:00,6315887,Свищов - СПГ Алеко Константинов,16013293,senstate,5.83
2026-06-18 07:00:00+00:00,6404859,Pejeng Kangin,16632095,AirGradient,13.9
2026-06-18 07:00:00+00:00,6315887,Свищов - СПГ Алеко Константинов,16013293,senstate,4.95
2026-06-18 08:00:00+00:00,6404859,Pejeng Kangin,16632095,AirGradient,19.7
2026-06-18 08:00:00+00:00,6315887,Свищов - СПГ Алеко Константинов,16013293,senstate,3.85
2026-06-18 09:00:00+00:00,6404859,Pejeng Kangin,16632095,AirGradient,23.0
2026-06-18 09:00:00+00:00,6315887,Свищов - СПГ Алеко Константинов,16013293,senstate,3.05
2026-06-18 10:00:00+00:00,6404859,Pejeng Kangin,16632095,AirGradient,37.7
2026-06-18 10:00:00+00:00,6315887,Свищов - СПГ Алеко Константинов,16013293,senstate,2.6
2026-06-18 11:00:00+00:00,6404859,Pejeng Kangin,16632095,AirGradient,44.0
2026-06-18 11:00:00+00:00,6315887,Свищов - СПГ Алеко Константинов,16013293,senstate,2.14
2026-06-18 12:00:00+00:00,6404859,Pejeng Kangin,16632095,AirGradient,47.1
2026-06-18 12:00:00+00:00,6315887,Свищов - СПГ Алеко Константинов,16013293,senstate,2.04
2026-06-18 13:00:00+00:00,6404859,Pejeng Kangin,16632095,AirGradient,43.9
2026-06-18 13:00:00+00:00,6315887,Свищов - СПГ Алеко Константинов,16013293,senstate,1.62
2026-06-18 14:00:00+00:00,6404859,Pejeng Kangin,16632095,AirGradient,36.4
2026-06-18 14:00:00+00:00,6315887,Свищов - СПГ Алеко Константинов,16013293,senstate,1.47
2026-06-18 15:00:00+00:00,6404859,Pejeng Kangin,16632095,AirGradient,38.0
2026-06-18 15:00:00+00:00,6315887,Свищов - СПГ Алеко Константинов,16013293,senstate,1.55
2026-06-18 16:00:00+00:00,6404859,Pejeng Kangin,16632095,AirGradient,32.6
2026-06-18 16:00:00+00:00,6315887,Свищов - СПГ Алеко Константинов,16013293,senstate,1.65
2026-06-18 17:00:00+00:00,6404859,Pejeng Kangin,16632095,AirGradient,24.9
2026-06-18 17:00:00+00:00,6315887,Свищов - СПГ Алеко Константинов,16013293,senstate,2.03
2026-06-18 18:00:00+00:00,6404859,Pejeng Kangin,16632095,AirGradient,16.8
2026-06-18 18:00:00+00:00,6315887,Свищов - СПГ Алеко Константинов,16013293,senstate,1.87
2026-06-18 19:00:00+00:00,6404859,Pejeng Kangin,16632095,AirGradient,13.4
2026-06-18 19:00:00+00:00,6315887,Свищов - СПГ Алеко Константинов,16013293,senstate,2.04
2026-06-18 20:00:00+00:00,6404859,Pejeng Kangin,16632095,AirGradient,12.4
2026-06-18 20:00:00+00:00,6315887,Свищов - СПГ Алеко Константинов,16013293,senstate,2.25
2026-06-18 21:00:00+00:00,6404859,Pejeng Kangin,16632095,AirGradient,14.0
2026-06-18 21:00:00+00:00,6315887,Свищов - СПГ Алеко Константинов,16013293,senstate,2.14
2026-06-18 22:00:00+00:00,6404859,Pejeng Kangin,16632095,AirGradient,20.1
2026-06-18 22:00:00+00:00,6315887,Свищов - СПГ Алеко Константинов,16013293,senstate,2.31
2026-06-18 23:00:00+00:00,6404859,Pejeng Kangin,16632095,AirGradient,40.2
2026-06-18 23:00:00+00:00,6315887,Свищов - СПГ Алеко Константинов,16013293,senstate,2.62
2026-06-19 00:00:00+00:00,6404859,Pejeng Kangin,16632095,AirGradient,39.5
2026-06-19 00:00:00+00:00,6315887,Свищов - СПГ Алеко Константинов,16013293,senstate,3.12
2026-06-19 01:00:00+00:00,6404859,Pejeng Kangin,16632095,AirGradient,26.5
2026-06-19 01:00:00+00:00,6315887,Свищов - СПГ Алеко Константинов,16013293,senstate,3.28
2026-06-19 02:00:00+00:00,6404859,Pejeng Kangin,16632095,AirGradient,10.0
2026-06-19 02:00:00+00:00,6315887,Свищов - СПГ Алеко Константинов,16013293,senstate,3.42
2026-06-19 03:00:00+00:00,6404859,Pejeng Kangin,16632095,AirGradient,9.5
2026-06-19 03:00:00+00:00,6315887,Свищов - СПГ Алеко Константинов,16013293,senstate,3.74
2026-06-19 04:00:00+00:00,6404859,Pejeng Kangin,16632095,AirGradient,8.6
2026-06-19 04:00:00+00:00,6315887,Свищов - СПГ Алеко Константинов,16013293,senstate,3.83
2026-06-19 05:00:00+00:00,6404859,Pejeng Kangin,16632095,AirGradient,8.2
2026-06-19 05:00:00+00:00,6315887,Свищов - СПГ Алеко Константинов,16013293,senstate,6.54
2026-06-19 06:00:00+00:00,6404859,Pejeng Kangin,16632095,AirGradient,9.2
2026-06-19 06:00:00+00:00,6315887,Свищов - СПГ Алеко Константинов,16013293,senstate,6.35
2026-06-19 07:00:00+00:00,6404859,Pejeng Kangin,16632095,AirGradient,19.0
2026-06-19 07:00:00+00:00,6315887,Свищов - СПГ Алеко Константинов,16013293,senstate,4.08
2026-06-19 08:00:00+00:00,6404859,Pejeng Kangin,16632095,AirGradient,22.2
2026-06-19 08:00:00+00:00,6315887,Свищов - СПГ Алеко Константинов,16013293,senstate,2.58
2026-06-19 09:00:00+00:00,6404859,Pejeng Kangin,16632095,AirGradient,25.5
2026-06-19 09:00:00+00:00,6315887,Свищов - СПГ Алеко Константинов,16013293,senstate,2.37
2026-06-19 10:00:00+00:00,6404859,Pejeng Kangin,16632095,AirGradient,27.8
2026-06-19 10:00:00+00:00,6315887,Свищов - СПГ Алеко Константинов,16013293,senstate,3.03
2026-06-19 11:00:00+00:00,6404859,Pejeng Kangin,16632095,AirGradient,27.8
2026-06-19 11:00:00+00:00,6315887,Свищов - СПГ Алеко Константинов,16013293,senstate,2.99
2026-06-19 12:00:00+00:00,6404859,Pejeng Kangin,16632095,AirGradient,25.3
2026-06-19 12:00:00+00:00,6315887,Свищов - СПГ Алеко Константинов,16013293,senstate,2.87
2026-06-19 13:00:00+00:00,6404859,Pejeng Kangin,16632095,AirGradient,21.3
2026-06-19 13:00:00+00:00,6315887,Свищов - СПГ Алеко Константинов,16013293,senstate,3.01
2026-06-19 14:00:00+00:00,6404859,Pejeng Kangin,16632095,AirGradient,10.7
2026-06-19 14:00:00+00:00,6315887,Свищов - СПГ Алеко Константинов,16013293,senstate,2.84
2026-06-19 15:00:00+00:00,6404859,Pejeng Kangin,16632095,AirGradient,8.6
2026-06-19 15:00:00+00:00,6315887,Свищов - СПГ Алеко Константинов,16013293,senstate,2.82
2026-06-19 16:00:00+00:00,6404859,Pejeng Kangin,16632095,AirGradient,15.4
2026-06-19 16:00:00+00:00,6315887,Свищов - СПГ Алеко Константинов,16013293,senstate,2.58
2026-06-19 17:00:00+00:00,6404859,Pejeng Kangin,16632095,AirGradient,8.6
2026-06-19 17:00:00+00:00,6315887,Свищов - СПГ Алеко Константинов,16013293,senstate,2.16
2026-06-19 18:00:00+00:00,6404859,Pejeng Kangin,16632095,AirGradient,8.6
2026-06-19 18:00:00+00:00,6315887,Свищов - СПГ Алеко Константинов,16013293,senstate,1.85
2026-06-19 19:00:00+00:00,6404859,Pejeng Kangin,16632095,AirGradient,8.0
2026-06-19 19:00:00+00:00,6315887,Свищов - СПГ Алеко Константинов,16013293,senstate,3.06
2026-06-19 20:00:00+00:00,6404859,Pejeng Kangin,16632095,AirGradient,8.3
2026-06-19 20:00:00+00:00,6315887,Свищов - СПГ Алеко Константинов,16013293,senstate,1.74
2026-06-19 21:00:00+00:00,6404859,Pejeng Kangin,16632095,AirGradient,9.5
2026-06-19 21:00:00+00:00,6315887,Свищов - СПГ Алеко Константинов,16013293,senstate,1.57
2026-06-19 22:00:00+00:00,6404859,Pejeng Kangin,16632095,AirGradient,15.7
2026-06-19 22:00:00+00:00,6315887,Свищов - СПГ Алеко Константинов,16013293,senstate,1.57
2026-06-19 23:00:00+00:00,6404859,Pejeng Kangin,16632095,AirGradient,44.2
2026-06-19 23:00:00+00:00,6315887,Свищов - СПГ Алеко Константинов,16013293,senstate,1.95
2026-06-20 00:00:00+00:00,6404859,Pejeng Kangin,16632095,AirGradient,60.6
2026-06-20 00:00:00+00:00,6315887,Свищов - СПГ Алеко Константинов,16013293,senstate,2.33
2026-06-20 01:00:00+00:00,6404859,Pejeng Kangin,16632095,AirGradient,39.0
2026-06-20 01:00:00+00:00,6315887,Свищов - СПГ Алеко Константинов,16013293,senstate,2.23
2026-06-20 02:00:00+00:00,6404859,Pejeng Kangin,16632095,AirGradient,35.4
2026-06-20 02:00:00+00:00,6315887,Свищов - СПГ Алеко Константинов,16013293,senstate,2.47
2026-06-20 03:00:00+00:00,6404859,Pejeng Kangin,16632095,AirGradient,30.2
2026-06-20 03:00:00+00:00,6315887,Свищов - СПГ Алеко Константинов,16013293,senstate,2.62
2026-06-20 04:00:00+00:00,6404859,Pejeng Kangin,16632095,AirGradient,17.4
2026-06-20 04:00:00+00:00,6315887,Свищов - СПГ Алеко Константинов,16013293,senstate,3.55
2026-06-20 05:00:00+00:00,6404859,Pejeng Kangin,16632095,AirGradient,15.3
2026-06-20 05:00:00+00:00,6315887,Свищов - СПГ Алеко Константинов,16013293,senstate,3.43
2026-06-20 06:00:00+00:00,6404859,Pejeng Kangin,16632095,AirGradient,10.6
2026-06-20 06:00:00+00:00,6315887,Свищов - СПГ Алеко Константинов,16013293,senstate,2.82
2026-06-20 07:00:00+00:00,6404859,Pejeng Kangin,16632095,AirGradient,7.3
2026-06-20 07:00:00+00:00,6315887,Свищов - СПГ Алеко Константинов,16013293,senstate,2.91
2026-06-20 08:00:00+00:00,6404859,Pejeng Kangin,16632095,AirGradient,8.9
2026-06-20 08:00:00+00:00,6315887,Свищов - СПГ Алеко Константинов,16013293,senstate,2.26
2026-06-20 09:00:00+00:00,6404859,Pejeng Kangin,16632095,AirGradient,20.0
2026-06-20 09:00:00+00:00,6315887,Свищов - СПГ Алеко Константинов,16013293,senstate,2.62
2026-06-20 10:00:00+00:00,6404859,Pejeng Kangin,16632095,AirGradient,28.0
2026-06-20 10:00:00+00:00,6315887,Свищов - СПГ Алеко Константинов,16013293,senstate,2.58
2026-06-20 11:00:00+00:00,6404859,Pejeng Kangin,16632095,AirGradient,32.7
2026-06-20 11:00:00+00:00,6315887,Свищов - СПГ Алеко Константинов,16013293,senstate,2.98
2026-06-20 12:00:00+00:00,6404859,Pejeng Kangin,16632095,AirGradient,28.1
2026-06-20 12:00:00+00:00,6315887,Свищов - СПГ Алеко Константинов,16013293,senstate,2.66
2026-06-20 13:00:00+00:00,6404859,Pejeng Kangin,16632095,AirGradient,18.5
2026-06-20 13:00:00+00:00,6315887,Свищов - СПГ Алеко Константинов,16013293,senstate,2.45
2026-06-20 14:00:00+00:00,6404859,Pejeng Kangin,16632095,AirGradient,19.5
2026-06-20 14:00:00+00:00,6315887,Свищов - СПГ Алеко Константинов,16013293,senstate,2.3
2026-06-20 15:00:00+00:00,6404859,Pejeng Kangin,16632095,AirGradient,26.8
2026-06-20 15:00:00+00:00,6315887,Свищов - СПГ Алеко Константинов,16013293,senstate,2.34
2026-06-20 16:00:00+00:00,6404859,Pejeng Kangin,16632095,AirGradient,33.0
2026-06-20 16:00:00+00:00,6315887,Свищов - СПГ Алеко Константинов,16013293,senstate,2.46
2026-06-20 17:00:00+00:00,6404859,Pejeng Kangin,16632095,AirGradient,35.0
2026-06-20 17:00:00+00:00,6315887,Свищов - СПГ Алеко Константинов,16013293,senstate,2.39
2026-06-20 18:00:00+00:00,6404859,Pejeng Kangin,16632095,AirGradient,37.7
2026-06-20 18:00:00+00:00,6315887,Свищов - СПГ Алеко Константинов,16013293,senstate,2.6
2026-06-20 19:00:00+00:00,6404859,Pejeng Kangin,16632095,AirGradient,35.3
2026-06-20 19:00:00+00:00,6315887,Свищов - СПГ Алеко Константинов,16013293,senstate,2.8
2026-06-20 20:00:00+00:00,6404859,Pejeng Kangin,16632095,AirGradient,32.7
2026-06-20 20:00:00+00:00,6315887,Свищов - СПГ Алеко Константинов,16013293,senstate,2.56
2026-06-20 21:00:00+00:00,6404859,Pejeng Kangin,16632095,AirGradient,28.4
2026-06-20 21:00:00+00:00,6315887,Свищов - СПГ Алеко Константинов,16013293,senstate,2.66
2026-06-20 22:00:00+00:00,6404859,Pejeng Kangin,16632095,AirGradient,27.2
2026-06-20 22:00:00+00:00,6315887,Свищов - СПГ Алеко Константинов,16013293,senstate,2.92
2026-06-20 23:00:00+00:00,6404859,Pejeng Kangin,16632095,AirGradient,40.7
2026-06-20 23:00:00+00:00,6315887,Свищов - СПГ Алеко Константинов,16013293,senstate,3.88
2026-06-21 00:00:00+00:00,6404859,Pejeng Kangin,16632095,AirGradient,49.8
2026-06-21 00:00:00+00:00,6315887,Свищов - СПГ Алеко Константинов,16013293,senstate,3.95
2026-06-21 01:00:00+00:00,6404859,Pejeng Kangin,16632095,AirGradient,35.0
2026-06-21 01:00:00+00:00,6315887,Свищов - СПГ Алеко Константинов,16013293,senstate,3.61
2026-06-21 02:00:00+00:00,6404859,Pejeng Kangin,16632095,AirGradient,29.0
2026-06-21 02:00:00+00:00,6315887,Свищов - СПГ Алеко Константинов,16013293,senstate,4.26
2026-06-21 03:00:00+00:00,6404859,Pejeng Kangin,16632095,AirGradient,27.5
2026-06-21 03:00:00+00:00,6315887,Свищов - СПГ Алеко Константинов,16013293,senstate,4.61
2026-06-21 04:00:00+00:00,6404859,Pejeng Kangin,16632095,AirGradient,24.5
2026-06-21 04:00:00+00:00,6315887,Свищов - СПГ Алеко Константинов,16013293,senstate,3.93
2026-06-21 05:00:00+00:00,6404859,Pejeng Kangin,16632095,AirGradient,25.2
2026-06-21 05:00:00+00:00,6315887,Свищов - СПГ Алеко Константинов,16013293,senstate,5.26
2026-06-21 06:00:00+00:00,6404859,Pejeng Kangin,16632095,AirGradient,20.4
2026-06-21 06:00:00+00:00,6315887,Свищов - СПГ Алеко Константинов,16013293,senstate,6.52
2026-06-21 07:00:00+00:00,6404859,Pejeng Kangin,16632095,AirGradient,16.7
2026-06-21 07:00:00+00:00,6315887,Свищов - СПГ Алеко Константинов,16013293,senstate,4.39
2026-06-21 08:00:00+00:00,6404859,Pejeng Kangin,16632095,AirGradient,19.7
2026-06-21 08:00:00+00:00,6315887,Свищов - СПГ Алеко Константинов,16013293,senstate,3.61
2026-06-21 09:00:00+00:00,6404859,Pejeng Kangin,16632095,AirGradient,30.9
2026-06-21 09:00:00+00:00,6315887,Свищов - СПГ Алеко Константинов,16013293,senstate,4.5
2026-06-21 10:00:00+00:00,6404859,Pejeng Kangin,16632095,AirGradient,31.9
2026-06-21 10:00:00+00:00,6315887,Свищов - СПГ Алеко Константинов,16013293,senstate,5.41
2026-06-21 11:00:00+00:00,6404859,Pejeng Kangin,16632095,AirGradient,34.1
2026-06-21 11:00:00+00:00,6315887,Свищов - СПГ Алеко Константинов,16013293,senstate,4.69
2026-06-21 12:00:00+00:00,6404859,Pejeng Kangin,16632095,AirGradient,31.6
2026-06-21 12:00:00+00:00,6315887,Свищов - СПГ Алеко Константинов,16013293,senstate,4.75
2026-06-21 13:00:00+00:00,6404859,Pejeng Kangin,16632095,AirGradient,34.8
2026-06-21 13:00:00+00:00,6315887,Свищов - СПГ Алеко Константинов,16013293,senstate,4.76
2026-06-21 14:00:00+00:00,6404859,Pejeng Kangin,16632095,AirGradient,39.9
2026-06-21 14:00:00+00:00,6315887,Свищов - СПГ Алеко Константинов,16013293,senstate,4.89
2026-06-21 15:00:00+00:00,6404859,Pejeng Kangin,16632095,AirGradient,35.5
2026-06-21 15:00:00+00:00,6315887,Свищов - СПГ Алеко Константинов,16013293,senstate,4.83
2026-06-21 16:00:00+00:00,6404859,Pejeng Kangin,16632095,AirGradient,40.3
2026-06-21 16:00:00+00:00,6315887,Свищов - СПГ Алеко Константинов,16013293,senstate,5.1
2026-06-21 17:00:00+00:00,6404859,Pejeng Kangin,16632095,AirGradient,38.1
2026-06-21 17:00:00+00:00,6315887,Свищов - СПГ Алеко Константинов,16013293,senstate,5.32
2026-06-21 18:00:00+00:00,6404859,Pejeng Kangin,16632095,AirGradient,35.4
2026-06-21 18:00:00+00:00,6315887,Свищов - СПГ Алеко Константинов,16013293,senstate,6.41
2026-06-21 19:00:00+00:00,6404859,Pejeng Kangin,16632095,AirGradient,36.5
2026-06-21 19:00:00+00:00,6315887,Свищов - СПГ Алеко Константинов,16013293,senstate,5.82
2026-06-21 20:00:00+00:00,6404859,Pejeng Kangin,16632095,AirGradient,34.1
2026-06-21 20:00:00+00:00,6315887,Свищов - СПГ Алеко Константинов,16013293,senstate,6.86
2026-06-21 21:00:00+00:00,6404859,Pejeng Kangin,16632095,AirGradient,30.6
2026-06-21 21:00:00+00:00,6315887,Свищов - СПГ Алеко Константинов,16013293,senstate,5.23
2026-06-21 22:00:00+00:00,6404859,Pejeng Kangin,16632095,AirGradient,32.4
2026-06-21 22:00:00+00:00,6315887,Свищов - СПГ Алеко Константинов,16013293,senstate,4.47
2026-06-21 23:00:00+00:00,6404859,Pejeng Kangin,16632095,AirGradient,40.2
2026-06-21 23:00:00+00:00,6315887,Свищов - СПГ Алеко Константинов,16013293,senstate,4.24
2026-06-22 00:00:00+00:00,6404859,Pejeng Kangin,16632095,AirGradient,43.7
2026-06-22 00:00:00+00:00,6315887,Свищов - СПГ Алеко Константинов,16013293,senstate,5.92
2026-06-22 01:00:00+00:00,6404859,Pejeng Kangin,16632095,AirGradient,33.2
2026-06-22 01:00:00+00:00,6315887,Свищов - СПГ Алеко Константинов,16013293,senstate,5.92
2026-06-22 02:00:00+00:00,6404859,Pejeng Kangin,16632095,AirGradient,34.8
2026-06-22 02:00:00+00:00,6315887,Свищов - СПГ Алеко Константинов,16013293,senstate,6.2
2026-06-22 03:00:00+00:00,6404859,Pejeng Kangin,16632095,AirGradient,36.2
2026-06-22 03:00:00+00:00,6315887,Свищов - СПГ Алеко Константинов,16013293,senstate,6.44
2026-06-22 04:00:00+00:00,6404859,Pejeng Kangin,16632095,AirGradient,31.0
2026-06-22 04:00:00+00:00,6315887,Свищов - СПГ Алеко Константинов,16013293,senstate,7.28
2026-06-22 05:00:00+00:00,6404859,Pejeng Kangin,16632095,AirGradient,28.1
2026-06-22 05:00:00+00:00,6315887,Свищов - СПГ Алеко Константинов,16013293,senstate,8.33
2026-06-22 06:00:00+00:00,6404859,Pejeng Kangin,16632095,AirGradient,24.4
2026-06-22 06:00:00+00:00,6315887,Свищов - СПГ Алеко Константинов,16013293,senstate,8.23
2026-06-22 07:00:00+00:00,6404859,Pejeng Kangin,16632095,AirGradient,23.2
2026-06-22 07:00:00+00:00,6315887,Свищов - СПГ Алеко Константинов,16013293,senstate,6.25
2026-06-22 08:00:00+00:00,6404859,Pejeng Kangin,16632095,AirGradient,22.0
2026-06-22 08:00:00+00:00,6315887,Свищов - СПГ Алеко Константинов,16013293,senstate,5.89
2026-06-22 09:00:00+00:00,6404859,Pejeng Kangin,16632095,AirGradient,26.3
2026-06-22 09:00:00+00:00,6315887,Свищов - СПГ Алеко Константинов,16013293,senstate,5.73
2026-06-22 10:00:00+00:00,6404859,Pejeng Kangin,16632095,AirGradient,28.0
2026-06-22 10:00:00+00:00,6315887,Свищов - СПГ Алеко Константинов,16013293,senstate,3.96
2026-06-22 11:00:00+00:00,6404859,Pejeng Kangin,16632095,AirGradient,38.8
2026-06-22 11:00:00+00:00,6315887,Свищов - СПГ Алеко Константинов,16013293,senstate,5.81
2026-06-22 12:00:00+00:00,6404859,Pejeng Kangin,16632095,AirGradient,29.8
2026-06-22 12:00:00+00:00,6315887,Свищов - СПГ Алеко Константинов,16013293,senstate,5.34
2026-06-22 13:00:00+00:00,6404859,Pejeng Kangin,16632095,AirGradient,25.0
2026-06-22 13:00:00+00:00,6315887,Свищов - СПГ Алеко Константинов,16013293,senstate,4.64
2026-06-22 14:00:00+00:00,6404859,Pejeng Kangin,16632095,AirGradient,19.4
2026-06-22 14:00:00+00:00,6315887,Свищов - СПГ Алеко Константинов,16013293,senstate,4.27
2026-06-22 15:00:00+00:00,6404859,Pejeng Kangin,16632095,AirGradient,18.3
2026-06-22 15:00:00+00:00,6315887,Свищов - СПГ Алеко Константинов,16013293,senstate,4.65
2026-06-22 16:00:00+00:00,6404859,Pejeng Kangin,16632095,AirGradient,16.5
2026-06-22 16:00:00+00:00,6315887,Свищов - СПГ Алеко Константинов,16013293,senstate,4.61
2026-06-22 17:00:00+00:00,6404859,Pejeng Kangin,16632095,AirGradient,17.9
2026-06-22 17:00:00+00:00,6315887,Свищов - СПГ Алеко Константинов,16013293,senstate,4.17
2026-06-22 18:00:00+00:00,6404859,Pejeng Kangin,16632095,AirGradient,23.8
2026-06-22 18:00:00+00:00,6315887,Свищов - СПГ Алеко Константинов,16013293,senstate,3.57
2026-06-22 19:00:00+00:00,6404859,Pejeng Kangin,16632095,AirGradient,32.2
2026-06-22 19:00:00+00:00,6315887,Свищов - СПГ Алеко Константинов,16013293,senstate,3.71
2026-06-22 20:00:00+00:00,6404859,Pejeng Kangin,16632095,AirGradient,34.3
2026-06-22 20:00:00+00:00,6315887,Свищов - СПГ Алеко Константинов,16013293,senstate,4.7
2026-06-22 21:00:00+00:00,6404859,Pejeng Kangin,16632095,AirGradient,32.0
2026-06-22 21:00:00+00:00,6315887,Свищов - СПГ Алеко Константинов,16013293,senstate,4.36
2026-06-22 22:00:00+00:00,6404859,Pejeng Kangin,16632095,AirGradient,36.8
2026-06-22 22:00:00+00:00,6315887,Свищов - СПГ Алеко Константинов,16013293,senstate,4.52
2026-06-22 23:00:00+00:00,6404859,Pejeng Kangin,16632095,AirGradient,47.1
2026-06-22 23:00:00+00:00,6315887,Свищов - СПГ Алеко Константинов,16013293,senstate,4.52
2026-06-23 00:00:00+00:00,6404859,Pejeng Kangin,16632095,AirGradient,54.6
2026-06-23 00:00:00+00:00,6315887,Свищов - СПГ Алеко Константинов,16013293,senstate,6.02
2026-06-23 01:00:00+00:00,6404859,Pejeng Kangin,16632095,AirGradient,35.5
2026-06-23 01:00:00+00:00,6315887,Свищов - СПГ Алеко Константинов,16013293,senstate,23.3
2026-06-23 02:00:00+00:00,6404859,Pejeng Kangin,16632095,AirGradient,21.0
2026-06-23 02:00:00+00:00,6315887,Свищов - СПГ Алеко Константинов,16013293,senstate,16.9
2026-06-23 03:00:00+00:00,6404859,Pejeng Kangin,16632095,AirGradient,14.1
2026-06-23 03:00:00+00:00,6315887,Свищов - СПГ Алеко Константинов,16013293,senstate,8.33
2026-06-23 04:00:00+00:00,6404859,Pejeng Kangin,16632095,AirGradient,16.2
2026-06-23 04:00:00+00:00,6315887,Свищов - СПГ Алеко Константинов,16013293,senstate,7.33
2026-06-23 05:00:00+00:00,6404859,Pejeng Kangin,16632095,AirGradient,30.8
2026-06-23 05:00:00+00:00,6315887,Свищов - СПГ Алеко Константинов,16013293,senstate,7.97
2026-06-23 06:00:00+00:00,6404859,Pejeng Kangin,16632095,AirGradient,26.1
2026-06-23 06:00:00+00:00,6315887,Свищов - СПГ Алеко Константинов,16013293,senstate,6.86
2026-06-23 07:00:00+00:00,6404859,Pejeng Kangin,16632095,AirGradient,23.8
2026-06-23 07:00:00+00:00,6315887,Свищов - СПГ Алеко Константинов,16013293,senstate,6.01
2026-06-23 08:00:00+00:00,6404859,Pejeng Kangin,16632095,AirGradient,22.6
2026-06-23 08:00:00+00:00,6315887,Свищов - СПГ Алеко Константинов,16013293,senstate,3.05
2026-06-23 09:00:00+00:00,6404859,Pejeng Kangin,16632095,AirGradient,33.8
2026-06-23 09:00:00+00:00,6315887,Свищов - СПГ Алеко Константинов,16013293,senstate,3.22
2026-06-23 10:00:00+00:00,6404859,Pejeng Kangin,16632095,AirGradient,41.7
2026-06-23 10:00:00+00:00,6315887,Свищов - СПГ Алеко Константинов,16013293,senstate,3.85
2026-06-23 11:00:00+00:00,6404859,Pejeng Kangin,16632095,AirGradient,41.2
2026-06-23 11:00:00+00:00,6315887,Свищов - СПГ Алеко Константинов,16013293,senstate,4.97
2026-06-23 12:00:00+00:00,6404859,Pejeng Kangin,16632095,AirGradient,48.2
2026-06-23 12:00:00+00:00,6315887,Свищов - СПГ Алеко Константинов,16013293,senstate,3.64
2026-06-23 13:00:00+00:00,6404859,Pejeng Kangin,16632095,AirGradient,80.2
2026-06-23 13:00:00+00:00,6315887,Свищов - СПГ Алеко Константинов,16013293,senstate,3.32
2026-06-23 14:00:00+00:00,6404859,Pejeng Kangin,16632095,AirGradient,65.9
2026-06-23 14:00:00+00:00,6315887,Свищов - СПГ Алеко Константинов,16013293,senstate,3.6
2026-06-23 15:00:00+00:00,6404859,Pejeng Kangin,16632095,AirGradient,57.0
2026-06-23 15:00:00+00:00,6315887,Свищов - СПГ Алеко Константинов,16013293,senstate,4.06
2026-06-23 16:00:00+00:00,6404859,Pejeng Kangin,16632095,AirGradient,61.4
2026-06-23 16:00:00+00:00,6315887,Свищов - СПГ Алеко Константинов,16013293,senstate,4.71
2026-06-23 17:00:00+00:00,6404859,Pejeng Kangin,16632095,AirGradient,60.7
2026-06-23 17:00:00+00:00,6315887,Свищов - СПГ Алеко Константинов,16013293,senstate,3.42
2026-06-23 18:00:00+00:00,6404859,Pejeng Kangin,16632095,AirGradient,46.0
2026-06-23 18:00:00+00:00,6315887,Свищов - СПГ Алеко Константинов,16013293,senstate,2.26
2026-06-23 19:00:00+00:00,6404859,Pejeng Kangin,16632095,AirGradient,37.5
2026-06-23 19:00:00+00:00,6315887,Свищов - СПГ Алеко Константинов,16013293,senstate,2.21
2026-06-23 20:00:00+00:00,6404859,Pejeng Kangin,16632095,AirGradient,36.0
2026-06-23 20:00:00+00:00,6315887,Свищов - СПГ Алеко Константинов,16013293,senstate,2.42
2026-06-23 21:00:00+00:00,6404859,Pejeng Kangin,16632095,AirGradient,34.9
2026-06-23 21:00:00+00:00,6315887,Свищов - СПГ Алеко Константинов,16013293,senstate,2.94
2026-06-23 22:00:00+00:00,6404859,Pejeng Kangin,16632095,AirGradient,37.1
2026-06-23 22:00:00+00:00,6315887,Свищов - СПГ Алеко Константинов,16013293,senstate,2.65
2026-06-23 23:00:00+00:00,6404859,Pejeng Kangin,16632095,AirGradient,47.9
2026-06-23 23:00:00+00:00,6315887,Свищов - СПГ Алеко Константинов,16013293,senstate,2.61
2026-06-24 00:00:00+00:00,6404859,Pejeng Kangin,16632095,AirGradient,58.0
2026-06-24 00:00:00+00:00,6315887,Свищов - СПГ Алеко Константинов,16013293,senstate,3.84
2026-06-24 01:00:00+00:00,6404859,Pejeng Kangin,16632095,AirGradient,47.2
2026-06-24 01:00:00+00:00,6315887,Свищов - СПГ Алеко Константинов,16013293,senstate,4.3
2026-06-24 02:00:00+00:00,6404859,Pejeng Kangin,16632095,AirGradient,25.9
2026-06-24 02:00:00+00:00,6315887,Свищов - СПГ Алеко Константинов,16013293,senstate,3.62
2026-06-24 03:00:00+00:00,6404859,Pejeng Kangin,16632095,AirGradient,18.8
2026-06-24 03:00:00+00:00,6315887,Свищов - СПГ Алеко Константинов,16013293,senstate,4.16
2026-06-24 04:00:00+00:00,6404859,Pejeng Kangin,16632095,AirGradient,11.2
2026-06-24 04:00:00+00:00,6315887,Свищов - СПГ Алеко Константинов,16013293,senstate,5.38
2026-06-24 05:00:00+00:00,6404859,Pejeng Kangin,16632095,AirGradient,12.7
2026-06-24 05:00:00+00:00,6315887,Свищов - СПГ Алеко Константинов,16013293,senstate,7.55
2026-06-24 06:00:00+00:00,6404859,Pejeng Kangin,16632095,AirGradient,14.9
2026-06-24 06:00:00+00:00,6315887,Свищов - СПГ Алеко Константинов,16013293,senstate,10.8
2026-06-24 07:00:00+00:00,6404859,Pejeng Kangin,16632095,AirGradient,13.1
2026-06-24 07:00:00+00:00,6315887,Свищов - СПГ Алеко Константинов,16013293,senstate,11.0
2026-06-24 08:00:00+00:00,6404859,Pejeng Kangin,16632095,AirGradient,18.8
2026-06-24 08:00:00+00:00,6315887,Свищов - СПГ Алеко Константинов,16013293,senstate,7.19
2026-06-24 09:00:00+00:00,6404859,Pejeng Kangin,16632095,AirGradient,25.5
2026-06-24 09:00:00+00:00,6315887,Свищов - СПГ Алеко Константинов,16013293,senstate,6.03
2026-06-24 10:00:00+00:00,6404859,Pejeng Kangin,16632095,AirGradient,22.2
2026-06-24 10:00:00+00:00,6315887,Свищов - СПГ Алеко Константинов,16013293,senstate,6.4
2026-06-24 11:00:00+00:00,6404859,Pejeng Kangin,16632095,AirGradient,37.0
2026-06-24 12:00:00+00:00,6404859,Pejeng Kangin,16632095,AirGradient,38.7
2026-06-24 13:00:00+00:00,6404859,Pejeng Kangin,16632095,AirGradient,33.9
2026-06-24 14:00:00+00:00,6404859,Pejeng Kangin,16632095,AirGradient,31.9
2026-06-24 15:00:00+00:00,6404859,Pejeng Kangin,16632095,AirGradient,32.6
2026-06-24 16:00:00+00:00,6404859,Pejeng Kangin,16632095,AirGradient,36.0
2026-06-24 17:00:00+00:00,6404859,Pejeng Kangin,16632095,AirGradient,30.5
2026-06-24 18:00:00+00:00,6404859,Pejeng Kangin,16632095,AirGradient,29.2
2026-06-24 19:00:00+00:00,6404859,Pejeng Kangin,16632095,AirGradient,32.3
2026-06-24 20:00:00+00:00,6404859,Pejeng Kangin,16632095,AirGradient,28.5
2026-06-24 21:00:00+00:00,6404859,Pejeng Kangin,16632095,AirGradient,25.1
2026-06-24 22:00:00+00:00,6404859,Pejeng Kangin,16632095,AirGradient,29.8
2026-06-24 23:00:00+00:00,6404859,Pejeng Kangin,16632095,AirGradient,41.7
2026-06-25 00:00:00+00:00,6404859,Pejeng Kangin,16632095,AirGradient,48.4
2026-06-25 01:00:00+00:00,6404859,Pejeng Kangin,16632095,AirGradient,30.8
2026-06-25 02:00:00+00:00,6404859,Pejeng Kangin,16632095,AirGradient,21.3
2026-06-25 03:00:00+00:00,6404859,Pejeng Kangin,16632095,AirGradient,23.3
2026-06-25 04:00:00+00:00,6404859,Pejeng Kangin,16632095,AirGradient,26.1
2026-06-25 05:00:00+00:00,6404859,Pejeng Kangin,16632095,AirGradient,22.9
2026-06-25 06:00:00+00:00,6404859,Pejeng Kangin,16632095,AirGradient,23.9
2026-06-25 07:00:00+00:00,6404859,Pejeng Kangin,16632095,AirGradient,24.5
2026-06-25 08:00:00+00:00,6404859,Pejeng Kangin,16632095,AirGradient,30.0
2026-06-25 09:00:00+00:00,6404859,Pejeng Kangin,16632095,AirGradient,40.0
2026-06-25 10:00:00+00:00,6404859,Pejeng Kangin,16632095,AirGradient,42.0
2026-06-25 11:00:00+00:00,6404859,Pejeng Kangin,16632095,AirGradient,44.3
2026-06-25 12:00:00+00:00,6404859,Pejeng Kangin,16632095,AirGradient,43.9
2026-06-25 13:00:00+00:00,6404859,Pejeng Kangin,16632095,AirGradient,43.0
2026-06-25 14:00:00+00:00,6404859,Pejeng Kangin,16632095,AirGradient,41.7
2026-06-25 15:00:00+00:00,6404859,Pejeng Kangin,16632095,AirGradient,40.8
2026-06-25 16:00:00+00:00,6404859,Pejeng Kangin,16632095,AirGradient,33.3
2026-06-25 17:00:00+00:00,6404859,Pejeng Kangin,16632095,AirGradient,30.2
2026-06-25 18:00:00+00:00,6404859,Pejeng Kangin,16632095,AirGradient,34.2
2026-06-25 19:00:00+00:00,6404859,Pejeng Kangin,16632095,AirGradient,32.3
2026-06-25 20:00:00+00:00,6404859,Pejeng Kangin,16632095,AirGradient,20.4
2026-06-25 21:00:00+00:00,6404859,Pejeng Kangin,16632095,AirGradient,16.2
2026-06-25 22:00:00+00:00,6404859,Pejeng Kangin,16632095,AirGradient,18.3
2026-06-25 23:00:00+00:00,6404859,Pejeng Kangin,16632095,AirGradient,33.4
2026-06-26 00:00:00+00:00,6404859,Pejeng Kangin,16632095,AirGradient,36.9
2026-06-26 01:00:00+00:00,6404859,Pejeng Kangin,16632095,AirGradient,35.5
2026-06-26 02:00:00+00:00,6404859,Pejeng Kangin,16632095,AirGradient,28.2
2026-06-26 03:00:00+00:00,6404859,Pejeng Kangin,16632095,AirGradient,27.0
2026-06-26 04:00:00+00:00,6404859,Pejeng Kangin,16632095,AirGradient,26.6
2026-06-26 05:00:00+00:00,6404859,Pejeng Kangin,16632095,AirGradient,26.3
2026-06-26 06:00:00+00:00,6404859,Pejeng Kangin,16632095,AirGradient,25.9
2026-06-26 07:00:00+00:00,6404859,Pejeng Kangin,16632095,AirGradient,26.5
2026-06-26 08:00:00+00:00,6404859,Pejeng Kangin,16632095,AirGradient,26.2
2026-06-26 09:00:00+00:00,6404859,Pejeng Kangin,16632095,AirGradient,26.9
2026-06-26 10:00:00+00:00,6404859,Pejeng Kangin,16632095,AirGradient,30.0
2026-06-26 11:00:00+00:00,6404859,Pejeng Kangin,16632095,AirGradient,35.3
2026-06-26 12:00:00+00:00,6404859,Pejeng Kangin,16632095,AirGradient,38.2
2026-06-26 13:00:00+00:00,6404859,Pejeng Kangin,16632095,AirGradient,40.3
2026-06-26 14:00:00+00:00,6404859,Pejeng Kangin,16632095,AirGradient,38.4
2026-06-26 15:00:00+00:00,6404859,Pejeng Kangin,16632095,AirGradient,34.4
2026-06-26 16:00:00+00:00,6404859,Pejeng Kangin,16632095,AirGradient,33.4
2026-06-26 17:00:00+00:00,6404859,Pejeng Kangin,16632095,AirGradient,33.3
2026-06-26 18:00:00+00:00,6404859,Pejeng Kangin,16632095,AirGradient,37.1
2026-06-26 19:00:00+00:00,6404859,Pejeng Kangin,16632095,AirGradient,44.9
2026-06-26 20:00:00+00:00,6404859,Pejeng Kangin,16632095,AirGradient,39.7
2026-06-26 21:00:00+00:00,6404859,Pejeng Kangin,16632095,AirGradient,41.7
2026-06-26 22:00:00+00:00,6404859,Pejeng Kangin,16632095,AirGradient,50.1
2026-06-26 23:00:00+00:00,6404859,Pejeng Kangin,16632095,AirGradient,66.5
2026-06-27 00:00:00+00:00,6404859,Pejeng Kangin,16632095,AirGradient,73.9
2026-06-27 01:00:00+00:00,6404859,Pejeng Kangin,16632095,AirGradient,65.9
2026-06-27 02:00:00+00:00,6404859,Pejeng Kangin,16632095,AirGradient,38.4
2026-06-27 03:00:00+00:00,6404859,Pejeng Kangin,16632095,AirGradient,42.1
2026-06-27 04:00:00+00:00,6404859,Pejeng Kangin,16632095,AirGradient,39.8
2026-06-27 05:00:00+00:00,6404859,Pejeng Kangin,16632095,AirGradient,32.0
2026-06-27 06:00:00+00:00,6404859,Pejeng Kangin,16632095,AirGradient,29.5
2026-06-27 07:00:00+00:00,6404859,Pejeng Kangin,16632095,AirGradient,28.6
2026-06-27 08:00:00+00:00,6404859,Pejeng Kangin,16632095,AirGradient,27.8
2026-06-27 09:00:00+00:00,6404859,Pejeng Kangin,16632095,AirGradient,30.6
2026-06-27 10:00:00+00:00,6404859,Pejeng Kangin,16632095,AirGradient,41.2
2026-06-27 11:00:00+00:00,6404859,Pejeng Kangin,16632095,AirGradient,117.0
2026-06-27 12:00:00+00:00,6404859,Pejeng Kangin,16632095,AirGradient,48.4
2026-06-27 13:00:00+00:00,6404859,Pejeng Kangin,16632095,AirGradient,40.3
2026-06-27 14:00:00+00:00,6404859,Pejeng Kangin,16632095,AirGradient,31.8
2026-06-27 15:00:00+00:00,6404859,Pejeng Kangin,16632095,AirGradient,31.8
2026-06-27 16:00:00+00:00,6404859,Pejeng Kangin,16632095,AirGradient,32.0
2026-06-27 17:00:00+00:00,6404859,Pejeng Kangin,16632095,AirGradient,31.3
2026-06-27 18:00:00+00:00,6404859,Pejeng Kangin,16632095,AirGradient,30.0
2026-06-27 19:00:00+00:00,6404859,Pejeng Kangin,16632095,AirGradient,30.4
2026-06-27 20:00:00+00:00,6404859,Pejeng Kangin,16632095,AirGradient,28.9
2026-06-27 21:00:00+00:00,6404859,Pejeng Kangin,16632095,AirGradient,27.9
2026-06-27 22:00:00+00:00,6404859,Pejeng Kangin,16632095,AirGradient,32.2
2026-06-27 23:00:00+00:00,6404859,Pejeng Kangin,16632095,AirGradient,42.3
2026-06-28 00:00:00+00:00,6404859,Pejeng Kangin,16632095,AirGradient,52.5
2026-06-28 01:00:00+00:00,6404859,Pejeng Kangin,16632095,AirGradient,50.6
2026-06-28 02:00:00+00:00,6404859,Pejeng Kangin,16632095,AirGradient,26.6
2026-06-28 03:00:00+00:00,6404859,Pejeng Kangin,16632095,AirGradient,22.5
2026-06-28 04:00:00+00:00,6404859,Pejeng Kangin,16632095,AirGradient,21.2
2026-06-28 05:00:00+00:00,6404859,Pejeng Kangin,16632095,AirGradient,12.7
2026-06-28 06:00:00+00:00,6404859,Pejeng Kangin,16632095,AirGradient,10.3
2026-06-28 07:00:00+00:00,6404859,Pejeng Kangin,16632095,AirGradient,13.8
2026-06-28 08:00:00+00:00,6404859,Pejeng Kangin,16632095,AirGradient,14.0
2026-06-28 09:00:00+00:00,6404859,Pejeng Kangin,16632095,AirGradient,17.2
2026-06-28 10:00:00+00:00,6404859,Pejeng Kangin,16632095,AirGradient,37.5
2026-06-28 11:00:00+00:00,6404859,Pejeng Kangin,16632095,AirGradient,33.1
2026-06-28 12:00:00+00:00,6404859,Pejeng Kangin,16632095,AirGradient,36.6
2026-06-28 13:00:00+00:00,6404859,Pejeng Kangin,16632095,AirGradient,40.5
2026-06-28 14:00:00+00:00,6404859,Pejeng Kangin,16632095,AirGradient,45.4
2026-06-28 15:00:00+00:00,6404859,Pejeng Kangin,16632095,AirGradient,45.3
2026-06-28 16:00:00+00:00,6404859,Pejeng Kangin,16632095,AirGradient,38.9
2026-06-28 17:00:00+00:00,6404859,Pejeng Kangin,16632095,AirGradient,38.0
2026-06-28 18:00:00+00:00,6404859,Pejeng Kangin,16632095,AirGradient,33.0
2026-06-28 19:00:00+00:00,6404859,Pejeng Kangin,16632095,AirGradient,30.4
2026-06-28 20:00:00+00:00,6404859,Pejeng Kangin,16632095,AirGradient,22.5
2026-06-28 21:00:00+00:00,6404859,Pejeng Kangin,16632095,AirGradient,22.2
2026-06-28 22:00:00+00:00,6404859,Pejeng Kangin,16632095,AirGradient,25.5
2026-06-28 23:00:00+00:00,6404859,Pejeng Kangin,16632095,AirGradient,37.1
2026-06-29 00:00:00+00:00,6404859,Pejeng Kangin,16632095,AirGradient,54.7
2026-06-29 01:00:00+00:00,6404859,Pejeng Kangin,16632095,AirGradient,52.0
2026-06-29 02:00:00+00:00,6404859,Pejeng Kangin,16632095,AirGradient,17.3
2026-06-29 03:00:00+00:00,6404859,Pejeng Kangin,16632095,AirGradient,14.7
2026-06-29 04:00:00+00:00,6404859,Pejeng Kangin,16632095,AirGradient,10.0
2026-06-29 05:00:00+00:00,6404859,Pejeng Kangin,16632095,AirGradient,11.1
2026-06-29 06:00:00+00:00,6404859,Pejeng Kangin,16632095,AirGradient,8.0
2026-06-29 07:00:00+00:00,6404859,Pejeng Kangin,16632095,AirGradient,6.6
2026-06-29 08:00:00+00:00,6404859,Pejeng Kangin,16632095,AirGradient,7.7
2026-06-29 09:00:00+00:00,6404859,Pejeng Kangin,16632095,AirGradient,12.2
2026-06-29 10:00:00+00:00,6404859,Pejeng Kangin,16632095,AirGradient,21.6
2026-06-29 11:00:00+00:00,6404859,Pejeng Kangin,16632095,AirGradient,32.5
2026-06-29 12:00:00+00:00,6404859,Pejeng Kangin,16632095,AirGradient,48.5
2026-06-29 13:00:00+00:00,6404859,Pejeng Kangin,16632095,AirGradient,59.8
2026-06-29 14:00:00+00:00,6404859,Pejeng Kangin,16632095,AirGradient,61.9
2026-06-29 15:00:00+00:00,6404859,Pejeng Kangin,16632095,AirGradient,48.8
2026-06-29 16:00:00+00:00,6404859,Pejeng Kangin,16632095,AirGradient,43.8
2026-06-29 17:00:00+00:00,6404859,Pejeng Kangin,16632095,AirGradient,40.3
2026-06-29 18:00:00+00:00,6404859,Pejeng Kangin,16632095,AirGradient,34.9
2026-06-29 19:00:00+00:00,6404859,Pejeng Kangin,16632095,AirGradient,26.2
2026-06-29 20:00:00+00:00,6404859,Pejeng Kangin,16632095,AirGradient,20.1
2026-06-29 21:00:00+00:00,6404859,Pejeng Kangin,16632095,AirGradient,12.5
2026-06-29 22:00:00+00:00,6404859,Pejeng Kangin,16632095,AirGradient,13.0
2026-06-29 23:00:00+00:00,6404859,Pejeng Kangin,16632095,AirGradient,30.1
2026-06-30 00:00:00+00:00,6404859,Pejeng Kangin,16632095,AirGradient,57.7
2026-06-30 01:00:00+00:00,6404859,Pejeng Kangin,16632095,AirGradient,35.7
2026-06-30 02:00:00+00:00,6404859,Pejeng Kangin,16632095,AirGradient,16.0
2026-06-30 03:00:00+00:00,6404859,Pejeng Kangin,16632095,AirGradient,11.8
2026-06-30 04:00:00+00:00,6404859,Pejeng Kangin,16632095,AirGradient,17.2
2026-06-30 05:00:00+00:00,6404859,Pejeng Kangin,16632095,AirGradient,15.6
2026-06-30 06:00:00+00:00,6404859,Pejeng Kangin,16632095,AirGradient,8.7
2026-06-30 07:00:00+00:00,6404859,Pejeng Kangin,16632095,AirGradient,10.9
2026-06-30 08:00:00+00:00,6404859,Pejeng Kangin,16632095,AirGradient,18.4
2026-06-30 09:00:00+00:00,6404859,Pejeng Kangin,16632095,AirGradient,24.8
2026-06-30 10:00:00+00:00,6404859,Pejeng Kangin,16632095,AirGradient,42.0
2026-06-30 11:00:00+00:00,6404859,Pejeng Kangin,16632095,AirGradient,58.4
2026-06-30 12:00:00+00:00,6404859,Pejeng Kangin,16632095,AirGradient,104.0
2026-06-30 13:00:00+00:00,6404859,Pejeng Kangin,16632095,AirGradient,81.7
2026-06-30 14:00:00+00:00,6404859,Pejeng Kangin,16632095,AirGradient,76.3
2026-06-30 15:00:00+00:00,6404859,Pejeng Kangin,16632095,AirGradient,55.9
2026-06-30 16:00:00+00:00,6404859,Pejeng Kangin,16632095,AirGradient,63.6
2026-06-30 17:00:00+00:00,6404859,Pejeng Kangin,16632095,AirGradient,68.9
2026-06-30 18:00:00+00:00,6404859,Pejeng Kangin,16632095,AirGradient,53.2
2026-06-30 19:00:00+00:00,6404859,Pejeng Kangin,16632095,AirGradient,42.2
2026-06-30 20:00:00+00:00,6404859,Pejeng Kangin,16632095,AirGradient,34.2
2026-06-30 21:00:00+00:00,6404859,Pejeng Kangin,16632095,AirGradient,27.6
2026-06-30 22:00:00+00:00,6404859,Pejeng Kangin,16632095,AirGradient,29.1
2026-06-30 23:00:00+00:00,6404859,Pejeng Kangin,16632095,AirGradient,35.6
2026-07-01 00:00:00+00:00,6404859,Pejeng Kangin,16632095,AirGradient,51.5
2026-07-01 01:00:00+00:00,6404859,Pejeng Kangin,16632095,AirGradient,41.1
2026-07-01 02:00:00+00:00,6404859,Pejeng Kangin,16632095,AirGradient,23.5
2026-07-01 03:00:00+00:00,6404859,Pejeng Kangin,16632095,AirGradient,25.9
2026-07-01 04:00:00+00:00,6404859,Pejeng Kangin,16632095,AirGradient,29.3
2026-07-01 05:00:00+00:00,6404859,Pejeng Kangin,16632095,AirGradient,24.8
2026-07-01 06:00:00+00:00,6404859,Pejeng Kangin,16632095,AirGradient,23.3
2026-07-01 07:00:00+00:00,6404859,Pejeng Kangin,16632095,AirGradient,24.3
2026-07-01 08:00:00+00:00,6404859,Pejeng Kangin,16632095,AirGradient,20.6
2026-07-01 09:00:00+00:00,6404859,Pejeng Kangin,16632095,AirGradient,28.5
2026-07-01 10:00:00+00:00,6404859,Pejeng Kangin,16632095,AirGradient,33.0
2026-07-01 11:00:00+00:00,6404859,Pejeng Kangin,16632095,AirGradient,52.6
2026-07-01 12:00:00+00:00,6404859,Pejeng Kangin,16632095,AirGradient,150.0
2026-07-01 13:00:00+00:00,6404859,Pejeng Kangin,16632095,AirGradient,107.0
2026-07-01 14:00:00+00:00,6404859,Pejeng Kangin,16632095,AirGradient,76.8
2026-07-01 15:00:00+00:00,6404859,Pejeng Kangin,16632095,AirGradient,57.3
2026-07-01 16:00:00+00:00,6404859,Pejeng Kangin,16632095,AirGradient,37.0
2026-07-01 17:00:00+00:00,6404859,Pejeng Kangin,16632095,AirGradient,34.3
2026-07-01 18:00:00+00:00,6404859,Pejeng Kangin,16632095,AirGradient,21.2
2026-07-01 19:00:00+00:00,6404859,Pejeng Kangin,16632095,AirGradient,15.7
2026-07-01 20:00:00+00:00,6404859,Pejeng Kangin,16632095,AirGradient,14.6
2026-07-01 21:00:00+00:00,6404859,Pejeng Kangin,16632095,AirGradient,15.2
2026-07-01 22:00:00+00:00,6404859,Pejeng Kangin,16632095,AirGradient,22.8
2026-07-01 23:00:00+00:00,6404859,Pejeng Kangin,16632095,AirGradient,34.0
2026-07-02 00:00:00+00:00,6404859,Pejeng Kangin,16632095,AirGradient,51.5
2026-07-02 01:00:00+00:00,6404859,Pejeng Kangin,16632095,AirGradient,44.5
2026-07-02 02:00:00+00:00,6404859,Pejeng Kangin,16632095,AirGradient,22.3
2026-07-02 03:00:00+00:00,6404859,Pejeng Kangin,16632095,AirGradient,16.6
2026-07-02 04:00:00+00:00,6404859,Pejeng Kangin,16632095,AirGradient,22.5
2026-07-02 05:00:00+00:00,6404859,Pejeng Kangin,16632095,AirGradient,17.3
2026-07-02 06:00:00+00:00,6404859,Pejeng Kangin,16632095,AirGradient,10.6
2026-07-02 07:00:00+00:00,6404859,Pejeng Kangin,16632095,AirGradient,20.0
2026-07-02 08:00:00+00:00,6404859,Pejeng Kangin,16632095,AirGradient,22.8
2026-07-02 09:00:00+00:00,6404859,Pejeng Kangin,16632095,AirGradient,22.9
2026-07-02 10:00:00+00:00,6404859,Pejeng Kangin,16632095,AirGradient,35.8
2026-07-02 11:00:00+00:00,6404859,Pejeng Kangin,16632095,AirGradient,41.7
2026-07-02 12:00:00+00:00,6404859,Pejeng Kangin,16632095,AirGradient,56.1
2026-07-02 13:00:00+00:00,6404859,Pejeng Kangin,16632095,AirGradient,69.0
2026-07-02 14:00:00+00:00,6404859,Pejeng Kangin,16632095,AirGradient,71.4
2026-07-02 15:00:00+00:00,6404859,Pejeng Kangin,16632095,AirGradient,65.1
2026-07-02 16:00:00+00:00,6404859,Pejeng Kangin,16632095,AirGradient,51.5
2026-07-02 17:00:00+00:00,6404859,Pejeng Kangin,16632095,AirGradient,40.6
2026-07-02 18:00:00+00:00,6404859,Pejeng Kangin,16632095,AirGradient,37.9
2026-07-02 19:00:00+00:00,6404859,Pejeng Kangin,16632095,AirGradient,34.8
2026-07-02 20:00:00+00:00,6404859,Pejeng Kangin,16632095,AirGradient,33.1
2026-07-02 21:00:00+00:00,6404859,Pejeng Kangin,16632095,AirGradient,31.9
2026-07-02 22:00:00+00:00,6404859,Pejeng Kangin,16632095,AirGradient,36.7
2026-07-02 23:00:00+00:00,6404859,Pejeng Kangin,16632095,AirGradient,49.9
2026-07-03 00:00:00+00:00,6404859,Pejeng Kangin,16632095,AirGradient,61.0
2026-07-03 01:00:00+00:00,6404859,Pejeng Kangin,16632095,AirGradient,53.8
2026-07-03 02:00:00+00:00,6404859,Pejeng Kangin,16632095,AirGradient,33.9
2026-07-03 03:00:00+00:00,6404859,Pejeng Kangin,16632095,AirGradient,32.5
2026-07-03 04:00:00+00:00,6404859,Pejeng Kangin,16632095,AirGradient,39.0
2026-07-03 05:00:00+00:00,6404859,Pejeng Kangin,16632095,AirGradient,36.1
2026-07-03 06:00:00+00:00,6404859,Pejeng Kangin,16632095,AirGradient,32.9
2026-07-03 07:00:00+00:00,6404859,Pejeng Kangin,16632095,AirGradient,30.7
2026-07-03 08:00:00+00:00,6404859,Pejeng Kangin,16632095,AirGradient,31.5
2026-07-03 09:00:00+00:00,6404859,Pejeng Kangin,16632095,AirGradient,36.1
2026-07-03 10:00:00+00:00,6404859,Pejeng Kangin,16632095,AirGradient,42.6
2026-07-03 11:00:00+00:00,6404859,Pejeng Kangin,16632095,AirGradient,54.3
2026-07-03 12:00:00+00:00,6404859,Pejeng Kangin,16632095,AirGradient,58.9
2026-07-03 13:00:00+00:00,6404859,Pejeng Kangin,16632095,AirGradient,52.0
2026-07-03 14:00:00+00:00,6404859,Pejeng Kangin,16632095,AirGradient,51.9
2026-07-03 15:00:00+00:00,6404859,Pejeng Kangin,16632095,AirGradient,64.5
2026-07-03 16:00:00+00:00,6404859,Pejeng Kangin,16632095,AirGradient,61.5
2026-07-03 17:00:00+00:00,6404859,Pejeng Kangin,16632095,AirGradient,57.1
2026-07-03 18:00:00+00:00,6404859,Pejeng Kangin,16632095,AirGradient,51.8
2026-07-03 19:00:00+00:00,6404859,Pejeng Kangin,16632095,AirGradient,44.3
2026-07-03 20:00:00+00:00,6404859,Pejeng Kangin,16632095,AirGradient,39.7
2026-07-03 21:00:00+00:00,6404859,Pejeng Kangin,16632095,AirGradient,37.6
2026-07-03 22:00:00+00:00,6404859,Pejeng Kangin,16632095,AirGradient,39.7
2026-07-03 23:00:00+00:00,6404859,Pejeng Kangin,16632095,AirGradient,48.0
2026-07-04 00:00:00+00:00,6404859,Pejeng Kangin,16632095,AirGradient,86.1
2026-07-04 01:00:00+00:00,6404859,Pejeng Kangin,16632095,AirGradient,98.7
2026-07-04 02:00:00+00:00,6404859,Pejeng Kangin,16632095,AirGradient,36.1
2026-07-04 03:00:00+00:00,6404859,Pejeng Kangin,16632095,AirGradient,37.2
2026-07-04 04:00:00+00:00,6404859,Pejeng Kangin,16632095,AirGradient,39.2
2026-07-04 05:00:00+00:00,6404859,Pejeng Kangin,16632095,AirGradient,33.8
2026-07-04 06:00:00+00:00,6404859,Pejeng Kangin,16632095,AirGradient,32.8
2026-07-04 07:00:00+00:00,6404859,Pejeng Kangin,16632095,AirGradient,27.9
2026-07-04 08:00:00+00:00,6404859,Pejeng Kangin,16632095,AirGradient,23.9
2026-07-04 09:00:00+00:00,6404859,Pejeng Kangin,16632095,AirGradient,23.2
2026-07-04 10:00:00+00:00,6404859,Pejeng Kangin,16632095,AirGradient,35.4
2026-07-04 11:00:00+00:00,6404859,Pejeng Kangin,16632095,AirGradient,49.7
2026-07-04 12:00:00+00:00,6404859,Pejeng Kangin,16632095,AirGradient,56.9
2026-07-04 13:00:00+00:00,6404859,Pejeng Kangin,16632095,AirGradient,49.0
2026-07-04 14:00:00+00:00,6404859,Pejeng Kangin,16632095,AirGradient,51.6
2026-07-04 15:00:00+00:00,6404859,Pejeng Kangin,16632095,AirGradient,52.4
2026-07-04 16:00:00+00:00,6404859,Pejeng Kangin,16632095,AirGradient,68.4
2026-07-04 17:00:00+00:00,6404859,Pejeng Kangin,16632095,AirGradient,50.7
2026-07-04 18:00:00+00:00,6404859,Pejeng Kangin,16632095,AirGradient,43.2
2026-07-04 19:00:00+00:00,6404859,Pejeng Kangin,16632095,AirGradient,39.3
2026-07-04 20:00:00+00:00,6404859,Pejeng Kangin,16632095,AirGradient,40.1
2026-07-04 21:00:00+00:00,6404859,Pejeng Kangin,16632095,AirGradient,35.9
2026-07-04 22:00:00+00:00,6404859,Pejeng Kangin,16632095,AirGradient,37.2
2026-07-04 23:00:00+00:00,6404859,Pejeng Kangin,16632095,AirGradient,45.1
2026-07-05 00:00:00+00:00,6404859,Pejeng Kangin,16632095,AirGradient,51.8
2026-07-05 01:00:00+00:00,6404859,Pejeng Kangin,16632095,AirGradient,45.3
2026-07-05 02:00:00+00:00,6404859,Pejeng Kangin,16632095,AirGradient,63.3
2026-07-05 03:00:00+00:00,6404859,Pejeng Kangin,16632095,AirGradient,55.4
2026-07-05 04:00:00+00:00,6404859,Pejeng Kangin,16632095,AirGradient,37.5
2026-07-05 05:00:00+00:00,6404859,Pejeng Kangin,16632095,AirGradient,36.8
2026-07-05 06:00:00+00:00,6404859,Pejeng Kangin,16632095,AirGradient,25.3
2026-07-05 07:00:00+00:00,6404859,Pejeng Kangin,16632095,AirGradient,26.9
2026-07-05 08:00:00+00:00,6404859,Pejeng Kangin,16632095,AirGradient,23.0
2026-07-05 09:00:00+00:00,6404859,Pejeng Kangin,16632095,AirGradient,23.4
2026-07-05 10:00:00+00:00,6404859,Pejeng Kangin,16632095,AirGradient,39.4
2026-07-05 11:00:00+00:00,6404859,Pejeng Kangin,16632095,AirGradient,47.8
2026-07-05 12:00:00+00:00,6404859,Pejeng Kangin,16632095,AirGradient,48.6
2026-07-05 13:00:00+00:00,6404859,Pejeng Kangin,16632095,AirGradient,44.3
2026-07-05 14:00:00+00:00,6404859,Pejeng Kangin,16632095,AirGradient,56.7
2026-07-05 15:00:00+00:00,6404859,Pejeng Kangin,16632095,AirGradient,56.1
2026-07-05 16:00:00+00:00,6404859,Pejeng Kangin,16632095,AirGradient,52.1
2026-07-05 17:00:00+00:00,6404859,Pejeng Kangin,16632095,AirGradient,47.7
2026-07-05 18:00:00+00:00,6404859,Pejeng Kangin,16632095,AirGradient,50.0
2026-07-05 19:00:00+00:00,6404859,Pejeng Kangin,16632095,AirGradient,46.2
2026-07-05 20:00:00+00:00,6404859,Pejeng Kangin,16632095,AirGradient,40.3
2026-07-05 21:00:00+00:00,6404859,Pejeng Kangin,16632095,AirGradient,35.1
2026-07-05 22:00:00+00:00,6404859,Pejeng Kangin,16632095,AirGradient,35.8
2026-07-05 23:00:00+00:00,6404859,Pejeng Kangin,16632095,AirGradient,45.3
2026-07-06 00:00:00+00:00,6404859,Pejeng Kangin,16632095,AirGradient,46.5
2026-07-06 01:00:00+00:00,6404859,Pejeng Kangin,16632095,AirGradient,34.5
2026-07-06 02:00:00+00:00,6404859,Pejeng Kangin,16632095,AirGradient,21.6
2026-07-06 03:00:00+00:00,6404859,Pejeng Kangin,16632095,AirGradient,20.5
2026-07-06 04:00:00+00:00,6404859,Pejeng Kangin,16632095,AirGradient,22.6
2026-07-06 05:00:00+00:00,6404859,Pejeng Kangin,16632095,AirGradient,24.7
2026-07-06 06:00:00+00:00,6404859,Pejeng Kangin,16632095,AirGradient,21.7
2026-07-06 07:00:00+00:00,6404859,Pejeng Kangin,16632095,AirGradient,23.5
2026-07-06 08:00:00+00:00,6404859,Pejeng Kangin,16632095,AirGradient,23.8
2026-07-06 09:00:00+00:00,6404859,Pejeng Kangin,16632095,AirGradient,32.6
2026-07-06 10:00:00+00:00,6404859,Pejeng Kangin,16632095,AirGradient,36.3
2026-07-06 11:00:00+00:00,6404859,Pejeng Kangin,16632095,AirGradient,42.7
2026-07-06 12:00:00+00:00,6404859,Pejeng Kangin,16632095,AirGradient,48.3
2026-07-06 13:00:00+00:00,6404859,Pejeng Kangin,16632095,AirGradient,40.3
2026-07-06 14:00:00+00:00,6404859,Pejeng Kangin,16632095,AirGradient,55.1
2026-07-06 15:00:00+00:00,6404859,Pejeng Kangin,16632095,AirGradient,50.5
2026-07-06 16:00:00+00:00,6404859,Pejeng Kangin,16632095,AirGradient,43.5
2026-07-06 17:00:00+00:00,6404859,Pejeng Kangin,16632095,AirGradient,41.1
2026-07-06 18:00:00+00:00,6404859,Pejeng Kangin,16632095,AirGradient,36.9
2026-07-06 19:00:00+00:00,6404859,Pejeng Kangin,16632095,AirGradient,32.6
2026-07-06 20:00:00+00:00,6404859,Pejeng Kangin,16632095,AirGradient,31.8
2026-07-06 21:00:00+00:00,6404859,Pejeng Kangin,16632095,AirGradient,33.9
2026-07-06 22:00:00+00:00,6404859,Pejeng Kangin,16632095,AirGradient,36.0
2026-07-06 23:00:00+00:00,6404859,Pejeng Kangin,16632095,AirGradient,42.5
2026-07-07 00:00:00+00:00,6404859,Pejeng Kangin,16632095,AirGradient,53.9
2026-07-07 01:00:00+00:00,6404859,Pejeng Kangin,16632095,AirGradient,46.6
2026-07-07 02:00:00+00:00,6404859,Pejeng Kangin,16632095,AirGradient,31.4
2026-07-07 03:00:00+00:00,6404859,Pejeng Kangin,16632095,AirGradient,29.8
2026-07-07 04:00:00+00:00,6404859,Pejeng Kangin,16632095,AirGradient,28.0
2026-07-07 05:00:00+00:00,6404859,Pejeng Kangin,16632095,AirGradient,25.2
2026-07-07 06:00:00+00:00,6404859,Pejeng Kangin,16632095,AirGradient,28.8
2026-07-07 07:00:00+00:00,6404859,Pejeng Kangin,16632095,AirGradient,28.6
2026-07-07 08:00:00+00:00,6404859,Pejeng Kangin,16632095,AirGradient,28.0
2026-07-07 09:00:00+00:00,6404859,Pejeng Kangin,16632095,AirGradient,23.1
2026-07-07 10:00:00+00:00,6404859,Pejeng Kangin,16632095,AirGradient,20.4
2026-07-07 11:00:00+00:00,6404859,Pejeng Kangin,16632095,AirGradient,26.8
2026-07-07 12:00:00+00:00,6404859,Pejeng Kangin,16632095,AirGradient,28.4
2026-07-07 13:00:00+00:00,6404859,Pejeng Kangin,16632095,AirGradient,23.7
2026-07-07 14:00:00+00:00,6404859,Pejeng Kangin,16632095,AirGradient,11.5
2026-07-07 15:00:00+00:00,6404859,Pejeng Kangin,16632095,AirGradient,11.4
2026-07-07 16:00:00+00:00,6404859,Pejeng Kangin,16632095,AirGradient,11.2
2026-07-07 17:00:00+00:00,6404859,Pejeng Kangin,16632095,AirGradient,15.1
2026-07-07 18:00:00+00:00,6404859,Pejeng Kangin,16632095,AirGradient,15.6
2026-07-07 19:00:00+00:00,6404859,Pejeng Kangin,16632095,AirGradient,11.7
2026-07-07 20:00:00+00:00,6404859,Pejeng Kangin,16632095,AirGradient,11.1
2026-07-07 21:00:00+00:00,6404859,Pejeng Kangin,16632095,AirGradient,10.2
2026-07-07 22:00:00+00:00,6404859,Pejeng Kangin,16632095,AirGradient,18.6
2026-07-07 23:00:00+00:00,6404859,Pejeng Kangin,16632095,AirGradient,33.5
2026-07-08 00:00:00+00:00,6404859,Pejeng Kangin,16632095,AirGradient,43.6
2026-07-08 01:00:00+00:00,6404859,Pejeng Kangin,16632095,AirGradient,38.1
2026-07-08 02:00:00+00:00,6404859,Pejeng Kangin,16632095,AirGradient,24.3
2026-07-08 03:00:00+00:00,6404859,Pejeng Kangin,16632095,AirGradient,18.4
2026-07-08 04:00:00+00:00,6404859,Pejeng Kangin,16632095,AirGradient,12.7
2026-07-08 05:00:00+00:00,6404859,Pejeng Kangin,16632095,AirGradient,12.6
2026-07-08 06:00:00+00:00,6404859,Pejeng Kangin,16632095,AirGradient,11.2
2026-07-08 07:00:00+00:00,6404859,Pejeng Kangin,16632095,AirGradient,8.3
2026-07-08 08:00:00+00:00,6404859,Pejeng Kangin,16632095,AirGradient,13.6
2026-07-08 09:00:00+00:00,6404859,Pejeng Kangin,16632095,AirGradient,19.9
2026-07-08 10:00:00+00:00,6404859,Pejeng Kangin,16632095,AirGradient,22.7
2026-07-08 11:00:00+00:00,6404859,Pejeng Kangin,16632095,AirGradient,32.3
2026-07-08 12:00:00+00:00,6404859,Pejeng Kangin,16632095,AirGradient,35.2
2026-07-08 13:00:00+00:00,6404859,Pejeng Kangin,16632095,AirGradient,27.6
2026-07-08 14:00:00+00:00,6404859,Pejeng Kangin,16632095,AirGradient,17.5
2026-07-08 15:00:00+00:00,6404859,Pejeng Kangin,16632095,AirGradient,20.7
2026-07-08 16:00:00+00:00,6404859,Pejeng Kangin,16632095,AirGradient,12.3
2026-07-08 17:00:00+00:00,6404859,Pejeng Kangin,16632095,AirGradient,8.0
2026-07-08 18:00:00+00:00,6404859,Pejeng Kangin,16632095,AirGradient,7.5
2026-07-08 19:00:00+00:00,6404859,Pejeng Kangin,16632095,AirGradient,6.5
2026-07-08 20:00:00+00:00,6404859,Pejeng Kangin,16632095,AirGradient,5.9
2026-07-08 21:00:00+00:00,6404859,Pejeng Kangin,16632095,AirGradient,5.8
2026-07-08 22:00:00+00:00,6404859,Pejeng Kangin,16632095,AirGradient,6.0
2026-07-08 23:00:00+00:00,6404859,Pejeng Kangin,16632095,AirGradient,14.8
2026-07-09 00:00:00+00:00,6404859,Pejeng Kangin,16632095,AirGradient,26.4
2026-07-09 01:00:00+00:00,6404859,Pejeng Kangin,16632095,AirGradient,24.0
2026-07-09 02:00:00+00:00,6404859,Pejeng Kangin,16632095,AirGradient,13.7
2026-07-09 03:00:00+00:00,6404859,Pejeng Kangin,16632095,AirGradient,13.5
2026-07-09 04:00:00+00:00,6404859,Pejeng Kangin,16632095,AirGradient,10.6
2026-07-09 05:00:00+00:00,6404859,Pejeng Kangin,16632095,AirGradient,16.1
2026-07-09 06:00:00+00:00,6404859,Pejeng Kangin,16632095,AirGradient,18.9
2026-07-09 07:00:00+00:00,6404859,Pejeng Kangin,16632095,AirGradient,13.9
2026-07-09 08:00:00+00:00,6404859,Pejeng Kangin,16632095,AirGradient,7.3
2026-07-09 09:00:00+00:00,6404859,Pejeng Kangin,16632095,AirGradient,11.2
2026-07-09 10:00:00+00:00,6404859,Pejeng Kangin,16632095,AirGradient,8.4
2026-07-09 11:00:00+00:00,6404859,Pejeng Kangin,16632095,AirGradient,18.1
2026-07-09 12:00:00+00:00,6404859,Pejeng Kangin,16632095,AirGradient,21.9
2026-07-09 13:00:00+00:00,6404859,Pejeng Kangin,16632095,AirGradient,28.2
2026-07-09 14:00:00+00:00,6404859,Pejeng Kangin,16632095,AirGradient,47.5
2026-07-09 15:00:00+00:00,6404859,Pejeng Kangin,16632095,AirGradient,41.4
2026-07-09 16:00:00+00:00,6404859,Pejeng Kangin,16632095,AirGradient,38.0
2026-07-09 17:00:00+00:00,6404859,Pejeng Kangin,16632095,AirGradient,27.1
2026-07-09 18:00:00+00:00,6404859,Pejeng Kangin,16632095,AirGradient,17.8
2026-07-09 19:00:00+00:00,6404859,Pejeng Kangin,16632095,AirGradient,12.2
2026-07-09 20:00:00+00:00,6404859,Pejeng Kangin,16632095,AirGradient,8.6
2026-07-09 21:00:00+00:00,6404859,Pejeng Kangin,16632095,AirGradient,7.8
2026-07-09 22:00:00+00:00,6404859,Pejeng Kangin,16632095,AirGradient,15.1
2026-07-09 23:00:00+00:00,6404859,Pejeng Kangin,16632095,AirGradient,30.3
2026-07-10 00:00:00+00:00,6404859,Pejeng Kangin,16632095,AirGradient,39.8
2026-07-10 01:00:00+00:00,6404859,Pejeng Kangin,16632095,AirGradient,34.4
2026-07-10 02:00:00+00:00,6404859,Pejeng Kangin,16632095,AirGradient,12.5
2026-07-10 03:00:00+00:00,6404859,Pejeng Kangin,16632095,AirGradient,9.6
2026-07-10 04:00:00+00:00,6404859,Pejeng Kangin,16632095,AirGradient,10.5
2026-07-10 05:00:00+00:00,6404859,Pejeng Kangin,16632095,AirGradient,8.7
2026-07-10 06:00:00+00:00,6404859,Pejeng Kangin,16632095,AirGradient,7.8
2026-07-10 07:00:00+00:00,6404859,Pejeng Kangin,16632095,AirGradient,6.4
2026-07-10 08:00:00+00:00,6404859,Pejeng Kangin,16632095,AirGradient,6.5
2026-07-10 09:00:00+00:00,6404859,Pejeng Kangin,16632095,AirGradient,10.5
2026-07-10 10:00:00+00:00,6404859,Pejeng Kangin,16632095,AirGradient,26.6
2026-07-10 11:00:00+00:00,6404859,Pejeng Kangin,16632095,AirGradient,35.1
2026-07-10 12:00:00+00:00,6404859,Pejeng Kangin,16632095,AirGradient,39.6
2026-07-10 13:00:00+00:00,6404859,Pejeng Kangin,16632095,AirGradient,42.0
2026-07-10 14:00:00+00:00,6404859,Pejeng Kangin,16632095,AirGradient,50.7
2026-07-10 15:00:00+00:00,6404859,Pejeng Kangin,16632095,AirGradient,50.5
2026-07-10 16:00:00+00:00,6404859,Pejeng Kangin,16632095,AirGradient,50.8
2026-07-10 17:00:00+00:00,6404859,Pejeng Kangin,16632095,AirGradient,42.0
2026-07-10 18:00:00+00:00,6404859,Pejeng Kangin,16632095,AirGradient,29.7
2026-07-10 19:00:00+00:00,6404859,Pejeng Kangin,16632095,AirGradient,17.4
2026-07-10 20:00:00+00:00,6404859,Pejeng Kangin,16632095,AirGradient,13.9
2026-07-10 21:00:00+00:00,6404859,Pejeng Kangin,16632095,AirGradient,24.3
2026-07-10 22:00:00+00:00,6404859,Pejeng Kangin,16632095,AirGradient,26.1
2026-07-10 23:00:00+00:00,6404859,Pejeng Kangin,16632095,AirGradient,35.0
2026-07-11 00:00:00+00:00,6404859,Pejeng Kangin,16632095,AirGradient,46.5
2026-07-11 01:00:00+00:00,6404859,Pejeng Kangin,16632095,AirGradient,36.8
2026-07-11 02:00:00+00:00,6404859,Pejeng Kangin,16632095,AirGradient,25.6
2026-07-11 03:00:00+00:00,6404859,Pejeng Kangin,16632095,AirGradient,23.4
2026-07-11 04:00:00+00:00,6404859,Pejeng Kangin,16632095,AirGradient,25.1
2026-07-11 05:00:00+00:00,6404859,Pejeng Kangin,16632095,AirGradient,19.4
2026-07-11 06:00:00+00:00,6404859,Pejeng Kangin,16632095,AirGradient,18.4
2026-07-11 07:00:00+00:00,6404859,Pejeng Kangin,16632095,AirGradient,20.8
2026-07-11 08:00:00+00:00,6404859,Pejeng Kangin,16632095,AirGradient,25.0
2026-07-11 09:00:00+00:00,6404859,Pejeng Kangin,16632095,AirGradient,27.0
2026-07-11 10:00:00+00:00,6404859,Pejeng Kangin,16632095,AirGradient,29.9
2026-07-11 11:00:00+00:00,6404859,Pejeng Kangin,16632095,AirGradient,40.2
2026-07-11 12:00:00+00:00,6404859,Pejeng Kangin,16632095,AirGradient,51.6
2026-07-11 13:00:00+00:00,6404859,Pejeng Kangin,16632095,AirGradient,74.5
2026-07-11 14:00:00+00:00,6404859,Pejeng Kangin,16632095,AirGradient,87.7
2026-07-11 15:00:00+00:00,6404859,Pejeng Kangin,16632095,AirGradient,85.0
2026-07-11 16:00:00+00:00,6404859,Pejeng Kangin,16632095,AirGradient,56.7
2026-07-11 17:00:00+00:00,6404859,Pejeng Kangin,16632095,AirGradient,44.7
2026-07-11 18:00:00+00:00,6404859,Pejeng Kangin,16632095,AirGradient,38.5
2026-07-11 19:00:00+00:00,6404859,Pejeng Kangin,16632095,AirGradient,34.3
2026-07-11 20:00:00+00:00,6404859,Pejeng Kangin,16632095,AirGradient,32.6
2026-07-11 21:00:00+00:00,6404859,Pejeng Kangin,16632095,AirGradient,32.3
2026-07-11 22:00:00+00:00,6404859,Pejeng Kangin,16632095,AirGradient,33.7
2026-07-11 23:00:00+00:00,6404859,Pejeng Kangin,16632095,AirGradient,43.4
2026-07-12 00:00:00+00:00,6404859,Pejeng Kangin,16632095,AirGradient,60.2
2026-07-12 01:00:00+00:00,6404859,Pejeng Kangin,16632095,AirGradient,63.5
2026-07-12 02:00:00+00:00,6404859,Pejeng Kangin,16632095,AirGradient,46.6
2026-07-12 03:00:00+00:00,6404859,Pejeng Kangin,16632095,AirGradient,40.1
2026-07-12 04:00:00+00:00,6404859,Pejeng Kangin,16632095,AirGradient,34.0
2026-07-12 05:00:00+00:00,6404859,Pejeng Kangin,16632095,AirGradient,22.6
2026-07-12 06:00:00+00:00,6404859,Pejeng Kangin,16632095,AirGradient,17.0
2026-07-12 07:00:00+00:00,6404859,Pejeng Kangin,16632095,AirGradient,14.5
2026-07-12 08:00:00+00:00,6404859,Pejeng Kangin,16632095,AirGradient,20.3
2026-07-12 09:00:00+00:00,6404859,Pejeng Kangin,16632095,AirGradient,25.4
2026-07-12 10:00:00+00:00,6404859,Pejeng Kangin,16632095,AirGradient,33.3
2026-07-12 11:00:00+00:00,6404859,Pejeng Kangin,16632095,AirGradient,84.1
2026-07-12 12:00:00+00:00,6404859,Pejeng Kangin,16632095,AirGradient,174.0
2026-07-12 13:00:00+00:00,6404859,Pejeng Kangin,16632095,AirGradient,150.0
2026-07-12 14:00:00+00:00,6404859,Pejeng Kangin,16632095,AirGradient,119.0
2026-07-12 15:00:00+00:00,6404859,Pejeng Kangin,16632095,AirGradient,72.6
2026-07-12 16:00:00+00:00,6404859,Pejeng Kangin,16632095,AirGradient,63.9
2026-07-12 17:00:00+00:00,6404859,Pejeng Kangin,16632095,AirGradient,45.7
2026-07-12 18:00:00+00:00,6404859,Pejeng Kangin,16632095,AirGradient,36.0
2026-07-12 19:00:00+00:00,6404859,Pejeng Kangin,16632095,AirGradient,31.3
2026-07-12 20:00:00+00:00,6404859,Pejeng Kangin,16632095,AirGradient,27.4
2026-07-12 21:00:00+00:00,6404859,Pejeng Kangin,16632095,AirGradient,28.6
2026-07-12 22:00:00+00:00,6404859,Pejeng Kangin,16632095,AirGradient,32.1
2026-07-12 23:00:00+00:00,6404859,Pejeng Kangin,16632095,AirGradient,44.8
2026-07-13 00:00:00+00:00,6404859,Pejeng Kangin,16632095,AirGradient,59.1
2026-07-13 01:00:00+00:00,6404859,Pejeng Kangin,16632095,AirGradient,53.9
2026-07-13 02:00:00+00:00,6404859,Pejeng Kangin,16632095,AirGradient,37.3
2026-07-13 03:00:00+00:00,6404859,Pejeng Kangin,16632095,AirGradient,33.5
2026-07-13 04:00:00+00:00,6404859,Pejeng Kangin,16632095,AirGradient,37.0
2026-07-13 05:00:00+00:00,6404859,Pejeng Kangin,16632095,AirGradient,31.2
2026-07-13 06:00:00+00:00,6404859,Pejeng Kangin,16632095,AirGradient,27.5
2026-07-13 07:00:00+00:00,6404859,Pejeng Kangin,16632095,AirGradient,26.9
2026-07-13 08:00:00+00:00,6404859,Pejeng Kangin,16632095,AirGradient,29.8
2026-07-13 09:00:00+00:00,6404859,Pejeng Kangin,16632095,AirGradient,31.2
2026-07-13 10:00:00+00:00,6404859,Pejeng Kangin,16632095,AirGradient,33.0
2026-07-13 11:00:00+00:00,6404859,Pejeng Kangin,16632095,AirGradient,38.4
2026-07-13 12:00:00+00:00,6404859,Pejeng Kangin,16632095,AirGradient,48.5
2026-07-13 13:00:00+00:00,6404859,Pejeng Kangin,16632095,AirGradient,68.4
2026-07-13 14:00:00+00:00,6404859,Pejeng Kangin,16632095,AirGradient,74.1
2026-07-13 15:00:00+00:00,6404859,Pejeng Kangin,16632095,AirGradient,62.0
2026-07-13 16:00:00+00:00,6404859,Pejeng Kangin,16632095,AirGradient,50.1
2026-07-13 16:00:00+00:00,6103913,SD Muhammadiyah 18 Palembang,14439936,AirGradient,38.7
2026-07-13 17:00:00+00:00,6404859,Pejeng Kangin,16632095,AirGradient,49.1
2026-07-13 17:00:00+00:00,6103913,SD Muhammadiyah 18 Palembang,14439936,AirGradient,40.2
2026-07-13 18:00:00+00:00,6404859,Pejeng Kangin,16632095,AirGradient,48.6
2026-07-13 18:00:00+00:00,6103913,SD Muhammadiyah 18 Palembang,14439936,AirGradient,42.9
2026-07-13 19:00:00+00:00,6404859,Pejeng Kangin,16632095,AirGradient,41.6
2026-07-13 19:00:00+00:00,6103913,SD Muhammadiyah 18 Palembang,14439936,AirGradient,40.4
2026-07-13 20:00:00+00:00,6404859,Pejeng Kangin,16632095,AirGradient,36.7
2026-07-13 20:00:00+00:00,6103913,SD Muhammadiyah 18 Palembang,14439936,AirGradient,40.2
2026-07-13 21:00:00+00:00,6404859,Pejeng Kangin,16632095,AirGradient,33.2
2026-07-13 21:00:00+00:00,6103913,SD Muhammadiyah 18 Palembang,14439936,AirGradient,43.6
2026-07-13 22:00:00+00:00,6404859,Pejeng Kangin,16632095,AirGradient,37.9
2026-07-13 22:00:00+00:00,6103913,SD Muhammadiyah 18 Palembang,14439936,AirGradient,39.8
2026-07-13 23:00:00+00:00,6404859,Pejeng Kangin,16632095,AirGradient,46.9
2026-07-13 23:00:00+00:00,6103913,SD Muhammadiyah 18 Palembang,14439936,AirGradient,63.9
2026-07-14 00:00:00+00:00,6404859,Pejeng Kangin,16632095,AirGradient,103.0
2026-07-14 00:00:00+00:00,6103913,SD Muhammadiyah 18 Palembang,14439936,AirGradient,71.7
2026-07-14 01:00:00+00:00,6404859,Pejeng Kangin,16632095,AirGradient,61.1
2026-07-14 01:00:00+00:00,6103913,SD Muhammadiyah 18 Palembang,14439936,AirGradient,76.0
2026-07-14 02:00:00+00:00,6404859,Pejeng Kangin,16632095,AirGradient,33.1
2026-07-14 02:00:00+00:00,6103913,SD Muhammadiyah 18 Palembang,14439936,AirGradient,47.4
2026-07-14 03:00:00+00:00,6404859,Pejeng Kangin,16632095,AirGradient,29.3
2026-07-14 03:00:00+00:00,6103913,SD Muhammadiyah 18 Palembang,14439936,AirGradient,34.9
2026-07-14 04:00:00+00:00,6404859,Pejeng Kangin,16632095,AirGradient,30.1
2026-07-14 04:00:00+00:00,6103913,SD Muhammadiyah 18 Palembang,14439936,AirGradient,30.5
2026-07-14 05:00:00+00:00,6404859,Pejeng Kangin,16632095,AirGradient,26.7
2026-07-14 05:00:00+00:00,6103913,SD Muhammadiyah 18 Palembang,14439936,AirGradient,25.5
2026-07-14 06:00:00+00:00,6404859,Pejeng Kangin,16632095,AirGradient,21.9
2026-07-14 06:00:00+00:00,6103913,SD Muhammadiyah 18 Palembang,14439936,AirGradient,26.8
2026-07-14 07:00:00+00:00,6404859,Pejeng Kangin,16632095,AirGradient,22.1
2026-07-14 07:00:00+00:00,6103913,SD Muhammadiyah 18 Palembang,14439936,AirGradient,28.0
2026-07-14 08:00:00+00:00,6404859,Pejeng Kangin,16632095,AirGradient,28.2
2026-07-14 08:00:00+00:00,6103913,SD Muhammadiyah 18 Palembang,14439936,AirGradient,22.0
2026-07-14 09:00:00+00:00,6404859,Pejeng Kangin,16632095,AirGradient,33.3
2026-07-14 09:00:00+00:00,6103913,SD Muhammadiyah 18 Palembang,14439936,AirGradient,23.5
2026-07-14 10:00:00+00:00,6404859,Pejeng Kangin,16632095,AirGradient,44.4
2026-07-14 10:00:00+00:00,6103913,SD Muhammadiyah 18 Palembang,14439936,AirGradient,24.5
2026-07-14 11:00:00+00:00,6404859,Pejeng Kangin,16632095,AirGradient,51.3
2026-07-14 11:00:00+00:00,6103913,SD Muhammadiyah 18 Palembang,14439936,AirGradient,29.6
2026-07-14 12:00:00+00:00,6404859,Pejeng Kangin,16632095,AirGradient,62.6
2026-07-14 12:00:00+00:00,6103913,SD Muhammadiyah 18 Palembang,14439936,AirGradient,33.4
2026-07-14 13:00:00+00:00,6404859,Pejeng Kangin,16632095,AirGradient,105.0
2026-07-14 13:00:00+00:00,6103913,SD Muhammadiyah 18 Palembang,14439936,AirGradient,24.2
2026-07-14 14:00:00+00:00,6404859,Pejeng Kangin,16632095,AirGradient,110.0
2026-07-14 14:00:00+00:00,6103913,SD Muhammadiyah 18 Palembang,14439936,AirGradient,21.8
2026-07-14 15:00:00+00:00,6404859,Pejeng Kangin,16632095,AirGradient,106.0
2026-07-14 15:00:00+00:00,6103913,SD Muhammadiyah 18 Palembang,14439936,AirGradient,26.5
2026-07-14 16:00:00+00:00,6404859,Pejeng Kangin,16632095,AirGradient,79.7
2026-07-14 16:00:00+00:00,6103913,SD Muhammadiyah 18 Palembang,14439936,AirGradient,23.8
2026-07-14 17:00:00+00:00,6404859,Pejeng Kangin,16632095,AirGradient,59.8
2026-07-14 17:00:00+00:00,6103913,SD Muhammadiyah 18 Palembang,14439936,AirGradient,20.7
2026-07-14 18:00:00+00:00,6404859,Pejeng Kangin,16632095,AirGradient,42.5
2026-07-14 18:00:00+00:00,6103913,SD Muhammadiyah 18 Palembang,14439936,AirGradient,19.5
2026-07-14 19:00:00+00:00,6404859,Pejeng Kangin,16632095,AirGradient,39.0
2026-07-14 19:00:00+00:00,6103913,SD Muhammadiyah 18 Palembang,14439936,AirGradient,20.0
2026-07-14 20:00:00+00:00,6404859,Pejeng Kangin,16632095,AirGradient,39.1
2026-07-14 20:00:00+00:00,6103913,SD Muhammadiyah 18 Palembang,14439936,AirGradient,27.7
2026-07-14 21:00:00+00:00,6404859,Pejeng Kangin,16632095,AirGradient,36.6
2026-07-14 21:00:00+00:00,6103913,SD Muhammadiyah 18 Palembang,14439936,AirGradient,32.7
2026-07-14 22:00:00+00:00,6404859,Pejeng Kangin,16632095,AirGradient,41.0
2026-07-14 22:00:00+00:00,6103913,SD Muhammadiyah 18 Palembang,14439936,AirGradient,41.8
2026-07-14 23:00:00+00:00,6404859,Pejeng Kangin,16632095,AirGradient,66.8
2026-07-14 23:00:00+00:00,6103913,SD Muhammadiyah 18 Palembang,14439936,AirGradient,44.7
2026-07-15 00:00:00+00:00,6404859,Pejeng Kangin,16632095,AirGradient,73.2
2026-07-15 00:00:00+00:00,6103913,SD Muhammadiyah 18 Palembang,14439936,AirGradient,56.7
2026-07-15 01:00:00+00:00,6404859,Pejeng Kangin,16632095,AirGradient,64.6
2026-07-15 01:00:00+00:00,6103913,SD Muhammadiyah 18 Palembang,14439936,AirGradient,50.2
2026-07-15 02:00:00+00:00,6404859,Pejeng Kangin,16632095,AirGradient,42.5
2026-07-15 02:00:00+00:00,6103913,SD Muhammadiyah 18 Palembang,14439936,AirGradient,41.5
2026-07-15 03:00:00+00:00,6404859,Pejeng Kangin,16632095,AirGradient,43.4
2026-07-15 03:00:00+00:00,6103913,SD Muhammadiyah 18 Palembang,14439936,AirGradient,32.9
2026-07-15 04:00:00+00:00,6404859,Pejeng Kangin,16632095,AirGradient,43.0
2026-07-15 04:00:00+00:00,6103913,SD Muhammadiyah 18 Palembang,14439936,AirGradient,35.5
2026-07-15 05:00:00+00:00,6404859,Pejeng Kangin,16632095,AirGradient,41.5
2026-07-15 05:00:00+00:00,6103913,SD Muhammadiyah 18 Palembang,14439936,AirGradient,27.2
2026-07-15 06:00:00+00:00,6404859,Pejeng Kangin,16632095,AirGradient,36.1
2026-07-15 06:00:00+00:00,6103913,SD Muhammadiyah 18 Palembang,14439936,AirGradient,22.3
2026-07-15 07:00:00+00:00,6404859,Pejeng Kangin,16632095,AirGradient,34.5
2026-07-15 07:00:00+00:00,6103913,SD Muhammadiyah 18 Palembang,14439936,AirGradient,19.1
2026-07-15 08:00:00+00:00,6404859,Pejeng Kangin,16632095,AirGradient,36.1
2026-07-15 08:00:00+00:00,6103913,SD Muhammadiyah 18 Palembang,14439936,AirGradient,20.2
2026-07-15 09:00:00+00:00,6404859,Pejeng Kangin,16632095,AirGradient,39.2
2026-07-15 09:00:00+00:00,6103913,SD Muhammadiyah 18 Palembang,14439936,AirGradient,27.1
2026-07-15 10:00:00+00:00,6404859,Pejeng Kangin,16632095,AirGradient,38.9
2026-07-15 10:00:00+00:00,6103913,SD Muhammadiyah 18 Palembang,14439936,AirGradient,57.3
2026-07-15 11:00:00+00:00,6404859,Pejeng Kangin,16632095,AirGradient,43.7
2026-07-15 11:00:00+00:00,6103913,SD Muhammadiyah 18 Palembang,14439936,AirGradient,40.8
2026-07-15 12:00:00+00:00,6404859,Pejeng Kangin,16632095,AirGradient,62.6
2026-07-15 12:00:00+00:00,6103913,SD Muhammadiyah 18 Palembang,14439936,AirGradient,35.8
2026-07-15 13:00:00+00:00,6404859,Pejeng Kangin,16632095,AirGradient,68.7
2026-07-15 13:00:00+00:00,6103913,SD Muhammadiyah 18 Palembang,14439936,AirGradient,27.1
2026-07-15 14:00:00+00:00,6404859,Pejeng Kangin,16632095,AirGradient,79.1
2026-07-15 14:00:00+00:00,6103913,SD Muhammadiyah 18 Palembang,14439936,AirGradient,25.1
2026-07-15 15:00:00+00:00,6404859,Pejeng Kangin,16632095,AirGradient,84.8
2026-07-15 15:00:00+00:00,6103913,SD Muhammadiyah 18 Palembang,14439936,AirGradient,33.7
2026-07-15 16:00:00+00:00,6404859,Pejeng Kangin,16632095,AirGradient,79.8
2026-07-15 16:00:00+00:00,6103913,SD Muhammadiyah 18 Palembang,14439936,AirGradient,45.8
2026-07-15 17:00:00+00:00,6404859,Pejeng Kangin,16632095,AirGradient,70.8
2026-07-15 17:00:00+00:00,6103913,SD Muhammadiyah 18 Palembang,14439936,AirGradient,48.1
2026-07-15 18:00:00+00:00,6404859,Pejeng Kangin,16632095,AirGradient,54.0
2026-07-15 18:00:00+00:00,6103913,SD Muhammadiyah 18 Palembang,14439936,AirGradient,44.8
2026-07-15 19:00:00+00:00,6404859,Pejeng Kangin,16632095,AirGradient,46.5
2026-07-15 19:00:00+00:00,6103913,SD Muhammadiyah 18 Palembang,14439936,AirGradient,45.6
2026-07-15 20:00:00+00:00,6404859,Pejeng Kangin,16632095,AirGradient,37.6
2026-07-15 20:00:00+00:00,6103913,SD Muhammadiyah 18 Palembang,14439936,AirGradient,40.6
2026-07-15 21:00:00+00:00,6404859,Pejeng Kangin,16632095,AirGradient,40.3
2026-07-15 21:00:00+00:00,6103913,SD Muhammadiyah 18 Palembang,14439936,AirGradient,39.6
2026-07-15 22:00:00+00:00,6404859,Pejeng Kangin,16632095,AirGradient,42.9
2026-07-15 22:00:00+00:00,6103913,SD Muhammadiyah 18 Palembang,14439936,AirGradient,38.4
2026-07-15 23:00:00+00:00,6404859,Pejeng Kangin,16632095,AirGradient,50.2
2026-07-15 23:00:00+00:00,6103913,SD Muhammadiyah 18 Palembang,14439936,AirGradient,48.0
2026-07-16 00:00:00+00:00,6404859,Pejeng Kangin,16632095,AirGradient,67.0
2026-07-16 00:00:00+00:00,6103913,SD Muhammadiyah 18 Palembang,14439936,AirGradient,53.9
2026-07-16 01:00:00+00:00,6404859,Pejeng Kangin,16632095,AirGradient,48.1
2026-07-16 01:00:00+00:00,6103913,SD Muhammadiyah 18 Palembang,14439936,AirGradient,47.8
2026-07-16 02:00:00+00:00,6404859,Pejeng Kangin,16632095,AirGradient,34.6
2026-07-16 02:00:00+00:00,6103913,SD Muhammadiyah 18 Palembang,14439936,AirGradient,40.0
2026-07-16 03:00:00+00:00,6404859,Pejeng Kangin,16632095,AirGradient,33.0
2026-07-16 03:00:00+00:00,6103913,SD Muhammadiyah 18 Palembang,14439936,AirGradient,36.8
2026-07-16 04:00:00+00:00,6404859,Pejeng Kangin,16632095,AirGradient,34.5
2026-07-16 04:00:00+00:00,6103913,SD Muhammadiyah 18 Palembang,14439936,AirGradient,34.7
2026-07-16 05:00:00+00:00,6404859,Pejeng Kangin,16632095,AirGradient,33.2
2026-07-16 05:00:00+00:00,6103913,SD Muhammadiyah 18 Palembang,14439936,AirGradient,32.7
2026-07-16 06:00:00+00:00,6404859,Pejeng Kangin,16632095,AirGradient,32.3
2026-07-16 06:00:00+00:00,6103913,SD Muhammadiyah 18 Palembang,14439936,AirGradient,49.4
2026-07-16 07:00:00+00:00,6404859,Pejeng Kangin,16632095,AirGradient,28.5
2026-07-16 07:00:00+00:00,6103913,SD Muhammadiyah 18 Palembang,14439936,AirGradient,50.7
2026-07-16 08:00:00+00:00,6404859,Pejeng Kangin,16632095,AirGradient,34.0
2026-07-16 08:00:00+00:00,6103913,SD Muhammadiyah 18 Palembang,14439936,AirGradient,39.2
2026-07-16 09:00:00+00:00,6404859,Pejeng Kangin,16632095,AirGradient,34.1
2026-07-16 09:00:00+00:00,6103913,SD Muhammadiyah 18 Palembang,14439936,AirGradient,29.6
2026-07-16 10:00:00+00:00,6404859,Pejeng Kangin,16632095,AirGradient,42.3
2026-07-16 10:00:00+00:00,6103913,SD Muhammadiyah 18 Palembang,14439936,AirGradient,22.5
2026-07-16 11:00:00+00:00,6404859,Pejeng Kangin,16632095,AirGradient,52.2
2026-07-16 11:00:00+00:00,6103913,SD Muhammadiyah 18 Palembang,14439936,AirGradient,47.4
2026-07-16 12:00:00+00:00,6404859,Pejeng Kangin,16632095,AirGradient,53.7
2026-07-16 12:00:00+00:00,6103913,SD Muhammadiyah 18 Palembang,14439936,AirGradient,38.1
2026-07-16 13:00:00+00:00,6404859,Pejeng Kangin,16632095,AirGradient,59.5
2026-07-16 13:00:00+00:00,6103913,SD Muhammadiyah 18 Palembang,14439936,AirGradient,38.6
2026-07-16 14:00:00+00:00,6404859,Pejeng Kangin,16632095,AirGradient,66.7
2026-07-16 14:00:00+00:00,6103913,SD Muhammadiyah 18 Palembang,14439936,AirGradient,34.3
2026-07-16 15:00:00+00:00,6404859,Pejeng Kangin,16632095,AirGradient,75.8
2026-07-16 15:00:00+00:00,6103913,SD Muhammadiyah 18 Palembang,14439936,AirGradient,47.8
2026-07-16 16:00:00+00:00,6404859,Pejeng Kangin,16632095,AirGradient,72.7
2026-07-16 16:00:00+00:00,6103913,SD Muhammadiyah 18 Palembang,14439936,AirGradient,31.7
2026-07-16 17:00:00+00:00,6404859,Pejeng Kangin,16632095,AirGradient,66.3
2026-07-16 17:00:00+00:00,6103913,SD Muhammadiyah 18 Palembang,14439936,AirGradient,22.3
2026-07-16 18:00:00+00:00,6404859,Pejeng Kangin,16632095,AirGradient,59.0
2026-07-16 18:00:00+00:00,6103913,SD Muhammadiyah 18 Palembang,14439936,AirGradient,25.8
2026-07-16 19:00:00+00:00,6404859,Pejeng Kangin,16632095,AirGradient,51.9
2026-07-16 19:00:00+00:00,6103913,SD Muhammadiyah 18 Palembang,14439936,AirGradient,19.3
2026-07-16 20:00:00+00:00,6404859,Pejeng Kangin,16632095,AirGradient,44.6
2026-07-16 20:00:00+00:00,6103913,SD Muhammadiyah 18 Palembang,14439936,AirGradient,20.6
2026-07-16 21:00:00+00:00,6404859,Pejeng Kangin,16632095,AirGradient,41.0
2026-07-16 21:00:00+00:00,6103913,SD Muhammadiyah 18 Palembang,14439936,AirGradient,24.9
2026-07-16 22:00:00+00:00,6404859,Pejeng Kangin,16632095,AirGradient,47.2
2026-07-16 22:00:00+00:00,6103913,SD Muhammadiyah 18 Palembang,14439936,AirGradient,32.2
2026-07-16 23:00:00+00:00,6404859,Pejeng Kangin,16632095,AirGradient,55.7
2026-07-16 23:00:00+00:00,6103913,SD Muhammadiyah 18 Palembang,14439936,AirGradient,26.4
2026-07-17 00:00:00+00:00,6404859,Pejeng Kangin,16632095,AirGradient,59.9
2026-07-17 00:00:00+00:00,6103913,SD Muhammadiyah 18 Palembang,14439936,AirGradient,51.8
2026-07-17 01:00:00+00:00,6404859,Pejeng Kangin,16632095,AirGradient,48.8
2026-07-17 01:00:00+00:00,6103913,SD Muhammadiyah 18 Palembang,14439936,AirGradient,52.7
2026-07-17 02:00:00+00:00,6404859,Pejeng Kangin,16632095,AirGradient,35.0
2026-07-17 02:00:00+00:00,6103913,SD Muhammadiyah 18 Palembang,14439936,AirGradient,48.7
2026-07-17 03:00:00+00:00,6404859,Pejeng Kangin,16632095,AirGradient,33.7
2026-07-17 03:00:00+00:00,6103913,SD Muhammadiyah 18 Palembang,14439936,AirGradient,33.8
2026-07-17 04:00:00+00:00,6404859,Pejeng Kangin,16632095,AirGradient,30.6
2026-07-17 04:00:00+00:00,6103913,SD Muhammadiyah 18 Palembang,14439936,AirGradient,32.8
2026-07-17 05:00:00+00:00,6404859,Pejeng Kangin,16632095,AirGradient,30.6
2026-07-17 05:00:00+00:00,6103913,SD Muhammadiyah 18 Palembang,14439936,AirGradient,19.5
2026-07-17 06:00:00+00:00,6404859,Pejeng Kangin,16632095,AirGradient,31.4
2026-07-17 06:00:00+00:00,6103913,SD Muhammadiyah 18 Palembang,14439936,AirGradient,20.2
2026-07-17 07:00:00+00:00,6404859,Pejeng Kangin,16632095,AirGradient,32.6
2026-07-17 07:00:00+00:00,6103913,SD Muhammadiyah 18 Palembang,14439936,AirGradient,17.4
2026-07-17 08:00:00+00:00,6404859,Pejeng Kangin,16632095,AirGradient,34.7
2026-07-17 08:00:00+00:00,6103913,SD Muhammadiyah 18 Palembang,14439936,AirGradient,15.7
2026-07-17 09:00:00+00:00,6404859,Pejeng Kangin,16632095,AirGradient,37.0
2026-07-17 09:00:00+00:00,6103913,SD Muhammadiyah 18 Palembang,14439936,AirGradient,14.0
2026-07-17 10:00:00+00:00,6404859,Pejeng Kangin,16632095,AirGradient,39.6
2026-07-17 10:00:00+00:00,6103913,SD Muhammadiyah 18 Palembang,14439936,AirGradient,13.8
2026-07-17 11:00:00+00:00,6404859,Pejeng Kangin,16632095,AirGradient,43.8
2026-07-17 11:00:00+00:00,6103913,SD Muhammadiyah 18 Palembang,14439936,AirGradient,19.2
2026-07-17 12:00:00+00:00,6404859,Pejeng Kangin,16632095,AirGradient,54.9
2026-07-17 12:00:00+00:00,6103913,SD Muhammadiyah 18 Palembang,14439936,AirGradient,31.0
2026-07-17 13:00:00+00:00,6103913,SD Muhammadiyah 18 Palembang,14439936,AirGradient,20.3
2026-07-17 14:00:00+00:00,6103913,SD Muhammadiyah 18 Palembang,14439936,AirGradient,18.9
2026-07-17 15:00:00+00:00,6103913,SD Muhammadiyah 18 Palembang,14439936,AirGradient,20.2
2026-07-17 16:00:00+00:00,6103913,SD Muhammadiyah 18 Palembang,14439936,AirGradient,22.1
2026-07-17 17:00:00+00:00,6103913,SD Muhammadiyah 18 Palembang,14439936,AirGradient,22.9
2026-07-17 18:00:00+00:00,6103913,SD Muhammadiyah 18 Palembang,14439936,AirGradient,24.1
2026-07-17 19:00:00+00:00,6103913,SD Muhammadiyah 18 Palembang,14439936,AirGradient,24.8
2026-07-17 20:00:00+00:00,6103913,SD Muhammadiyah 18 Palembang,14439936,AirGradient,24.4
2026-07-17 21:00:00+00:00,6103913,SD Muhammadiyah 18 Palembang,14439936,AirGradient,21.1
2026-07-17 22:00:00+00:00,6103913,SD Muhammadiyah 18 Palembang,14439936,AirGradient,33.3
2026-07-17 23:00:00+00:00,6103913,SD Muhammadiyah 18 Palembang,14439936,AirGradient,49.0
2026-07-18 00:00:00+00:00,6103913,SD Muhammadiyah 18 Palembang,14439936,AirGradient,64.7
2026-07-18 01:00:00+00:00,6103913,SD Muhammadiyah 18 Palembang,14439936,AirGradient,76.7
2026-07-18 02:00:00+00:00,6103913,SD Muhammadiyah 18 Palembang,14439936,AirGradient,53.2
2026-07-18 03:00:00+00:00,6103913,SD Muhammadiyah 18 Palembang,14439936,AirGradient,49.3
2026-07-18 04:00:00+00:00,6103913,SD Muhammadiyah 18 Palembang,14439936,AirGradient,40.2
2026-07-18 05:00:00+00:00,6103913,SD Muhammadiyah 18 Palembang,14439936,AirGradient,40.6
2026-07-18 06:00:00+00:00,6103913,SD Muhammadiyah 18 Palembang,14439936,AirGradient,36.6
2026-07-18 07:00:00+00:00,6103913,SD Muhammadiyah 18 Palembang,14439936,AirGradient,36.7
2026-07-18 08:00:00+00:00,6103913,SD Muhammadiyah 18 Palembang,14439936,AirGradient,34.4
2026-07-18 09:00:00+00:00,6103913,SD Muhammadiyah 18 Palembang,14439936,AirGradient,32.7
2026-07-18 10:00:00+00:00,6103913,SD Muhammadiyah 18 Palembang,14439936,AirGradient,43.9
2026-07-18 11:00:00+00:00,6103913,SD Muhammadiyah 18 Palembang,14439936,AirGradient,44.1
2026-07-18 12:00:00+00:00,6103913,SD Muhammadiyah 18 Palembang,14439936,AirGradient,50.9
2026-07-18 13:00:00+00:00,6103913,SD Muhammadiyah 18 Palembang,14439936,AirGradient,45.5
2026-07-18 14:00:00+00:00,6103913,SD Muhammadiyah 18 Palembang,14439936,AirGradient,43.3
2026-07-18 15:00:00+00:00,6103913,SD Muhammadiyah 18 Palembang,14439936,AirGradient,45.7
2026-07-18 16:00:00+00:00,6103913,SD Muhammadiyah 18 Palembang,14439936,AirGradient,44.7
2026-07-18 17:00:00+00:00,6103913,SD Muhammadiyah 18 Palembang,14439936,AirGradient,45.0
2026-07-18 18:00:00+00:00,6103913,SD Muhammadiyah 18 Palembang,14439936,AirGradient,52.7
2026-07-18 19:00:00+00:00,6103913,SD Muhammadiyah 18 Palembang,14439936,AirGradient,49.3
2026-07-18 20:00:00+00:00,6103913,SD Muhammadiyah 18 Palembang,14439936,AirGradient,52.0
2026-07-18 21:00:00+00:00,6103913,SD Muhammadiyah 18 Palembang,14439936,AirGradient,50.9
2026-07-18 22:00:00+00:00,6103913,SD Muhammadiyah 18 Palembang,14439936,AirGradient,73.3
2026-07-18 23:00:00+00:00,6103913,SD Muhammadiyah 18 Palembang,14439936,AirGradient,75.1
2026-07-19 00:00:00+00:00,6103913,SD Muhammadiyah 18 Palembang,14439936,AirGradient,84.1
2026-07-19 01:00:00+00:00,6103913,SD Muhammadiyah 18 Palembang,14439936,AirGradient,100.0
2026-07-19 02:00:00+00:00,6103913,SD Muhammadiyah 18 Palembang,14439936,AirGradient,80.7
2026-07-19 03:00:00+00:00,6103913,SD Muhammadiyah 18 Palembang,14439936,AirGradient,53.9
2026-07-19 04:00:00+00:00,6103913,SD Muhammadiyah 18 Palembang,14439936,AirGradient,44.4
2026-07-19 05:00:00+00:00,6103913,SD Muhammadiyah 18 Palembang,14439936,AirGradient,38.6
2026-07-19 06:00:00+00:00,6103913,SD Muhammadiyah 18 Palembang,14439936,AirGradient,36.6
2026-07-19 07:00:00+00:00,6103913,SD Muhammadiyah 18 Palembang,14439936,AirGradient,39.0
2026-07-19 08:00:00+00:00,6103913,SD Muhammadiyah 18 Palembang,14439936,AirGradient,41.4
2026-07-19 09:00:00+00:00,6103913,SD Muhammadiyah 18 Palembang,14439936,AirGradient,41.1
2026-07-19 10:00:00+00:00,6103913,SD Muhammadiyah 18 Palembang,14439936,AirGradient,43.7
2026-07-19 11:00:00+00:00,6103913,SD Muhammadiyah 18 Palembang,14439936,AirGradient,44.0
2026-07-19 12:00:00+00:00,6103913,SD Muhammadiyah 18 Palembang,14439936,AirGradient,46.6
2026-07-19 13:00:00+00:00,6103913,SD Muhammadiyah 18 Palembang,14439936,AirGradient,42.0
2026-07-19 14:00:00+00:00,6103913,SD Muhammadiyah 18 Palembang,14439936,AirGradient,48.3
2026-07-19 15:00:00+00:00,6103913,SD Muhammadiyah 18 Palembang,14439936,AirGradient,60.2
2026-07-19 16:00:00+00:00,6103913,SD Muhammadiyah 18 Palembang,14439936,AirGradient,51.8
2026-07-19 17:00:00+00:00,6103913,SD Muhammadiyah 18 Palembang,14439936,AirGradient,44.7
2026-07-19 18:00:00+00:00,6103913,SD Muhammadiyah 18 Palembang,14439936,AirGradient,44.4
2026-07-19 19:00:00+00:00,6103913,SD Muhammadiyah 18 Palembang,14439936,AirGradient,77.0
2026-07-19 20:00:00+00:00,6103913,SD Muhammadiyah 18 Palembang,14439936,AirGradient,70.2
2026-07-19 21:00:00+00:00,6103913,SD Muhammadiyah 18 Palembang,14439936,AirGradient,68.6
2026-07-19 22:00:00+00:00,6103913,SD Muhammadiyah 18 Palembang,14439936,AirGradient,60.9
2026-07-19 23:00:00+00:00,6103913,SD Muhammadiyah 18 Palembang,14439936,AirGradient,67.1
2026-07-20 00:00:00+00:00,6103913,SD Muhammadiyah 18 Palembang,14439936,AirGradient,77.6
2026-07-20 01:00:00+00:00,6103913,SD Muhammadiyah 18 Palembang,14439936,AirGradient,105.0
2026-07-20 02:00:00+00:00,6103913,SD Muhammadiyah 18 Palembang,14439936,AirGradient,75.0
2026-07-20 03:00:00+00:00,6103913,SD Muhammadiyah 18 Palembang,14439936,AirGradient,45.9
2026-07-20 04:00:00+00:00,6103913,SD Muhammadiyah 18 Palembang,14439936,AirGradient,43.4
2026-07-20 05:00:00+00:00,6103913,SD Muhammadiyah 18 Palembang,14439936,AirGradient,45.0
2026-07-20 06:00:00+00:00,6103913,SD Muhammadiyah 18 Palembang,14439936,AirGradient,50.1
2026-07-20 07:00:00+00:00,6103913,SD Muhammadiyah 18 Palembang,14439936,AirGradient,48.5
2026-07-20 08:00:00+00:00,6103913,SD Muhammadiyah 18 Palembang,14439936,AirGradient,43.3
2026-07-20 09:00:00+00:00,6103913,SD Muhammadiyah 18 Palembang,14439936,AirGradient,43.5
2026-07-20 10:00:00+00:00,6103913,SD Muhammadiyah 18 Palembang,14439936,AirGradient,45.6
2026-07-20 11:00:00+00:00,6103913,SD Muhammadiyah 18 Palembang,14439936,AirGradient,45.5
2026-07-20 12:00:00+00:00,6103913,SD Muhammadiyah 18 Palembang,14439936,AirGradient,45.8
2026-07-20 13:00:00+00:00,6103913,SD Muhammadiyah 18 Palembang,14439936,AirGradient,41.7
2026-07-20 14:00:00+00:00,6103913,SD Muhammadiyah 18 Palembang,14439936,AirGradient,41.0
2026-07-20 15:00:00+00:00,6103913,SD Muhammadiyah 18 Palembang,14439936,AirGradient,40.8
2026-07-20 16:00:00+00:00,6103913,SD Muhammadiyah 18 Palembang,14439936,AirGradient,39.7
2026-07-20 17:00:00+00:00,6103913,SD Muhammadiyah 18 Palembang,14439936,AirGradient,40.9
2026-07-20 18:00:00+00:00,6103913,SD Muhammadiyah 18 Palembang,14439936,AirGradient,50.0
2026-07-20 19:00:00+00:00,6103913,SD Muhammadiyah 18 Palembang,14439936,AirGradient,57.3
2026-07-20 20:00:00+00:00,6103913,SD Muhammadiyah 18 Palembang,14439936,AirGradient,59.9
2026-07-20 21:00:00+00:00,6103913,SD Muhammadiyah 18 Palembang,14439936,AirGradient,62.0
2026-07-20 22:00:00+00:00,6103913,SD Muhammadiyah 18 Palembang,14439936,AirGradient,59.3
2026-07-20 23:00:00+00:00,6103913,SD Muhammadiyah 18 Palembang,14439936,AirGradient,56.5
2026-07-21 00:00:00+00:00,6103913,SD Muhammadiyah 18 Palembang,14439936,AirGradient,74.8
2026-07-21 01:00:00+00:00,6103913,SD Muhammadiyah 18 Palembang,14439936,AirGradient,88.8
2026-07-21 02:00:00+00:00,6103913,SD Muhammadiyah 18 Palembang,14439936,AirGradient,79.3
2026-07-21 03:00:00+00:00,6103913,SD Muhammadiyah 18 Palembang,14439936,AirGradient,55.4
2026-07-21 04:00:00+00:00,6103913,SD Muhammadiyah 18 Palembang,14439936,AirGradient,45.8
2026-07-21 05:00:00+00:00,6103913,SD Muhammadiyah 18 Palembang,14439936,AirGradient,43.4
2026-07-21 06:00:00+00:00,6103913,SD Muhammadiyah 18 Palembang,14439936,AirGradient,42.8
2026-07-21 07:00:00+00:00,6103913,SD Muhammadiyah 18 Palembang,14439936,AirGradient,41.4
2026-07-21 08:00:00+00:00,6103913,SD Muhammadiyah 18 Palembang,14439936,AirGradient,40.9
2026-07-21 09:00:00+00:00,6103913,SD Muhammadiyah 18 Palembang,14439936,AirGradient,41.6
2026-07-21 10:00:00+00:00,6103913,SD Muhammadiyah 18 Palembang,14439936,AirGradient,38.7
2026-07-21 11:00:00+00:00,6103913,SD Muhammadiyah 18 Palembang,14439936,AirGradient,40.5
2026-07-21 12:00:00+00:00,6103913,SD Muhammadiyah 18 Palembang,14439936,AirGradient,41.3
2026-07-21 13:00:00+00:00,6103913,SD Muhammadiyah 18 Palembang,14439936,AirGradient,36.5
2026-07-21 14:00:00+00:00,6103913,SD Muhammadiyah 18 Palembang,14439936,AirGradient,34.4
2026-07-21 15:00:00+00:00,6103913,SD Muhammadiyah 18 Palembang,14439936,AirGradient,34.8
2026-07-21 16:00:00+00:00,6103913,SD Muhammadiyah 18 Palembang,14439936,AirGradient,33.1
2026-07-21 17:00:00+00:00,6103913,SD Muhammadiyah 18 Palembang,14439936,AirGradient,48.6
2026-07-21 18:00:00+00:00,6103913,SD Muhammadiyah 18 Palembang,14439936,AirGradient,66.9
2026-07-21 19:00:00+00:00,6103913,SD Muhammadiyah 18 Palembang,14439936,AirGradient,45.4
2026-07-21 20:00:00+00:00,6103913,SD Muhammadiyah 18 Palembang,14439936,AirGradient,42.3
2026-07-21 21:00:00+00:00,6103913,SD Muhammadiyah 18 Palembang,14439936,AirGradient,50.6
2026-07-21 22:00:00+00:00,6103913,SD Muhammadiyah 18 Palembang,14439936,AirGradient,45.4
2026-07-21 23:00:00+00:00,6103913,SD Muhammadiyah 18 Palembang,14439936,AirGradient,52.3
2026-07-22 00:00:00+00:00,6103913,SD Muhammadiyah 18 Palembang,14439936,AirGradient,65.8
2026-07-22 01:00:00+00:00,6103913,SD Muhammadiyah 18 Palembang,14439936,AirGradient,60.7
2026-07-22 02:00:00+00:00,6103913,SD Muhammadiyah 18 Palembang,14439936,AirGradient,66.8
2026-07-22 03:00:00+00:00,6103913,SD Muhammadiyah 18 Palembang,14439936,AirGradient,47.8
2026-07-22 04:00:00+00:00,6103913,SD Muhammadiyah 18 Palembang,14439936,AirGradient,48.3
2026-07-22 05:00:00+00:00,6103913,SD Muhammadiyah 18 Palembang,14439936,AirGradient,45.5
2026-07-22 06:00:00+00:00,6103913,SD Muhammadiyah 18 Palembang,14439936,AirGradient,40.4
2026-07-22 07:00:00+00:00,6103913,SD Muhammadiyah 18 Palembang,14439936,AirGradient,41.3
2026-07-22 08:00:00+00:00,6103913,SD Muhammadiyah 18 Palembang,14439936,AirGradient,70.4
2026-07-22 09:00:00+00:00,6103913,SD Muhammadiyah 18 Palembang,14439936,AirGradient,41.2
2026-07-22 10:00:00+00:00,6103913,SD Muhammadiyah 18 Palembang,14439936,AirGradient,39.0
2026-07-22 11:00:00+00:00,6103913,SD Muhammadiyah 18 Palembang,14439936,AirGradient,39.4
2026-07-22 12:00:00+00:00,6103913,SD Muhammadiyah 18 Palembang,14439936,AirGradient,36.9
2026-07-22 13:00:00+00:00,6103913,SD Muhammadiyah 18 Palembang,14439936,AirGradient,42.4
2026-07-22 14:00:00+00:00,6103913,SD Muhammadiyah 18 Palembang,14439936,AirGradient,47.1
2026-07-22 15:00:00+00:00,6103913,SD Muhammadiyah 18 Palembang,14439936,AirGradient,47.8
2026-07-22 16:00:00+00:00,6103913,SD Muhammadiyah 18 Palembang,14439936,AirGradient,44.5
2026-07-22 17:00:00+00:00,6103913,SD Muhammadiyah 18 Palembang,14439936,AirGradient,55.2
2026-07-22 18:00:00+00:00,6103913,SD Muhammadiyah 18 Palembang,14439936,AirGradient,52.0
2026-07-22 19:00:00+00:00,6103913,SD Muhammadiyah 18 Palembang,14439936,AirGradient,54.4
2026-07-22 20:00:00+00:00,6103913,SD Muhammadiyah 18 Palembang,14439936,AirGradient,52.2
2026-07-22 21:00:00+00:00,6103913,SD Muhammadiyah 18 Palembang,14439936,AirGradient,43.5
2026-07-22 22:00:00+00:00,6103913,SD Muhammadiyah 18 Palembang,14439936,AirGradient,42.3
2026-07-22 23:00:00+00:00,6103913,SD Muhammadiyah 18 Palembang,14439936,AirGradient,44.1
2026-07-23 00:00:00+00:00,6103913,SD Muhammadiyah 18 Palembang,14439936,AirGradient,62.2
2026-07-23 01:00:00+00:00,6103913,SD Muhammadiyah 18 Palembang,14439936,AirGradient,66.4
2026-07-23 02:00:00+00:00,6103913,SD Muhammadiyah 18 Palembang,14439936,AirGradient,38.9
2026-07-23 03:00:00+00:00,6103913,SD Muhammadiyah 18 Palembang,14439936,AirGradient,34.9
2026-07-23 04:00:00+00:00,6103913,SD Muhammadiyah 18 Palembang,14439936,AirGradient,31.3
2026-07-23 05:00:00+00:00,6103913,SD Muhammadiyah 18 Palembang,14439936,AirGradient,30.2
2026-07-23 06:00:00+00:00,6103913,SD Muhammadiyah 18 Palembang,14439936,AirGradient,32.4
2026-07-23 07:00:00+00:00,6103913,SD Muhammadiyah 18 Palembang,14439936,AirGradient,32.4
2026-07-23 08:00:00+00:00,6103913,SD Muhammadiyah 18 Palembang,14439936,AirGradient,33.2
2026-07-23 09:00:00+00:00,6103913,SD Muhammadiyah 18 Palembang,14439936,AirGradient,34.1
2026-07-23 10:00:00+00:00,6103913,SD Muhammadiyah 18 Palembang,14439936,AirGradient,39.8
2026-07-23 11:00:00+00:00,6103913,SD Muhammadiyah 18 Palembang,14439936,AirGradient,44.9
2026-07-23 12:00:00+00:00,6103913,SD Muhammadiyah 18 Palembang,14439936,AirGradient,49.5
2026-07-23 13:00:00+00:00,6103913,SD Muhammadiyah 18 Palembang,14439936,AirGradient,42.5
2026-07-23 14:00:00+00:00,6103913,SD Muhammadiyah 18 Palembang,14439936,AirGradient,34.7
2026-07-23 15:00:00+00:00,6103913,SD Muhammadiyah 18 Palembang,14439936,AirGradient,30.9
2026-07-23 16:00:00+00:00,6103913,SD Muhammadiyah 18 Palembang,14439936,AirGradient,31.0
2026-07-23 17:00:00+00:00,6103913,SD Muhammadiyah 18 Palembang,14439936,AirGradient,31.9
2026-07-23 18:00:00+00:00,6103913,SD Muhammadiyah 18 Palembang,14439936,AirGradient,27.9
2026-07-23 19:00:00+00:00,6103913,SD Muhammadiyah 18 Palembang,14439936,AirGradient,33.6
2026-07-23 20:00:00+00:00,6103913,SD Muhammadiyah 18 Palembang,14439936,AirGradient,26.3
2026-07-23 21:00:00+00:00,6103913,SD Muhammadiyah 18 Palembang,14439936,AirGradient,27.7
2026-07-23 22:00:00+00:00,6103913,SD Muhammadiyah 18 Palembang,14439936,AirGradient,32.1
2026-07-23 23:00:00+00:00,6103913,SD Muhammadiyah 18 Palembang,14439936,AirGradient,38.4
2026-07-24 00:00:00+00:00,6103913,SD Muhammadiyah 18 Palembang,14439936,AirGradient,48.0
2026-07-24 01:00:00+00:00,6103913,SD Muhammadiyah 18 Palembang,14439936,AirGradient,102.0
2026-07-24 02:00:00+00:00,6103913,SD Muhammadiyah 18 Palembang,14439936,AirGradient,63.5
2026-07-24 03:00:00+00:00,6103913,SD Muhammadiyah 18 Palembang,14439936,AirGradient,36.5
2026-07-24 04:00:00+00:00,6103913,SD Muhammadiyah 18 Palembang,14439936,AirGradient,28.7
2026-07-24 05:00:00+00:00,6103913,SD Muhammadiyah 18 Palembang,14439936,AirGradient,31.6
2026-07-24 06:00:00+00:00,6103913,SD Muhammadiyah 18 Palembang,14439936,AirGradient,31.0
2026-07-24 07:00:00+00:00,6103913,SD Muhammadiyah 18 Palembang,14439936,AirGradient,30.5
2026-07-24 08:00:00+00:00,6103913,SD Muhammadiyah 18 Palembang,14439936,AirGradient,30.5
2026-07-24 09:00:00+00:00,6103913,SD Muhammadiyah 18 Palembang,14439936,AirGradient,33.2
2026-07-24 10:00:00+00:00,6103913,SD Muhammadiyah 18 Palembang,14439936,AirGradient,38.3
2026-07-24 11:00:00+00:00,6103913,SD Muhammadiyah 18 Palembang,14439936,AirGradient,36.5
2026-07-24 12:00:00+00:00,6103913,SD Muhammadiyah 18 Palembang,14439936,AirGradient,36.8
2026-07-24 13:00:00+00:00,6103913,SD Muhammadiyah 18 Palembang,14439936,AirGradient,33.8
2026-07-24 14:00:00+00:00,6103913,SD Muhammadiyah 18 Palembang,14439936,AirGradient,30.7
2026-07-24 15:00:00+00:00,6103913,SD Muhammadiyah 18 Palembang,14439936,AirGradient,26.2
2026-07-24 16:00:00+00:00,6103913,SD Muhammadiyah 18 Palembang,14439936,AirGradient,30.1
2026-07-24 17:00:00+00:00,6103913,SD Muhammadiyah 18 Palembang,14439936,AirGradient,30.7
2026-07-24 18:00:00+00:00,6103913,SD Muhammadiyah 18 Palembang,14439936,AirGradient,29.5
2026-07-24 19:00:00+00:00,6103913,SD Muhammadiyah 18 Palembang,14439936,AirGradient,21.4
2026-07-24 20:00:00+00:00,6103913,SD Muhammadiyah 18 Palembang,14439936,AirGradient,22.9
2026-07-24 21:00:00+00:00,6103913,SD Muhammadiyah 18 Palembang,14439936,AirGradient,18.8
2026-07-24 22:00:00+00:00,6103913,SD Muhammadiyah 18 Palembang,14439936,AirGradient,29.6
2026-07-24 23:00:00+00:00,6103913,SD Muhammadiyah 18 Palembang,14439936,AirGradient,37.7
2026-07-25 00:00:00+00:00,6103913,SD Muhammadiyah 18 Palembang,14439936,AirGradient,41.4
2026-07-25 01:00:00+00:00,6103913,SD Muhammadiyah 18 Palembang,14439936,AirGradient,42.4
2026-07-25 02:00:00+00:00,6103913,SD Muhammadiyah 18 Palembang,14439936,AirGradient,35.2
2026-07-25 03:00:00+00:00,6103913,SD Muhammadiyah 18 Palembang,14439936,AirGradient,35.0
2026-07-25 04:00:00+00:00,6103913,SD Muhammadiyah 18 Palembang,14439936,AirGradient,32.9
2026-07-25 05:00:00+00:00,6103913,SD Muhammadiyah 18 Palembang,14439936,AirGradient,32.9
2026-07-25 06:00:00+00:00,6103913,SD Muhammadiyah 18 Palembang,14439936,AirGradient,29.9
2026-07-25 07:00:00+00:00,6103913,SD Muhammadiyah 18 Palembang,14439936,AirGradient,30.9
2026-07-25 08:00:00+00:00,6103913,SD Muhammadiyah 18 Palembang,14439936,AirGradient,30.5
2026-07-25 09:00:00+00:00,6103913,SD Muhammadiyah 18 Palembang,14439936,AirGradient,39.5
2026-07-25 10:00:00+00:00,6103913,SD Muhammadiyah 18 Palembang,14439936,AirGradient,37.6
2026-07-25 11:00:00+00:00,6103913,SD Muhammadiyah 18 Palembang,14439936,AirGradient,39.6
2026-07-25 12:00:00+00:00,6103913,SD Muhammadiyah 18 Palembang,14439936,AirGradient,45.3
2026-07-25 13:00:00+00:00,6103913,SD Muhammadiyah 18 Palembang,14439936,AirGradient,32.1
2026-07-25 14:00:00+00:00,6103913,SD Muhammadiyah 18 Palembang,14439936,AirGradient,27.3
2026-07-25 15:00:00+00:00,6103913,SD Muhammadiyah 18 Palembang,14439936,AirGradient,24.3
2026-07-25 16:00:00+00:00,6103913,SD Muhammadiyah 18 Palembang,14439936,AirGradient,30.7
2026-07-25 17:00:00+00:00,6103913,SD Muhammadiyah 18 Palembang,14439936,AirGradient,31.6
2026-07-25 18:00:00+00:00,6103913,SD Muhammadiyah 18 Palembang,14439936,AirGradient,33.8
2026-07-25 19:00:00+00:00,6103913,SD Muhammadiyah 18 Palembang,14439936,AirGradient,32.2
2026-07-25 20:00:00+00:00,6103913,SD Muhammadiyah 18 Palembang,14439936,AirGradient,44.1
2026-07-25 21:00:00+00:00,6103913,SD Muhammadiyah 18 Palembang,14439936,AirGradient,54.2
2026-07-25 22:00:00+00:00,6103913,SD Muhammadiyah 18 Palembang,14439936,AirGradient,41.3
2026-07-25 23:00:00+00:00,6103913,SD Muhammadiyah 18 Palembang,14439936,AirGradient,43.8
2026-07-26 00:00:00+00:00,6103913,SD Muhammadiyah 18 Palembang,14439936,AirGradient,50.0
2026-07-26 01:00:00+00:00,6103913,SD Muhammadiyah 18 Palembang,14439936,AirGradient,51.7
2026-07-26 02:00:00+00:00,6103913,SD Muhammadiyah 18 Palembang,14439936,AirGradient,42.1
2026-07-26 03:00:00+00:00,6103913,SD Muhammadiyah 18 Palembang,14439936,AirGradient,33.4
2026-07-26 04:00:00+00:00,6103913,SD Muhammadiyah 18 Palembang,14439936,AirGradient,26.8
2026-07-26 05:00:00+00:00,6103913,SD Muhammadiyah 18 Palembang,14439936,AirGradient,27.0
2026-07-26 06:00:00+00:00,6103913,SD Muhammadiyah 18 Palembang,14439936,AirGradient,28.5
2026-07-26 07:00:00+00:00,6103913,SD Muhammadiyah 18 Palembang,14439936,AirGradient,35.2
2026-07-26 08:00:00+00:00,6103913,SD Muhammadiyah 18 Palembang,14439936,AirGradient,35.2
2026-07-26 09:00:00+00:00,6103913,SD Muhammadiyah 18 Palembang,14439936,AirGradient,35.0
2026-07-26 10:00:00+00:00,6103913,SD Muhammadiyah 18 Palembang,14439936,AirGradient,32.3
2026-07-26 11:00:00+00:00,6103913,SD Muhammadiyah 18 Palembang,14439936,AirGradient,39.5
2026-07-26 12:00:00+00:00,6103913,SD Muhammadiyah 18 Palembang,14439936,AirGradient,47.2
2026-07-26 13:00:00+00:00,6103913,SD Muhammadiyah 18 Palembang,14439936,AirGradient,42.4
2026-07-26 14:00:00+00:00,6103913,SD Muhammadiyah 18 Palembang,14439936,AirGradient,34.7
2026-07-26 15:00:00+00:00,6103913,SD Muhammadiyah 18 Palembang,14439936,AirGradient,36.6
2026-07-26 16:00:00+00:00,6103913,SD Muhammadiyah 18 Palembang,14439936,AirGradient,35.6
2026-07-26 17:00:00+00:00,6103913,SD Muhammadiyah 18 Palembang,14439936,AirGradient,33.1
2026-07-26 18:00:00+00:00,6103913,SD Muhammadiyah 18 Palembang,14439936,AirGradient,32.6
2026-07-26 19:00:00+00:00,6103913,SD Muhammadiyah 18 Palembang,14439936,AirGradient,34.9
2026-07-26 20:00:00+00:00,6103913,SD Muhammadiyah 18 Palembang,14439936,AirGradient,37.5
2026-07-26 21:00:00+00:00,6103913,SD Muhammadiyah 18 Palembang,14439936,AirGradient,46.2
2026-07-26 22:00:00+00:00,6103913,SD Muhammadiyah 18 Palembang,14439936,AirGradient,48.6
2026-07-26 23:00:00+00:00,6103913,SD Muhammadiyah 18 Palembang,14439936,AirGradient,66.9
2026-07-27 00:00:00+00:00,6103913,SD Muhammadiyah 18 Palembang,14439936,AirGradient,77.1
2026-07-27 01:00:00+00:00,6103913,SD Muhammadiyah 18 Palembang,14439936,AirGradient,85.1
2026-07-27 02:00:00+00:00,6103913,SD Muhammadiyah 18 Palembang,14439936,AirGradient,68.4
2026-07-27 03:00:00+00:00,6103913,SD Muhammadiyah 18 Palembang,14439936,AirGradient,43.8
2026-07-27 04:00:00+00:00,6103913,SD Muhammadiyah 18 Palembang,14439936,AirGradient,36.0
2026-07-27 05:00:00+00:00,6103913,SD Muhammadiyah 18 Palembang,14439936,AirGradient,31.7
2026-07-27 06:00:00+00:00,6103913,SD Muhammadiyah 18 Palembang,14439936,AirGradient,32.2
2026-07-27 07:00:00+00:00,6103913,SD Muhammadiyah 18 Palembang,14439936,AirGradient,32.8
2026-07-27 08:00:00+00:00,6103913,SD Muhammadiyah 18 Palembang,14439936,AirGradient,35.2
2026-07-27 09:00:00+00:00,6103913,SD Muhammadiyah 18 Palembang,14439936,AirGradient,34.2
2026-07-27 10:00:00+00:00,6103913,SD Muhammadiyah 18 Palembang,14439936,AirGradient,36.9
2026-07-27 11:00:00+00:00,6103913,SD Muhammadiyah 18 Palembang,14439936,AirGradient,42.9
2026-07-27 12:00:00+00:00,6103913,SD Muhammadiyah 18 Palembang,14439936,AirGradient,49.3
2026-07-27 13:00:00+00:00,6103913,SD Muhammadiyah 18 Palembang,14439936,AirGradient,41.6
2026-07-27 14:00:00+00:00,6103913,SD Muhammadiyah 18 Palembang,14439936,AirGradient,35.1
2026-07-27 15:00:00+00:00,6103913,SD Muhammadiyah 18 Palembang,14439936,AirGradient,32.1
2026-07-27 16:00:00+00:00,6103913,SD Muhammadiyah 18 Palembang,14439936,AirGradient,30.5
2026-07-27 17:00:00+00:00,6103913,SD Muhammadiyah 18 Palembang,14439936,AirGradient,39.4
2026-07-27 18:00:00+00:00,6103913,SD Muhammadiyah 18 Palembang,14439936,AirGradient,50.0
2026-07-27 19:00:00+00:00,6103913,SD Muhammadiyah 18 Palembang,14439936,AirGradient,48.1
2026-07-27 20:00:00+00:00,6103913,SD Muhammadiyah 18 Palembang,14439936,AirGradient,51.4
2026-07-27 21:00:00+00:00,6103913,SD Muhammadiyah 18 Palembang,14439936,AirGradient,51.0
2026-07-27 22:00:00+00:00,6103913,SD Muhammadiyah 18 Palembang,14439936,AirGradient,50.5
2026-07-27 23:00:00+00:00,6103913,SD Muhammadiyah 18 Palembang,14439936,AirGradient,61.5
2026-07-28 00:00:00+00:00,6103913,SD Muhammadiyah 18 Palembang,14439936,AirGradient,83.6
2026-07-28 01:00:00+00:00,6103913,SD Muhammadiyah 18 Palembang,14439936,AirGradient,92.4
2026-07-28 02:00:00+00:00,6103913,SD Muhammadiyah 18 Palembang,14439936,AirGradient,88.8
2026-07-28 03:00:00+00:00,6103913,SD Muhammadiyah 18 Palembang,14439936,AirGradient,47.9
2026-07-28 04:00:00+00:00,6103913,SD Muhammadiyah 18 Palembang,14439936,AirGradient,36.4
2026-07-28 05:00:00+00:00,6103913,SD Muhammadiyah 18 Palembang,14439936,AirGradient,27.1
2026-07-28 06:00:00+00:00,6103913,SD Muhammadiyah 18 Palembang,14439936,AirGradient,25.1
2026-07-28 07:00:00+00:00,6103913,SD Muhammadiyah 18 Palembang,14439936,AirGradient,26.3
2026-07-28 08:00:00+00:00,6103913,SD Muhammadiyah 18 Palembang,14439936,AirGradient,21.4
2026-07-28 09:00:00+00:00,6103913,SD Muhammadiyah 18 Palembang,14439936,AirGradient,23.9
2026-07-28 10:00:00+00:00,6103913,SD Muhammadiyah 18 Palembang,14439936,AirGradient,24.6
2026-07-28 11:00:00+00:00,6103913,SD Muhammadiyah 18 Palembang,14439936,AirGradient,28.2
2026-07-28 12:00:00+00:00,6103913,SD Muhammadiyah 18 Palembang,14439936,AirGradient,31.2
2026-07-28 13:00:00+00:00,6103913,SD Muhammadiyah 18 Palembang,14439936,AirGradient,28.2
2026-07-28 14:00:00+00:00,6103913,SD Muhammadiyah 18 Palembang,14439936,AirGradient,22.1
2026-07-28 15:00:00+00:00,6103913,SD Muhammadiyah 18 Palembang,14439936,AirGradient,23.6
2026-07-28 16:00:00+00:00,6103913,SD Muhammadiyah 18 Palembang,14439936,AirGradient,22.2
2026-07-28 17:00:00+00:00,6103913,SD Muhammadiyah 18 Palembang,14439936,AirGradient,23.2
2026-07-28 18:00:00+00:00,6103913,SD Muhammadiyah 18 Palembang,14439936,AirGradient,26.3
2026-07-28 19:00:00+00:00,6103913,SD Muhammadiyah 18 Palembang,14439936,AirGradient,22.7
2026-07-28 20:00:00+00:00,6103913,SD Muhammadiyah 18 Palembang,14439936,AirGradient,23.1
2026-07-28 21:00:00+00:00,6103913,SD Muhammadiyah 18 Palembang,14439936,AirGradient,35.7
2026-07-28 22:00:00+00:00,6103913,SD Muhammadiyah 18 Palembang,14439936,AirGradient,39.7
2026-07-28 23:00:00+00:00,6103913,SD Muhammadiyah 18 Palembang,14439936,AirGradient,39.7
2026-07-29 00:00:00+00:00,6103913,SD Muhammadiyah 18 Palembang,14439936,AirGradient,48.5
2026-07-29 01:00:00+00:00,6103913,SD Muhammadiyah 18 Palembang,14439936,AirGradient,51.2
2026-07-29 02:00:00+00:00,6103913,SD Muhammadiyah 18 Palembang,14439936,AirGradient,42.9
2026-07-29 03:00:00+00:00,6103913,SD Muhammadiyah 18 Palembang,14439936,AirGradient,31.4
2026-07-29 04:00:00+00:00,6103913,SD Muhammadiyah 18 Palembang,14439936,AirGradient,25.2
2026-07-29 05:00:00+00:00,6103913,SD Muhammadiyah 18 Palembang,14439936,AirGradient,25.5
2026-07-29 06:00:00+00:00,6103913,SD Muhammadiyah 18 Palembang,14439936,AirGradient,24.6
2026-07-29 07:00:00+00:00,6103913,SD Muhammadiyah 18 Palembang,14439936,AirGradient,25.4
2026-07-29 08:00:00+00:00,6103913,SD Muhammadiyah 18 Palembang,14439936,AirGradient,27.5
2026-07-29 09:00:00+00:00,6103913,SD Muhammadiyah 18 Palembang,14439936,AirGradient,29.4
2026-07-29 10:00:00+00:00,6103913,SD Muhammadiyah 18 Palembang,14439936,AirGradient,25.4
2026-07-29 11:00:00+00:00,6103913,SD Muhammadiyah 18 Palembang,14439936,AirGradient,33.2
2026-07-29 12:00:00+00:00,6103913,SD Muhammadiyah 18 Palembang,14439936,AirGradient,35.1
2026-07-29 13:00:00+00:00,6103913,SD Muhammadiyah 18 Palembang,14439936,AirGradient,31.7
2026-07-29 14:00:00+00:00,6103913,SD Muhammadiyah 18 Palembang,14439936,AirGradient,33.1
2026-07-29 15:00:00+00:00,6103913,SD Muhammadiyah 18 Palembang,14439936,AirGradient,28.7
2026-07-29 16:00:00+00:00,6103913,SD Muhammadiyah 18 Palembang,14439936,AirGradient,24.1
2026-07-29 17:00:00+00:00,6103913,SD Muhammadiyah 18 Palembang,14439936,AirGradient,25.7
2026-07-29 18:00:00+00:00,6103913,SD Muhammadiyah 18 Palembang,14439936,AirGradient,26.6
2026-07-29 19:00:00+00:00,6103913,SD Muhammadiyah 18 Palembang,14439936,AirGradient,30.3
2026-07-29 20:00:00+00:00,6103913,SD Muhammadiyah 18 Palembang,14439936,AirGradient,31.6
2026-07-29 21:00:00+00:00,6103913,SD Muhammadiyah 18 Palembang,14439936,AirGradient,32.9
2026-07-29 22:00:00+00:00,6103913,SD Muhammadiyah 18 Palembang,14439936,AirGradient,41.0
2026-07-29 23:00:00+00:00,6103913,SD Muhammadiyah 18 Palembang,14439936,AirGradient,40.3
2026-07-30 00:00:00+00:00,6103913,SD Muhammadiyah 18 Palembang,14439936,AirGradient,46.5
2026-07-30 01:00:00+00:00,6103913,SD Muhammadiyah 18 Palembang,14439936,AirGradient,49.1
2026-07-30 02:00:00+00:00,6103913,SD Muhammadiyah 18 Palembang,14439936,AirGradient,40.4
2026-07-30 03:00:00+00:00,6103913,SD Muhammadiyah 18 Palembang,14439936,AirGradient,43.4
2026-07-30 04:00:00+00:00,6103913,SD Muhammadiyah 18 Palembang,14439936,AirGradient,34.5
2026-07-30 05:00:00+00:00,6103913,SD Muhammadiyah 18 Palembang,14439936,AirGradient,35.4
2026-07-30 06:00:00+00:00,6103913,SD Muhammadiyah 18 Palembang,14439936,AirGradient,30.2
2026-07-30 07:00:00+00:00,6103913,SD Muhammadiyah 18 Palembang,14439936,AirGradient,27.4
2026-07-30 08:00:00+00:00,6103913,SD Muhammadiyah 18 Palembang,14439936,AirGradient,27.1
2026-07-30 09:00:00+00:00,6103913,SD Muhammadiyah 18 Palembang,14439936,AirGradient,26.2
2026-07-30 10:00:00+00:00,6103913,SD Muhammadiyah 18 Palembang,14439936,AirGradient,25.3
2026-07-30 11:00:00+00:00,6103913,SD Muhammadiyah 18 Palembang,14439936,AirGradient,34.4
2026-07-30 12:00:00+00:00,6103913,SD Muhammadiyah 18 Palembang,14439936,AirGradient,34.5
2026-07-30 13:00:00+00:00,6103913,SD Muhammadiyah 18 Palembang,14439936,AirGradient,28.6
2026-07-30 14:00:00+00:00,6103913,SD Muhammadiyah 18 Palembang,14439936,AirGradient,27.1
2026-07-30 15:00:00+00:00,6103913,SD Muhammadiyah 18 Palembang,14439936,AirGradient,28.5
2026-07-30 16:00:00+00:00,6103913,SD Muhammadiyah 18 Palembang,14439936,AirGradient,28.4
2026-07-30 17:00:00+00:00,6103913,SD Muhammadiyah 18 Palembang,14439936,AirGradient,29.2
2026-07-30 18:00:00+00:00,6103913,SD Muhammadiyah 18 Palembang,14439936,AirGradient,30.3
2026-07-30 19:00:00+00:00,6103913,SD Muhammadiyah 18 Palembang,14439936,AirGradient,28.7
2026-07-30 20:00:00+00:00,6103913,SD Muhammadiyah 18 Palembang,14439936,AirGradient,29.4
2026-07-30 21:00:00+00:00,6103913,SD Muhammadiyah 18 Palembang,14439936,AirGradient,33.4
2026-07-30 22:00:00+00:00,6103913,SD Muhammadiyah 18 Palembang,14439936,AirGradient,38.7
2026-07-30 23:00:00+00:00,6103913,SD Muhammadiyah 18 Palembang,14439936,AirGradient,58.3
2026-07-31 00:00:00+00:00,6103913,SD Muhammadiyah 18 Palembang,14439936,AirGradient,75.6
2026-07-31 01:00:00+00:00,6103913,SD Muhammadiyah 18 Palembang,14439936,AirGradient,70.6
2026-07-31 02:00:00+00:00,6103913,SD Muhammadiyah 18 Palembang,14439936,AirGradient,53.8
2026-07-31 03:00:00+00:00,6103913,SD Muhammadiyah 18 Palembang,14439936,AirGradient,55.5
2026-07-31 04:00:00+00:00,6103913,SD Muhammadiyah 18 Palembang,14439936,AirGradient,32.3
2026-07-31 05:00:00+00:00,6103913,SD Muhammadiyah 18 Palembang,14439936,AirGradient,29.2
2026-07-31 06:00:00+00:00,6103913,SD Muhammadiyah 18 Palembang,14439936,AirGradient,23.4
2026-07-31 07:00:00+00:00,6103913,SD Muhammadiyah 18 Palembang,14439936,AirGradient,21.1
2026-07-31 08:00:00+00:00,6103913,SD Muhammadiyah 18 Palembang,14439936,AirGradient,23.5
2026-07-31 09:00:00+00:00,6103913,SD Muhammadiyah 18 Palembang,14439936,AirGradient,29.3
2026-07-31 10:00:00+00:00,6103913,SD Muhammadiyah 18 Palembang,14439936,AirGradient,28.1
2026-07-31 11:00:00+00:00,6103913,SD Muhammadiyah 18 Palembang,14439936,AirGradient,30.6
2026-07-31 12:00:00+00:00,6103913,SD Muhammadiyah 18 Palembang,14439936,AirGradient,34.4
2026-07-31 13:00:00+00:00,6103913,SD Muhammadiyah 18 Palembang,14439936,AirGradient,36.6
2026-07-31 14:00:00+00:00,6103913,SD Muhammadiyah 18 Palembang,14439936,AirGradient,33.4
2026-07-31 15:00:00+00:00,6103913,SD Muhammadiyah 18 Palembang,14439936,AirGradient,40.8
2026-07-31 16:00:00+00:00,6103913,SD Muhammadiyah 18 Palembang,14439936,AirGradient,47.7
2026-07-31 17:00:00+00:00,6103913,SD Muhammadiyah 18 Palembang,14439936,AirGradient,46.0
2026-07-31 18:00:00+00:00,6103913,SD Muhammadiyah 18 Palembang,14439936,AirGradient,43.2
2026-07-31 19:00:00+00:00,6103913,SD Muhammadiyah 18 Palembang,14439936,AirGradient,43.1
2026-07-31 20:00:00+00:00,6103913,SD Muhammadiyah 18 Palembang,14439936,AirGradient,42.8
2026-07-31 21:00:00+00:00,6103913,SD Muhammadiyah 18 Palembang,14439936,AirGradient,42.1
2026-07-31 22:00:00+00:00,6103913,SD Muhammadiyah 18 Palembang,14439936,AirGradient,44.7
2026-07-31 23:00:00+00:00,6103913,SD Muhammadiyah 18 Palembang,14439936,AirGradient,56.8
2026-08-01 00:00:00+00:00,6103913,SD Muhammadiyah 18 Palembang,14439936,AirGradient,83.7
2026-08-01 01:00:00+00:00,6103913,SD Muhammadiyah 18 Palembang,14439936,AirGradient,68.3
2026-08-01 02:00:00+00:00,6103913,SD Muhammadiyah 18 Palembang,14439936,AirGradient,50.4
2026-08-01 03:00:00+00:00,6103913,SD Muhammadiyah 18 Palembang,14439936,AirGradient,46.2
2026-08-01 04:00:00+00:00,6103913,SD Muhammadiyah 18 Palembang,14439936,AirGradient,41.8
2026-08-01 05:00:00+00:00,6103913,SD Muhammadiyah 18 Palembang,14439936,AirGradient,34.2
2026-08-01 06:00:00+00:00,6103913,SD Muhammadiyah 18 Palembang,14439936,AirGradient,26.2
2026-08-01 07:00:00+00:00,6103913,SD Muhammadiyah 18 Palembang,14439936,AirGradient,25.9
2026-08-01 08:00:00+00:00,6103913,SD Muhammadiyah 18 Palembang,14439936,AirGradient,27.5
2026-08-01 09:00:00+00:00,6103913,SD Muhammadiyah 18 Palembang,14439936,AirGradient,24.2
2026-08-01 10:00:00+00:00,6103913,SD Muhammadiyah 18 Palembang,14439936,AirGradient,26.4
2026-08-01 11:00:00+00:00,6103913,SD Muhammadiyah 18 Palembang,14439936,AirGradient,36.0
2026-08-01 12:00:00+00:00,6103913,SD Muhammadiyah 18 Palembang,14439936,AirGradient,43.1
2026-08-01 13:00:00+00:00,6103913,SD Muhammadiyah 18 Palembang,14439936,AirGradient,48.0
2026-08-01 14:00:00+00:00,6103913,SD Muhammadiyah 18 Palembang,14439936,AirGradient,43.8
2026-08-01 15:00:00+00:00,6103913,SD Muhammadiyah 18 Palembang,14439936,AirGradient,39.8
2026-08-01 16:00:00+00:00,6103913,SD Muhammadiyah 18 Palembang,14439936,AirGradient,37.7
2026-08-01 17:00:00+00:00,6103913,SD Muhammadiyah 18 Palembang,14439936,AirGradient,36.7
2026-08-01 18:00:00+00:00,6103913,SD Muhammadiyah 18 Palembang,14439936,AirGradient,37.6
2026-08-01 19:00:00+00:00,6103913,SD Muhammadiyah 18 Palembang,14439936,AirGradient,39.6
2026-08-01 20:00:00+00:00,6103913,SD Muhammadiyah 18 Palembang,14439936,AirGradient,35.4
2026-08-01 21:00:00+00:00,6103913,SD Muhammadiyah 18 Palembang,14439936,AirGradient,44.4
2026-08-01 22:00:00+00:00,6103913,SD Muhammadiyah 18 Palembang,14439936,AirGradient,50.7
2026-08-01 23:00:00+00:00,6103913,SD Muhammadiyah 18 Palembang,14439936,AirGradient,55.8
2026-08-02 00:00:00+00:00,6103913,SD Muhammadiyah 18 Palembang,14439936,AirGradient,59.6
2026-08-02 01:00:00+00:00,6103913,SD Muhammadiyah 18 Palembang,14439936,AirGradient,87.9
2026-08-02 02:00:00+00:00,6103913,SD Muhammadiyah 18 Palembang,14439936,AirGradient,56.4
2026-08-02 03:00:00+00:00,6103913,SD Muhammadiyah 18 Palembang,14439936,AirGradient,49.2
2026-08-02 04:00:00+00:00,6103913,SD Muhammadiyah 18 Palembang,14439936,AirGradient,40.7
2026-08-02 05:00:00+00:00,6103913,SD Muhammadiyah 18 Palembang,14439936,AirGradient,36.0
2026-08-02 06:00:00+00:00,6103913,SD Muhammadiyah 18 Palembang,14439936,AirGradient,32.4
2026-08-02 07:00:00+00:00,6103913,SD Muhammadiyah 18 Palembang,14439936,AirGradient,30.0
2026-08-02 08:00:00+00:00,6103913,SD Muhammadiyah 18 Palembang,14439936,AirGradient,27.3
2026-08-02 09:00:00+00:00,6103913,SD Muhammadiyah 18 Palembang,14439936,AirGradient,26.0
2026-08-02 10:00:00+00:00,6103913,SD Muhammadiyah 18 Palembang,14439936,AirGradient,31.0
2026-08-02 11:00:00+00:00,6103913,SD Muhammadiyah 18 Palembang,14439936,AirGradient,35.0
2026-08-02 12:00:00+00:00,6103913,SD Muhammadiyah 18 Palembang,14439936,AirGradient,39.3
2026-08-02 13:00:00+00:00,6103913,SD Muhammadiyah 18 Palembang,14439936,AirGradient,33.4
2026-08-02 14:00:00+00:00,6103913,SD Muhammadiyah 18 Palembang,14439936,AirGradient,33.1
2026-08-02 15:00:00+00:00,6103913,SD Muhammadiyah 18 Palembang,14439936,AirGradient,33.6
2026-08-02 16:00:00+00:00,6103913,SD Muhammadiyah 18 Palembang,14439936,AirGradient,35.5
2026-08-02 17:00:00+00:00,6103913,SD Muhammadiyah 18 Palembang,14439936,AirGradient,35.9
2026-08-02 18:00:00+00:00,6103913,SD Muhammadiyah 18 Palembang,14439936,AirGradient,36.2
2026-08-02 19:00:00+00:00,6103913,SD Muhammadiyah 18 Palembang,14439936,AirGradient,36.7
2026-08-02 20:00:00+00:00,6103913,SD Muhammadiyah 18 Palembang,14439936,AirGradient,36.5
2026-08-02 21:00:00+00:00,6103913,SD Muhammadiyah 18 Palembang,14439936,AirGradient,36.9
2026-08-02 22:00:00+00:00,6103913,SD Muhammadiyah 18 Palembang,14439936,AirGradient,33.2
2026-08-02 23:00:00+00:00,6103913,SD Muhammadiyah 18 Palembang,14439936,AirGradient,40.2
2026-08-03 00:00:00+00:00,6103913,SD Muhammadiyah 18 Palembang,14439936,AirGradient,69.4
2026-08-03 01:00:00+00:00,6103913,SD Muhammadiyah 18 Palembang,14439936,AirGradient,42.8
2026-08-03 02:00:00+00:00,6103913,SD Muhammadiyah 18 Palembang,14439936,AirGradient,30.6
2026-08-03 03:00:00+00:00,6103913,SD Muhammadiyah 18 Palembang,14439936,AirGradient,30.3
2026-08-03 04:00:00+00:00,6103913,SD Muhammadiyah 18 Palembang,14439936,AirGradient,29.3
2026-08-03 05:00:00+00:00,6103913,SD Muhammadiyah 18 Palembang,14439936,AirGradient,31.1
2026-08-03 06:00:00+00:00,6103913,SD Muhammadiyah 18 Palembang,14439936,AirGradient,30.8
2026-08-03 07:00:00+00:00,6103913,SD Muhammadiyah 18 Palembang,14439936,AirGradient,27.9
2026-08-03 08:00:00+00:00,6103913,SD Muhammadiyah 18 Palembang,14439936,AirGradient,23.3
2026-08-03 09:00:00+00:00,6103913,SD Muhammadiyah 18 Palembang,14439936,AirGradient,21.3
2026-08-03 10:00:00+00:00,6103913,SD Muhammadiyah 18 Palembang,14439936,AirGradient,24.8
2026-08-03 11:00:00+00:00,6103913,SD Muhammadiyah 18 Palembang,14439936,AirGradient,28.7
2026-08-03 12:00:00+00:00,6103913,SD Muhammadiyah 18 Palembang,14439936,AirGradient,27.8
2026-08-03 13:00:00+00:00,6103913,SD Muhammadiyah 18 Palembang,14439936,AirGradient,18.7
2026-08-03 14:00:00+00:00,6103913,SD Muhammadiyah 18 Palembang,14439936,AirGradient,14.4
2026-08-03 15:00:00+00:00,6103913,SD Muhammadiyah 18 Palembang,14439936,AirGradient,12.6
2026-08-03 16:00:00+00:00,6103913,SD Muhammadiyah 18 Palembang,14439936,AirGradient,12.0
2026-08-03 17:00:00+00:00,6103913,SD Muhammadiyah 18 Palembang,14439936,AirGradient,24.8
2026-08-03 18:00:00+00:00,6103913,SD Muhammadiyah 18 Palembang,14439936,AirGradient,18.6
2026-08-03 19:00:00+00:00,6103913,SD Muhammadiyah 18 Palembang,14439936,AirGradient,22.9
2026-08-03 20:00:00+00:00,6103913,SD Muhammadiyah 18 Palembang,14439936,AirGradient,33.4
2026-08-03 21:00:00+00:00,6103913,SD Muhammadiyah 18 Palembang,14439936,AirGradient,44.8
2026-08-03 22:00:00+00:00,6103913,SD Muhammadiyah 18 Palembang,14439936,AirGradient,43.9
2026-08-03 23:00:00+00:00,6103913,SD Muhammadiyah 18 Palembang,14439936,AirGradient,35.9
2026-08-04 00:00:00+00:00,6103913,SD Muhammadiyah 18 Palembang,14439936,AirGradient,42.8
2026-08-04 01:00:00+00:00,6103913,SD Muhammadiyah 18 Palembang,14439936,AirGradient,42.6
2026-08-04 02:00:00+00:00,6103913,SD Muhammadiyah 18 Palembang,14439936,AirGradient,33.9
2026-08-04 03:00:00+00:00,6103913,SD Muhammadiyah 18 Palembang,14439936,AirGradient,29.6
2026-08-04 04:00:00+00:00,6103913,SD Muhammadiyah 18 Palembang,14439936,AirGradient,27.6
2026-08-04 05:00:00+00:00,6103913,SD Muhammadiyah 18 Palembang,14439936,AirGradient,35.5
2026-08-04 06:00:00+00:00,6103913,SD Muhammadiyah 18 Palembang,14439936,AirGradient,44.1
2026-08-04 07:00:00+00:00,6103913,SD Muhammadiyah 18 Palembang,14439936,AirGradient,38.0
2026-08-04 08:00:00+00:00,6103913,SD Muhammadiyah 18 Palembang,14439936,AirGradient,40.4
2026-08-04 09:00:00+00:00,6103913,SD Muhammadiyah 18 Palembang,14439936,AirGradient,33.1
2026-08-04 10:00:00+00:00,6103913,SD Muhammadiyah 18 Palembang,14439936,AirGradient,32.1
2026-08-04 11:00:00+00:00,6103913,SD Muhammadiyah 18 Palembang,14439936,AirGradient,52.2
2026-08-04 12:00:00+00:00,6103913,SD Muhammadiyah 18 Palembang,14439936,AirGradient,52.0
2026-08-04 13:00:00+00:00,6103913,SD Muhammadiyah 18 Palembang,14439936,AirGradient,35.2
2026-08-04 14:00:00+00:00,6103913,SD Muhammadiyah 18 Palembang,14439936,AirGradient,43.6
2026-08-04 15:00:00+00:00,6103913,SD Muhammadiyah 18 Palembang,14439936,AirGradient,41.8
2026-08-04 16:00:00+00:00,6103913,SD Muhammadiyah 18 Palembang,14439936,AirGradient,24.5
2026-08-04 17:00:00+00:00,6103913,SD Muhammadiyah 18 Palembang,14439936,AirGradient,34.8
2026-08-04 18:00:00+00:00,6103913,SD Muhammadiyah 18 Palembang,14439936,AirGradient,33.5
2026-08-04 19:00:00+00:00,6103913,SD Muhammadiyah 18 Palembang,14439936,AirGradient,29.5
2026-08-04 20:00:00+00:00,6103913,SD Muhammadiyah 18 Palembang,14439936,AirGradient,39.8
2026-08-04 21:00:00+00:00,6103913,SD Muhammadiyah 18 Palembang,14439936,AirGradient,37.9
2026-08-04 22:00:00+00:00,6103913,SD Muhammadiyah 18 Palembang,14439936,AirGradient,42.8
2026-08-04 23:00:00+00:00,6103913,SD Muhammadiyah 18 Palembang,14439936,AirGradient,47.5
2026-08-05 00:00:00+00:00,6103913,SD Muhammadiyah 18 Palembang,14439936,AirGradient,52.6
2026-08-05 01:00:00+00:00,6103913,SD Muhammadiyah 18 Palembang,14439936,AirGradient,60.9
2026-08-05 02:00:00+00:00,6103913,SD Muhammadiyah 18 Palembang,14439936,AirGradient,46.1
2026-08-05 03:00:00+00:00,6103913,SD Muhammadiyah 18 Palembang,14439936,AirGradient,45.4
2026-08-05 04:00:00+00:00,6103913,SD Muhammadiyah 18 Palembang,14439936,AirGradient,42.3
2026-08-05 05:00:00+00:00,6103913,SD Muhammadiyah 18 Palembang,14439936,AirGradient,30.9
2026-08-05 06:00:00+00:00,6103913,SD Muhammadiyah 18 Palembang,14439936,AirGradient,31.0
2026-08-05 07:00:00+00:00,6103913,SD Muhammadiyah 18 Palembang,14439936,AirGradient,35.5
2026-08-05 08:00:00+00:00,6103913,SD Muhammadiyah 18 Palembang,14439936,AirGradient,42.3
2026-08-05 09:00:00+00:00,6103913,SD Muhammadiyah 18 Palembang,14439936,AirGradient,49.5
2026-08-05 10:00:00+00:00,6103913,SD Muhammadiyah 18 Palembang,14439936,AirGradient,53.0
2026-08-05 11:00:00+00:00,6103913,SD Muhammadiyah 18 Palembang,14439936,AirGradient,94.2
2026-08-05 12:00:00+00:00,6103913,SD Muhammadiyah 18 Palembang,14439936,AirGradient,114.0
2026-08-05 13:00:00+00:00,6103913,SD Muhammadiyah 18 Palembang,14439936,AirGradient,75.6
2026-08-05 14:00:00+00:00,6103913,SD Muhammadiyah 18 Palembang,14439936,AirGradient,57.0
2026-08-05 15:00:00+00:00,6103913,SD Muhammadiyah 18 Palembang,14439936,AirGradient,82.8
2026-08-05 16:00:00+00:00,6103913,SD Muhammadiyah 18 Palembang,14439936,AirGradient,243.0
2026-08-05 17:00:00+00:00,6103913,SD Muhammadiyah 18 Palembang,14439936,AirGradient,269.0
2026-08-05 18:00:00+00:00,6103913,SD Muhammadiyah 18 Palembang,14439936,AirGradient,312.0
2026-08-05 19:00:00+00:00,6103913,SD Muhammadiyah 18 Palembang,14439936,AirGradient,287.0
2026-08-05 20:00:00+00:00,6103913,SD Muhammadiyah 18 Palembang,14439936,AirGradient,189.0
2026-08-05 21:00:00+00:00,6103913,SD Muhammadiyah 18 Palembang,14439936,AirGradient,129.0
2026-08-05 22:00:00+00:00,6103913,SD Muhammadiyah 18 Palembang,14439936,AirGradient,92.1
2026-08-05 23:00:00+00:00,6103913,SD Muhammadiyah 18 Palembang,14439936,AirGradient,66.8
2026-08-06 00:00:00+00:00,6103913,SD Muhammadiyah 18 Palembang,14439936,AirGradient,71.1
2026-08-06 01:00:00+00:00,6103913,SD Muhammadiyah 18 Palembang,14439936,AirGradient,94.2
2026-08-06 02:00:00+00:00,6103913,SD Muhammadiyah 18 Palembang,14439936,AirGradient,52.4
2026-08-06 03:00:00+00:00,6103913,SD Muhammadiyah 18 Palembang,14439936,AirGradient,43.1
2026-08-06 04:00:00+00:00,6103913,SD Muhammadiyah 18 Palembang,14439936,AirGradient,33.9
2026-08-06 05:00:00+00:00,6103913,SD Muhammadiyah 18 Palembang,14439936,AirGradient,31.2
2026-08-06 06:00:00+00:00,6103913,SD Muhammadiyah 18 Palembang,14439936,AirGradient,29.5
2026-08-06 07:00:00+00:00,6103913,SD Muhammadiyah 18 Palembang,14439936,AirGradient,35.9
2026-08-06 08:00:00+00:00,6103913,SD Muhammadiyah 18 Palembang,14439936,AirGradient,42.5
2026-08-06 09:00:00+00:00,6103913,SD Muhammadiyah 18 Palembang,14439936,AirGradient,40.4
2026-08-06 10:00:00+00:00,6103913,SD Muhammadiyah 18 Palembang,14439936,AirGradient,54.2
2026-08-06 11:00:00+00:00,6103913,SD Muhammadiyah 18 Palembang,14439936,AirGradient,53.3
2026-08-06 12:00:00+00:00,6103913,SD Muhammadiyah 18 Palembang,14439936,AirGradient,65.8
2026-08-06 13:00:00+00:00,6103913,SD Muhammadiyah 18 Palembang,14439936,AirGradient,46.5
2026-08-06 14:00:00+00:00,6103913,SD Muhammadiyah 18 Palembang,14439936,AirGradient,35.9
2026-08-06 15:00:00+00:00,6103913,SD Muhammadiyah 18 Palembang,14439936,AirGradient,30.3
2026-08-06 16:00:00+00:00,6103913,SD Muhammadiyah 18 Palembang,14439936,AirGradient,31.6
2026-08-06 17:00:00+00:00,6103913,SD Muhammadiyah 18 Palembang,14439936,AirGradient,29.6
2026-08-06 18:00:00+00:00,6103913,SD Muhammadiyah 18 Palembang,14439936,AirGradient,37.1
2026-08-06 19:00:00+00:00,6103913,SD Muhammadiyah 18 Palembang,14439936,AirGradient,73.9
2026-08-06 20:00:00+00:00,6103913,SD Muhammadiyah 18 Palembang,14439936,AirGradient,91.4
2026-08-06 21:00:00+00:00,6103913,SD Muhammadiyah 18 Palembang,14439936,AirGradient,58.2
2026-08-06 22:00:00+00:00,6103913,SD Muhammadiyah 18 Palembang,14439936,AirGradient,49.9
2026-08-06 23:00:00+00:00,6103913,SD Muhammadiyah 18 Palembang,14439936,AirGradient,38.0
2026-08-07 00:00:00+00:00,6103913,SD Muhammadiyah 18 Palembang,14439936,AirGradient,60.1
2026-08-07 01:00:00+00:00,6103913,SD Muhammadiyah 18 Palembang,14439936,AirGradient,57.1
2026-08-07 02:00:00+00:00,6103913,SD Muhammadiyah 18 Palembang,14439936,AirGradient,36.8
2026-08-07 03:00:00+00:00,6103913,SD Muhammadiyah 18 Palembang,14439936,AirGradient,34.1
2026-08-07 04:00:00+00:00,6103913,SD Muhammadiyah 18 Palembang,14439936,AirGradient,46.5
2026-08-07 05:00:00+00:00,6103913,SD Muhammadiyah 18 Palembang,14439936,AirGradient,45.4
2026-08-07 06:00:00+00:00,6103913,SD Muhammadiyah 18 Palembang,14439936,AirGradient,45.8
2026-08-07 07:00:00+00:00,6103913,SD Muhammadiyah 18 Palembang,14439936,AirGradient,36.5
2026-08-07 08:00:00+00:00,6103913,SD Muhammadiyah 18 Palembang,14439936,AirGradient,40.0
2026-08-07 09:00:00+00:00,6103913,SD Muhammadiyah 18 Palembang,14439936,AirGradient,38.4
2026-08-07 10:00:00+00:00,6103913,SD Muhammadiyah 18 Palembang,14439936,AirGradient,40.5
2026-08-07 11:00:00+00:00,6103913,SD Muhammadiyah 18 Palembang,14439936,AirGradient,46.2
2026-08-07 12:00:00+00:00,6103913,SD Muhammadiyah 18 Palembang,14439936,AirGradient,44.3
2026-08-07 13:00:00+00:00,6103913,SD Muhammadiyah 18 Palembang,14439936,AirGradient,51.3
2026-08-07 14:00:00+00:00,6103913,SD Muhammadiyah 18 Palembang,14439936,AirGradient,34.2
2026-08-07 15:00:00+00:00,6103913,SD Muhammadiyah 18 Palembang,14439936,AirGradient,25.4
2026-08-07 16:00:00+00:00,6103913,SD Muhammadiyah 18 Palembang,14439936,AirGradient,28.8
2026-08-07 17:00:00+00:00,6103913,SD Muhammadiyah 18 Palembang,14439936,AirGradient,30.3
2026-08-07 18:00:00+00:00,6103913,SD Muhammadiyah 18 Palembang,14439936,AirGradient,41.1
2026-08-07 19:00:00+00:00,6103913,SD Muhammadiyah 18 Palembang,14439936,AirGradient,44.0
2026-08-07 20:00:00+00:00,6103913,SD Muhammadiyah 18 Palembang,14439936,AirGradient,83.7
2026-08-07 21:00:00+00:00,6103913,SD Muhammadiyah 18 Palembang,14439936,AirGradient,65.7
2026-08-07 22:00:00+00:00,6103913,SD Muhammadiyah 18 Palembang,14439936,AirGradient,90.9
2026-08-07 23:00:00+00:00,6103913,SD Muhammadiyah 18 Palembang,14439936,AirGradient,111.0
2026-08-08 00:00:00+00:00,6103913,SD Muhammadiyah 18 Palembang,14439936,AirGradient,87.8
2026-08-08 01:00:00+00:00,6103913,SD Muhammadiyah 18 Palembang,14439936,AirGradient,73.2
2026-08-08 02:00:00+00:00,6103913,SD Muhammadiyah 18 Palembang,14439936,AirGradient,45.4
2026-08-08 03:00:00+00:00,6103913,SD Muhammadiyah 18 Palembang,14439936,AirGradient,44.7
2026-08-08 04:00:00+00:00,6103913,SD Muhammadiyah 18 Palembang,14439936,AirGradient,44.7
2026-08-08 05:00:00+00:00,6103913,SD Muhammadiyah 18 Palembang,14439936,AirGradient,42.9
2026-08-08 06:00:00+00:00,6103913,SD Muhammadiyah 18 Palembang,14439936,AirGradient,39.6
2026-08-08 07:00:00+00:00,6103913,SD Muhammadiyah 18 Palembang,14439936,AirGradient,45.7
2026-08-08 08:00:00+00:00,6103913,SD Muhammadiyah 18 Palembang,14439936,AirGradient,33.3
2026-08-08 09:00:00+00:00,6103913,SD Muhammadiyah 18 Palembang,14439936,AirGradient,35.4
2026-08-08 10:00:00+00:00,6103913,SD Muhammadiyah 18 Palembang,14439936,AirGradient,40.7
2026-08-08 11:00:00+00:00,6103913,SD Muhammadiyah 18 Palembang,14439936,AirGradient,49.8
2026-08-08 12:00:00+00:00,6103913,SD Muhammadiyah 18 Palembang,14439936,AirGradient,49.8
2026-08-08 13:00:00+00:00,6103913,SD Muhammadiyah 18 Palembang,14439936,AirGradient,42.4
2026-08-08 14:00:00+00:00,6103913,SD Muhammadiyah 18 Palembang,14439936,AirGradient,37.1
2026-08-08 15:00:00+00:00,6103913,SD Muhammadiyah 18 Palembang,14439936,AirGradient,33.7
2026-08-08 16:00:00+00:00,6103913,SD Muhammadiyah 18 Palembang,14439936,AirGradient,39.1
2026-08-08 17:00:00+00:00,6103913,SD Muhammadiyah 18 Palembang,14439936,AirGradient,47.6
2026-08-08 18:00:00+00:00,6103913,SD Muhammadiyah 18 Palembang,14439936,AirGradient,44.5
2026-08-08 19:00:00+00:00,6103913,SD Muhammadiyah 18 Palembang,14439936,AirGradient,39.2
2026-08-08 20:00:00+00:00,6103913,SD Muhammadiyah 18 Palembang,14439936,AirGradient,44.4
2026-08-08 21:00:00+00:00,6103913,SD Muhammadiyah 18 Palembang,14439936,AirGradient,42.3
2026-08-08 22:00:00+00:00,6103913,SD Muhammadiyah 18 Palembang,14439936,AirGradient,74.3
2026-08-08 23:00:00+00:00,6103913,SD Muhammadiyah 18 Palembang,14439936,AirGradient,63.5
2026-08-09 00:00:00+00:00,6103913,SD Muhammadiyah 18 Palembang,14439936,AirGradient,50.8
2026-08-09 01:00:00+00:00,6103913,SD Muhammadiyah 18 Palembang,14439936,AirGradient,51.4
2026-08-09 02:00:00+00:00,6103913,SD Muhammadiyah 18 Palembang,14439936,AirGradient,49.8
2026-08-09 03:00:00+00:00,6103913,SD Muhammadiyah 18 Palembang,14439936,AirGradient,51.6
2026-08-09 04:00:00+00:00,6103913,SD Muhammadiyah 18 Palembang,14439936,AirGradient,56.6
2026-08-09 05:00:00+00:00,6103913,SD Muhammadiyah 18 Palembang,14439936,AirGradient,48.8
2026-08-09 06:00:00+00:00,6103913,SD Muhammadiyah 18 Palembang,14439936,AirGradient,46.2
2026-08-09 07:00:00+00:00,6103913,SD Muhammadiyah 18 Palembang,14439936,AirGradient,49.4
2026-08-09 08:00:00+00:00,6103913,SD Muhammadiyah 18 Palembang,14439936,AirGradient,47.6
2026-08-09 09:00:00+00:00,6103913,SD Muhammadiyah 18 Palembang,14439936,AirGradient,49.6
2026-08-09 10:00:00+00:00,6103913,SD Muhammadiyah 18 Palembang,14439936,AirGradient,54.1
2026-08-09 11:00:00+00:00,6103913,SD Muhammadiyah 18 Palembang,14439936,AirGradient,53.4
2026-08-09 12:00:00+00:00,6103913,SD Muhammadiyah 18 Palembang,14439936,AirGradient,50.5
2026-08-09 13:00:00+00:00,6103913,SD Muhammadiyah 18 Palembang,14439936,AirGradient,41.3
2026-08-09 14:00:00+00:00,6103913,SD Muhammadiyah 18 Palembang,14439936,AirGradient,46.3
2026-08-09 15:00:00+00:00,6103913,SD Muhammadiyah 18 Palembang,14439936,AirGradient,48.3
2026-08-09 16:00:00+00:00,6103913,SD Muhammadiyah 18 Palembang,14439936,AirGradient,46.5
2026-08-09 17:00:00+00:00,6103913,SD Muhammadiyah 18 Palembang,14439936,AirGradient,45.3
2026-08-09 18:00:00+00:00,6103913,SD Muhammadiyah 18 Palembang,14439936,AirGradient,45.7
2026-08-09 19:00:00+00:00,6103913,SD Muhammadiyah 18 Palembang,14439936,AirGradient,44.1
2026-08-09 20:00:00+00:00,6103913,SD Muhammadiyah 18 Palembang,14439936,AirGradient,58.1
2026-08-09 21:00:00+00:00,6103913,SD Muhammadiyah 18 Palembang,14439936,AirGradient,119.0
2026-08-09 22:00:00+00:00,6103913,SD Muhammadiyah 18 Palembang,14439936,AirGradient,76.8
2026-08-09 23:00:00+00:00,6103913,SD Muhammadiyah 18 Palembang,14439936,AirGradient,76.9
2026-08-10 00:00:00+00:00,6103913,SD Muhammadiyah 18 Palembang,14439936,AirGradient,95.9
2026-08-10 01:00:00+00:00,6103913,SD Muhammadiyah 18 Palembang,14439936,AirGradient,74.5
2026-08-10 02:00:00+00:00,6103913,SD Muhammadiyah 18 Palembang,14439936,AirGradient,55.5
2026-08-10 03:00:00+00:00,6103913,SD Muhammadiyah 18 Palembang,14439936,AirGradient,50.7
2026-08-10 04:00:00+00:00,6103913,SD Muhammadiyah 18 Palembang,14439936,AirGradient,53.6
2026-08-10 05:00:00+00:00,6103913,SD Muhammadiyah 18 Palembang,14439936,AirGradient,67.7
2026-08-10 06:00:00+00:00,6103913,SD Muhammadiyah 18 Palembang,14439936,AirGradient,65.0
2026-08-10 07:00:00+00:00,6103913,SD Muhammadiyah 18 Palembang,14439936,AirGradient,59.9
2026-08-10 08:00:00+00:00,6103913,SD Muhammadiyah 18 Palembang,14439936,AirGradient,58.3
2026-08-10 09:00:00+00:00,6103913,SD Muhammadiyah 18 Palembang,14439936,AirGradient,84.1
2026-08-10 10:00:00+00:00,6103913,SD Muhammadiyah 18 Palembang,14439936,AirGradient,79.1
2026-08-10 11:00:00+00:00,6103913,SD Muhammadiyah 18 Palembang,14439936,AirGradient,43.8
2026-08-10 12:00:00+00:00,6103913,SD Muhammadiyah 18 Palembang,14439936,AirGradient,48.2
2026-08-10 13:00:00+00:00,6103913,SD Muhammadiyah 18 Palembang,14439936,AirGradient,48.0
2026-08-10 14:00:00+00:00,6103913,SD Muhammadiyah 18 Palembang,14439936,AirGradient,46.9
2026-08-10 15:00:00+00:00,6103913,SD Muhammadiyah 18 Palembang,14439936,AirGradient,45.4
2026-08-10 16:00:00+00:00,6103913,SD Muhammadiyah 18 Palembang,14439936,AirGradient,45.0
2026-08-10 17:00:00+00:00,6103913,SD Muhammadiyah 18 Palembang,14439936,AirGradient,48.6
2026-08-10 18:00:00+00:00,6103913,SD Muhammadiyah 18 Palembang,14439936,AirGradient,48.2
2026-08-10 19:00:00+00:00,6103913,SD Muhammadiyah 18 Palembang,14439936,AirGradient,48.0
2026-08-10 20:00:00+00:00,6103913,SD Muhammadiyah 18 Palembang,14439936,AirGradient,57.6
2026-08-10 21:00:00+00:00,6103913,SD Muhammadiyah 18 Palembang,14439936,AirGradient,71.2
2026-08-10 22:00:00+00:00,6103913,SD Muhammadiyah 18 Palembang,14439936,AirGradient,151.0
2026-08-10 23:00:00+00:00,6103913,SD Muhammadiyah 18 Palembang,14439936,AirGradient,103.0
2026-08-11 00:00:00+00:00,6103913,SD Muhammadiyah 18 Palembang,14439936,AirGradient,84.6
2026-08-11 01:00:00+00:00,6103913,SD Muhammadiyah 18 Palembang,14439936,AirGradient,76.8
2026-08-11 02:00:00+00:00,6103913,SD Muhammadiyah 18 Palembang,14439936,AirGradient,71.2
2026-08-11 03:00:00+00:00,6103913,SD Muhammadiyah 18 Palembang,14439936,AirGradient,54.0
2026-08-11 04:00:00+00:00,6103913,SD Muhammadiyah 18 Palembang,14439936,AirGradient,48.1
2026-08-11 05:00:00+00:00,6103913,SD Muhammadiyah 18 Palembang,14439936,AirGradient,50.5
2026-08-11 06:00:00+00:00,6103913,SD Muhammadiyah 18 Palembang,14439936,AirGradient,50.9
2026-08-11 07:00:00+00:00,6103913,SD Muhammadiyah 18 Palembang,14439936,AirGradient,51.3
2026-08-11 08:00:00+00:00,6103913,SD Muhammadiyah 18 Palembang,14439936,AirGradient,54.6
2026-08-11 09:00:00+00:00,6103913,SD Muhammadiyah 18 Palembang,14439936,AirGradient,45.4
2026-08-11 10:00:00+00:00,6103913,SD Muhammadiyah 18 Palembang,14439936,AirGradient,50.0
2026-08-11 11:00:00+00:00,6103913,SD Muhammadiyah 18 Palembang,14439936,AirGradient,49.8
2026-08-11 12:00:00+00:00,6103913,SD Muhammadiyah 18 Palembang,14439936,AirGradient,53.2
2026-08-11 13:00:00+00:00,6103913,SD Muhammadiyah 18 Palembang,14439936,AirGradient,45.0
2026-08-11 14:00:00+00:00,6103913,SD Muhammadiyah 18 Palembang,14439936,AirGradient,43.0
2026-08-11 15:00:00+00:00,6103913,SD Muhammadiyah 18 Palembang,14439936,AirGradient,38.9
2026-08-11 16:00:00+00:00,6103913,SD Muhammadiyah 18 Palembang,14439936,AirGradient,37.9
2026-08-11 17:00:00+00:00,6103913,SD Muhammadiyah 18 Palembang,14439936,AirGradient,40.6
2026-08-11 18:00:00+00:00,6103913,SD Muhammadiyah 18 Palembang,14439936,AirGradient,43.3
2026-08-11 19:00:00+00:00,6103913,SD Muhammadiyah 18 Palembang,14439936,AirGradient,44.3
2026-08-11 20:00:00+00:00,6103913,SD Muhammadiyah 18 Palembang,14439936,AirGradient,53.6
2026-08-11 21:00:00+00:00,6103913,SD Muhammadiyah 18 Palembang,14439936,AirGradient,95.6
2026-08-11 22:00:00+00:00,6103913,SD Muhammadiyah 18 Palembang,14439936,AirGradient,85.3
2026-08-11 23:00:00+00:00,6103913,SD Muhammadiyah 18 Palembang,14439936,AirGradient,117.0
2026-08-12 00:00:00+00:00,6103913,SD Muhammadiyah 18 Palembang,14439936,AirGradient,168.0
2026-08-12 01:00:00+00:00,6103913,SD Muhammadiyah 18 Palembang,14439936,AirGradient,163.0
2026-08-12 02:00:00+00:00,6103913,SD Muhammadiyah 18 Palembang,14439936,AirGradient,94.2
2026-08-12 03:00:00+00:00,6103913,SD Muhammadiyah 18 Palembang,14439936,AirGradient,60.6
2026-08-12 04:00:00+00:00,6103913,SD Muhammadiyah 18 Palembang,14439936,AirGradient,51.6
2026-08-12 05:00:00+00:00,6103913,SD Muhammadiyah 18 Palembang,14439936,AirGradient,51.0
2026-08-12 06:00:00+00:00,6103913,SD Muhammadiyah 18 Palembang,14439936,AirGradient,43.4
2026-08-12 07:00:00+00:00,6103913,SD Muhammadiyah 18 Palembang,14439936,AirGradient,35.6
2026-08-12 08:00:00+00:00,6103913,SD Muhammadiyah 18 Palembang,14439936,AirGradient,25.3
2026-08-12 09:00:00+00:00,6103913,SD Muhammadiyah 18 Palembang,14439936,AirGradient,25.1
2026-08-12 10:00:00+00:00,6103913,SD Muhammadiyah 18 Palembang,14439936,AirGradient,28.0
2026-08-12 11:00:00+00:00,6103913,SD Muhammadiyah 18 Palembang,14439936,AirGradient,44.1
2026-08-12 12:00:00+00:00,6103913,SD Muhammadiyah 18 Palembang,14439936,AirGradient,55.6
2026-08-12 13:00:00+00:00,6103913,SD Muhammadiyah 18 Palembang,14439936,AirGradient,46.8
2026-08-12 14:00:00+00:00,6103913,SD Muhammadiyah 18 Palembang,14439936,AirGradient,39.6
2026-08-12 15:00:00+00:00,6103913,SD Muhammadiyah 18 Palembang,14439936,AirGradient,73.6
