timestamp,location,sensor_ids,pm25
2026-01-31 05:00:00+00:00,Bogor Selatan,13986083,36.5
2026-01-31 06:00:00+00:00,Bogor Selatan,13986083,29.4
2026-01-31 07:00:00+00:00,Bogor Selatan,13986083,31.1
2026-01-31 08:00:00+00:00,Bogor Selatan,13986083,35.7
2026-01-31 09:00:00+00:00,Bogor Selatan,13986083,33.2
2026-01-31 10:00:00+00:00,Bogor Selatan,13986083,36.3
2026-01-31 11:00:00+00:00,Bogor Selatan,13986083,79.7
2026-01-31 12:00:00+00:00,Bogor Selatan,13986083,97.8
2026-01-31 13:00:00+00:00,Bogor Selatan,13986083,96.7
2026-01-31 14:00:00+00:00,Bogor Selatan,13986083,89.6
2026-01-31 15:00:00+00:00,Bogor Selatan,13986083,55.9
2026-01-31 16:00:00+00:00,Bogor Selatan,13986083,51.2
2026-01-31 17:00:00+00:00,Bogor Selatan,13986083,57.6
2026-01-31 18:00:00+00:00,Bogor Selatan,13986083,83.7
2026-01-31 19:00:00+00:00,Bogor Selatan,13986083,70.7
2026-01-31 20:00:00+00:00,Bogor Selatan,13986083,66.1
2026-01-31 21:00:00+00:00,Bogor Selatan,13986083,59.1
2026-01-31 22:00:00+00:00,Bogor Selatan,13986083,51.3
2026-01-31 23:00:00+00:00,Bogor Selatan,13986083,48.7
2026-02-01 00:00:00+00:00,Bogor Selatan,13986083,49.0
2026-02-01 01:00:00+00:00,Bogor Selatan,13986083,48.7
2026-02-01 02:00:00+00:00,Bogor Selatan,13986083,20.9
2026-02-01 03:00:00+00:00,Bogor Selatan,13986083,21.9
2026-02-01 04:00:00+00:00,Bogor Selatan,13986083,24.0
2026-02-01 05:00:00+00:00,Bogor Selatan,13986083,29.3
2026-02-01 06:00:00+00:00,Bogor Selatan,13986083,23.8
2026-02-01 07:00:00+00:00,Bogor Selatan,13986083,16.7
2026-02-01 08:00:00+00:00,Bogor Selatan,13986083,25.7
2026-02-01 09:00:00+00:00,Bogor Selatan,13986083,18.4
2026-02-01 10:00:00+00:00,Bogor Selatan,13986083,27.1
2026-02-01 11:00:00+00:00,Bogor Selatan,13986083,25.0
2026-02-01 12:00:00+00:00,Bogor Selatan,13986083,19.5
2026-02-01 13:00:00+00:00,Bogor Selatan,13986083,22.3
2026-02-01 14:00:00+00:00,Bogor Selatan,13986083,25.3
2026-02-01 15:00:00+00:00,Bogor Selatan,13986083,45.1
2026-02-01 16:00:00+00:00,Bogor Selatan,13986083,26.5
2026-02-01 17:00:00+00:00,Bogor Selatan,13986083,22.3
2026-02-01 18:00:00+00:00,Bogor Selatan,13986083,37.7
2026-02-01 19:00:00+00:00,Bogor Selatan,13986083,34.2
2026-02-01 20:00:00+00:00,Bogor Selatan,13986083,36.0
2026-02-01 21:00:00+00:00,Bogor Selatan,13986083,30.6
2026-02-01 22:00:00+00:00,Bogor Selatan,13986083,26.4
2026-02-01 23:00:00+00:00,Bogor Selatan,13986083,25.4
2026-02-02 00:00:00+00:00,Bogor Selatan,13986083,28.8
2026-02-02 01:00:00+00:00,Bogor Selatan,13986083,24.8
2026-02-02 02:00:00+00:00,Bogor Selatan,13986083,10.9
2026-02-02 03:00:00+00:00,Bogor Selatan,13986083,18.8
2026-02-02 04:00:00+00:00,Bogor Selatan,13986083,24.5
2026-02-02 05:00:00+00:00,Bogor Selatan,13986083,27.4
2026-02-02 06:00:00+00:00,Bogor Selatan,13986083,27.9
2026-02-02 07:00:00+00:00,Bogor Selatan,13986083,19.3
2026-02-02 08:00:00+00:00,Bogor Selatan,13986083,22.5
2026-02-02 09:00:00+00:00,Bogor Selatan,13986083,22.7
2026-02-02 10:00:00+00:00,Bogor Selatan,13986083,30.8
2026-02-02 11:00:00+00:00,Bogor Selatan,13986083,43.2
2026-02-02 12:00:00+00:00,Bogor Selatan,13986083,54.7
2026-02-02 13:00:00+00:00,Bogor Selatan,13986083,52.1
2026-02-02 14:00:00+00:00,Bogor Selatan,13986083,43.3
2026-02-02 15:00:00+00:00,Bogor Selatan,13986083,44.3
2026-02-02 16:00:00+00:00,Bogor Selatan,13986083,34.8
2026-02-02 17:00:00+00:00,Bogor Selatan,13986083,34.0
2026-02-02 18:00:00+00:00,Bogor Selatan,13986083,32.2
2026-02-02 19:00:00+00:00,Bogor Selatan,13986083,37.7
2026-02-02 20:00:00+00:00,Bogor Selatan,13986083,38.0
2026-02-02 21:00:00+00:00,Bogor Selatan,13986083,49.5
2026-02-02 22:00:00+00:00,Bogor Selatan,13986083,45.8
2026-02-02 23:00:00+00:00,Bogor Selatan,13986083,49.2
2026-02-03 00:00:00+00:00,Bogor Selatan,13986083,41.9
2026-02-03 01:00:00+00:00,Bogor Selatan,13986083,41.3
2026-02-03 02:00:00+00:00,Bogor Selatan,13986083,39.9
2026-02-03 03:00:00+00:00,Bogor Selatan,13986083,39.8
2026-02-03 04:00:00+00:00,Bogor Selatan,13986083,39.7
2026-02-03 05:00:00+00:00,Bogor Selatan,13986083,37.8
2026-02-03 06:00:00+00:00,Bogor Selatan,13986083,34.8
2026-02-03 07:00:00+00:00,Bogor Selatan,13986083,33.1
2026-02-03 08:00:00+00:00,Bogor Selatan,13986083,39.2
2026-02-03 09:00:00+00:00,Bogor Selatan,13986083,38.3
2026-02-03 10:00:00+00:00,Bogor Selatan,13986083,42.4
2026-02-03 11:00:00+00:00,Bogor Selatan,13986083,50.9
2026-02-03 12:00:00+00:00,Bogor Selatan,13986083,53.0
2026-02-03 13:00:00+00:00,Bogor Selatan,13986083,53.2
2026-02-03 14:00:00+00:00,Bogor Selatan,13986083,79.6
2026-02-03 15:00:00+00:00,Bogor Selatan,13986083,86.6
2026-02-03 16:00:00+00:00,Bogor Selatan,13986083,63.3
2026-02-03 17:00:00+00:00,Bogor Selatan,13986083,35.0
2026-02-03 18:00:00+00:00,Bogor Selatan,13986083,35.6
2026-02-03 19:00:00+00:00,Bogor Selatan,13986083,19.3
2026-02-03 20:00:00+00:00,Bogor Selatan,13986083,8.3
2026-02-03 21:00:00+00:00,Bogor Selatan,13986083,6.7
2026-02-03 22:00:00+00:00,Bogor Selatan,13986083,10.5
2026-02-03 23:00:00+00:00,Bogor Selatan,13986083,27.5
2026-02-04 00:00:00+00:00,Bogor Selatan,13986083,39.7
2026-02-04 01:00:00+00:00,Bogor Selatan,13986083,14.9
2026-02-04 02:00:00+00:00,Bogor Selatan,13986083,6.78
2026-02-04 03:00:00+00:00,Bogor Selatan,13986083,1.45
2026-02-04 04:00:00+00:00,Bogor Selatan,13986083,4.51
2026-02-04 05:00:00+00:00,Bogor Selatan,13986083,3.25
2026-02-04 06:00:00+00:00,Bogor Selatan,13986083,14.6
2026-02-04 07:00:00+00:00,Bogor Selatan,13986083,4.42
2026-02-04 08:00:00+00:00,Bogor Selatan,13986083,1.08
2026-02-04 09:00:00+00:00,Bogor Selatan,13986083,2.83
2026-02-04 10:00:00+00:00,Bogor Selatan,13986083,9.71
2026-02-04 11:00:00+00:00,Bogor Selatan,13986083,17.8
2026-02-04 12:00:00+00:00,Bogor Selatan,13986083,29.1
2026-02-04 13:00:00+00:00,Bogor Selatan,13986083,36.9
2026-02-04 14:00:00+00:00,Bogor Selatan,13986083,37.2
2026-02-04 15:00:00+00:00,Bogor Selatan,13986083,38.8
2026-02-04 16:00:00+00:00,Bogor Selatan,13986083,41.4
2026-02-04 17:00:00+00:00,Bogor Selatan,13986083,27.5
2026-02-04 18:00:00+00:00,Bogor Selatan,13986083,29.2
2026-02-04 19:00:00+00:00,Bogor Selatan,13986083,21.7
2026-02-04 20:00:00+00:00,Bogor Selatan,13986083,25.0
2026-02-04 21:00:00+00:00,Bogor Selatan,13986083,14.4
2026-02-04 22:00:00+00:00,Bogor Selatan,13986083,45.6
2026-02-04 23:00:00+00:00,Bogor Selatan,13986083,29.6
2026-02-05 00:00:00+00:00,Bogor Selatan,13986083,30.0
2026-02-05 01:00:00+00:00,Bogor Selatan,13986083,25.2
2026-02-05 02:00:00+00:00,Bogor Selatan,13986083,19.6
2026-02-05 03:00:00+00:00,Bogor Selatan,13986083,22.1
2026-02-05 04:00:00+00:00,Bogor Selatan,13986083,25.9
2026-02-05 05:00:00+00:00,Bogor Selatan,13986083,15.0
2026-02-05 06:00:00+00:00,Bogor Selatan,13986083,5.44
2026-02-05 07:00:00+00:00,Bogor Selatan,13986083,3.73
2026-02-05 08:00:00+00:00,Bogor Selatan,13986083,0.598
2026-02-05 09:00:00+00:00,Bogor Selatan,13986083,11.3
2026-02-05 10:00:00+00:00,Bogor Selatan,13986083,12.5
2026-02-05 11:00:00+00:00,Bogor Selatan,13986083,5.36
2026-02-05 12:00:00+00:00,Bogor Selatan,13986083,5.85
2026-02-05 13:00:00+00:00,Bogor Selatan,13986083,9.69
2026-02-05 14:00:00+00:00,Bogor Selatan,13986083,14.4
2026-02-05 15:00:00+00:00,Bogor Selatan,13986083,2.13
2026-02-05 16:00:00+00:00,Bogor Selatan,13986083,17.5
2026-02-05 17:00:00+00:00,Bogor Selatan,13986083,26.7
2026-02-05 18:00:00+00:00,Bogor Selatan,13986083,16.3
2026-02-05 19:00:00+00:00,Bogor Selatan,13986083,4.15
2026-02-05 20:00:00+00:00,Bogor Selatan,13986083,3.99
2026-02-05 21:00:00+00:00,Bogor Selatan,13986083,5.34
2026-02-05 22:00:00+00:00,Bogor Selatan,13986083,6.98
2026-02-05 23:00:00+00:00,Bogor Selatan,13986083,17.9
2026-02-06 00:00:00+00:00,Bogor Selatan,13986083,22.3
2026-02-06 01:00:00+00:00,Bogor Selatan,13986083,7.4
2026-02-06 02:00:00+00:00,Bogor Selatan,13986083,10.8
2026-02-06 03:00:00+00:00,Bogor Selatan,13986083,4.57
2026-02-06 04:00:00+00:00,Bogor Selatan,13986083,3.04
2026-02-06 05:00:00+00:00,Bogor Selatan,13986083,0.517
2026-02-06 06:00:00+00:00,Bogor Selatan,13986083,0.245
2026-02-06 07:00:00+00:00,Bogor Selatan,13986083,2.18
2026-02-06 08:00:00+00:00,Bogor Selatan,13986083,19.0
2026-02-06 09:00:00+00:00,Bogor Selatan,13986083,19.5
2026-02-06 10:00:00+00:00,Bogor Selatan,13986083,15.8
2026-02-06 11:00:00+00:00,Bogor Selatan,13986083,4.2
2026-02-06 12:00:00+00:00,Bogor Selatan,13986083,2.41
2026-02-06 13:00:00+00:00,Bogor Selatan,13986083,12.7
2026-02-06 14:00:00+00:00,Bogor Selatan,13986083,20.6
2026-02-06 15:00:00+00:00,Bogor Selatan,13986083,21.2
2026-02-06 16:00:00+00:00,Bogor Selatan,13986083,24.5
2026-02-06 17:00:00+00:00,Bogor Selatan,13986083,24.3
2026-02-06 18:00:00+00:00,Bogor Selatan,13986083,26.9
2026-02-06 19:00:00+00:00,Bogor Selatan,13986083,28.0
2026-02-06 20:00:00+00:00,Bogor Selatan,13986083,18.8
2026-02-06 21:00:00+00:00,Bogor Selatan,13986083,0.267
2026-02-06 22:00:00+00:00,Bogor Selatan,13986083,1.74
2026-02-06 23:00:00+00:00,Bogor Selatan,13986083,17.1
2026-02-07 00:00:00+00:00,Bogor Selatan,13986083,23.5
2026-02-07 01:00:00+00:00,Bogor Selatan,13986083,4.23
2026-02-07 02:00:00+00:00,Bogor Selatan,13986083,5.98
2026-02-07 03:00:00+00:00,Bogor Selatan,13986083,13.5
2026-02-07 04:00:00+00:00,Bogor Selatan,13986083,10.2
2026-02-07 05:00:00+00:00,Bogor Selatan,13986083,6.3
2026-02-07 06:00:00+00:00,Bogor Selatan,13986083,18.4
2026-02-07 07:00:00+00:00,Bogor Selatan,13986083,12.9
2026-02-07 08:00:00+00:00,Bogor Selatan,13986083,9.49
2026-02-07 09:00:00+00:00,Bogor Selatan,13986083,7.77
2026-02-07 10:00:00+00:00,Bogor Selatan,13986083,13.3
2026-02-07 11:00:00+00:00,Bogor Selatan,13986083,18.5
2026-02-07 12:00:00+00:00,Bogor Selatan,13986083,33.4
2026-02-07 13:00:00+00:00,Bogor Selatan,13986083,32.0
2026-02-07 14:00:00+00:00,Bogor Selatan,13986083,51.1
2026-02-07 15:00:00+00:00,Bogor Selatan,13986083,36.8
2026-02-07 16:00:00+00:00,Bogor Selatan,13986083,28.1
2026-02-07 17:00:00+00:00,Bogor Selatan,13986083,31.5
2026-02-07 18:00:00+00:00,Bogor Selatan,13986083,33.8
2026-02-07 19:00:00+00:00,Bogor Selatan,13986083,23.1
2026-02-07 20:00:00+00:00,Bogor Selatan,13986083,9.38
2026-02-07 21:00:00+00:00,Bogor Selatan,13986083,5.45
2026-02-07 22:00:00+00:00,Bogor Selatan,13986083,1.93
2026-02-07 23:00:00+00:00,Bogor Selatan,13986083,1.98
2026-02-08 00:00:00+00:00,Bogor Selatan,13986083,10.4
2026-02-08 01:00:00+00:00,Bogor Selatan,13986083,5.25
2026-02-08 02:00:00+00:00,Bogor Selatan,13986083,7.99
2026-02-08 03:00:00+00:00,Bogor Selatan,13986083,3.35
2026-02-08 04:00:00+00:00,Bogor Selatan,13986083,1.0
2026-02-08 05:00:00+00:00,Bogor Selatan,13986083,0.208
2026-02-08 06:00:00+00:00,Bogor Selatan,13986083,0.275
2026-02-08 07:00:00+00:00,Bogor Selatan,13986083,3.31
2026-02-08 08:00:00+00:00,Bogor Selatan,13986083,2.54
2026-02-08 09:00:00+00:00,Bogor Selatan,13986083,3.71
2026-02-08 10:00:00+00:00,Bogor Selatan,13986083,10.5
2026-02-08 11:00:00+00:00,Bogor Selatan,13986083,29.8
2026-02-08 12:00:00+00:00,Bogor Selatan,13986083,35.8
2026-02-08 13:00:00+00:00,Bogor Selatan,13986083,52.9
2026-02-08 14:00:00+00:00,Bogor Selatan,13986083,65.7
2026-02-08 15:00:00+00:00,Bogor Selatan,13986083,63.4
2026-02-08 16:00:00+00:00,Bogor Selatan,13986083,89.2
2026-02-08 17:00:00+00:00,Bogor Selatan,13986083,80.1
2026-02-08 18:00:00+00:00,Bogor Selatan,13986083,79.2
2026-02-08 19:00:00+00:00,Bogor Selatan,13986083,66.6
2026-02-08 20:00:00+00:00,Bogor Selatan,13986083,50.3
2026-02-08 21:00:00+00:00,Bogor Selatan,13986083,51.7
2026-02-08 22:00:00+00:00,Bogor Selatan,13986083,48.7
2026-02-08 23:00:00+00:00,Bogor Selatan,13986083,59.8
2026-02-09 00:00:00+00:00,Bogor Selatan,13986083,50.6
2026-02-09 01:00:00+00:00,Bogor Selatan,13986083,44.2
2026-02-09 02:00:00+00:00,Bogor Selatan,13986083,37.6
2026-02-09 03:00:00+00:00,Bogor Selatan,13986083,44.6
2026-02-09 04:00:00+00:00,Bogor Selatan,13986083,43.2
2026-02-09 05:00:00+00:00,Bogor Selatan,13986083,42.9
2026-02-09 06:00:00+00:00,Bogor Selatan,13986083,49.0
2026-02-09 07:00:00+00:00,Bogor Selatan,13986083,52.3
2026-02-09 08:00:00+00:00,Bogor Selatan,13986083,43.1
2026-02-09 09:00:00+00:00,Bogor Selatan,13986083,48.9
2026-02-09 10:00:00+00:00,Bogor Selatan,13986083,53.0
2026-02-09 11:00:00+00:00,Bogor Selatan,13986083,65.5
2026-02-09 12:00:00+00:00,Bogor Selatan,13986083,76.2
2026-02-09 13:00:00+00:00,Bogor Selatan,13986083,72.4
2026-02-09 14:00:00+00:00,Bogor Selatan,13986083,57.0
2026-02-09 15:00:00+00:00,Bogor Selatan,13986083,51.3
2026-02-09 16:00:00+00:00,Bogor Selatan,13986083,52.3
2026-02-09 17:00:00+00:00,Bogor Selatan,13986083,52.4
2026-02-09 18:00:00+00:00,Bogor Selatan,13986083,50.6
2026-02-09 19:00:00+00:00,Bogor Selatan,13986083,50.1
2026-02-09 20:00:00+00:00,Bogor Selatan,13986083,47.3
2026-02-09 21:00:00+00:00,Bogor Selatan,13986083,45.4
2026-02-09 22:00:00+00:00,Bogor Selatan,13986083,44.8
2026-02-09 23:00:00+00:00,Bogor Selatan,13986083,49.8
2026-02-10 00:00:00+00:00,Bogor Selatan,13986083,74.9
2026-02-10 01:00:00+00:00,Bogor Selatan,13986083,45.7
2026-02-10 02:00:00+00:00,Bogor Selatan,13986083,45.6
2026-02-10 03:00:00+00:00,Bogor Selatan,13986083,46.9
2026-02-10 04:00:00+00:00,Bogor Selatan,13986083,55.3
2026-02-10 05:00:00+00:00,Bogor Selatan,13986083,55.3
2026-02-10 06:00:00+00:00,Bogor Selatan,13986083,55.0
2026-02-10 07:00:00+00:00,Bogor Selatan,13986083,52.5
2026-02-10 08:00:00+00:00,Bogor Selatan,13986083,57.4
2026-02-10 09:00:00+00:00,Bogor Selatan,13986083,61.9
2026-02-10 10:00:00+00:00,Bogor Selatan,13986083,74.9
2026-02-10 11:00:00+00:00,Bogor Selatan,13986083,74.0
2026-02-10 12:00:00+00:00,Bogor Selatan,13986083,53.6
2026-02-10 13:00:00+00:00,Bogor Selatan,13986083,44.8
2026-02-10 14:00:00+00:00,Bogor Selatan,13986083,48.0
2026-02-10 15:00:00+00:00,Bogor Selatan,13986083,33.3
2026-02-10 16:00:00+00:00,Bogor Selatan,13986083,31.0
2026-02-10 17:00:00+00:00,Bogor Selatan,13986083,35.7
2026-02-10 18:00:00+00:00,Bogor Selatan,13986083,25.4
2026-02-10 19:00:00+00:00,Bogor Selatan,13986083,24.9
2026-02-10 20:00:00+00:00,Bogor Selatan,13986083,20.9
2026-02-10 21:00:00+00:00,Bogor Selatan,13986083,16.4
2026-02-10 22:00:00+00:00,Bogor Selatan,13986083,21.7
2026-02-10 23:00:00+00:00,Bogor Selatan,13986083,26.8
2026-02-11 00:00:00+00:00,Bogor Selatan,13986083,30.8
2026-02-11 01:00:00+00:00,Bogor Selatan,13986083,31.5
2026-02-11 02:00:00+00:00,Bogor Selatan,13986083,26.3
2026-02-11 03:00:00+00:00,Bogor Selatan,13986083,22.4
2026-02-11 04:00:00+00:00,Bogor Selatan,13986083,30.0
2026-02-11 05:00:00+00:00,Bogor Selatan,13986083,33.8
2026-02-11 06:00:00+00:00,Bogor Selatan,13986083,38.3
2026-02-11 07:00:00+00:00,Bogor Selatan,13986083,38.8
2026-02-11 08:00:00+00:00,Bogor Selatan,13986083,55.1
2026-02-11 09:00:00+00:00,Bogor Selatan,13986083,55.6
2026-02-11 10:00:00+00:00,Bogor Selatan,13986083,41.1
2026-02-11 11:00:00+00:00,Bogor Selatan,13986083,48.3
2026-02-11 12:00:00+00:00,Bogor Selatan,13986083,45.5
2026-02-11 13:00:00+00:00,Bogor Selatan,13986083,41.9
2026-02-11 14:00:00+00:00,Bogor Selatan,13986083,45.5
2026-02-11 15:00:00+00:00,Bogor Selatan,13986083,43.6
2026-02-11 16:00:00+00:00,Bogor Selatan,13986083,40.9
2026-02-11 17:00:00+00:00,Bogor Selatan,13986083,46.5
2026-02-11 18:00:00+00:00,Bogor Selatan,13986083,35.1
2026-02-11 19:00:00+00:00,Bogor Selatan,13986083,33.2
2026-02-11 20:00:00+00:00,Bogor Selatan,13986083,27.5
2026-02-11 21:00:00+00:00,Bogor Selatan,13986083,21.6
2026-02-11 22:00:00+00:00,Bogor Selatan,13986083,33.1
2026-02-11 23:00:00+00:00,Bogor Selatan,13986083,35.5
2026-02-12 00:00:00+00:00,Bogor Selatan,13986083,39.8
2026-02-12 01:00:00+00:00,Bogor Selatan,13986083,27.0
2026-02-12 02:00:00+00:00,Bogor Selatan,13986083,33.1
2026-02-12 03:00:00+00:00,Bogor Selatan,13986083,29.5
2026-02-12 04:00:00+00:00,Bogor Selatan,13986083,25.8
2026-02-12 05:00:00+00:00,Bogor Selatan,13986083,21.7
2026-02-12 06:00:00+00:00,Bogor Selatan,13986083,11.6
2026-02-12 07:00:00+00:00,Bogor Selatan,13986083,11.1
2026-02-12 08:00:00+00:00,Bogor Selatan,13986083,15.6
2026-02-12 09:00:00+00:00,Bogor Selatan,13986083,11.5
2026-02-12 10:00:00+00:00,Bogor Selatan,13986083,0.759
2026-02-12 11:00:00+00:00,Bogor Selatan,13986083,10.2
2026-02-12 12:00:00+00:00,Bogor Selatan,13986083,8.9
2026-02-12 13:00:00+00:00,Bogor Selatan,13986083,2.45
2026-02-12 14:00:00+00:00,Bogor Selatan,13986083,1.16
2026-02-12 15:00:00+00:00,Bogor Selatan,13986083,0.317
2026-02-12 16:00:00+00:00,Bogor Selatan,13986083,0.564
2026-02-12 17:00:00+00:00,Bogor Selatan,13986083,0.208
2026-02-12 18:00:00+00:00,Bogor Selatan,13986083,0.025
2026-02-12 19:00:00+00:00,Bogor Selatan,13986083,0.0
2026-02-12 20:00:00+00:00,Bogor Selatan,13986083,0.661
2026-02-12 21:00:00+00:00,Bogor Selatan,13986083,2.89
2026-02-12 22:00:00+00:00,Bogor Selatan,13986083,4.39
2026-02-12 23:00:00+00:00,Bogor Selatan,13986083,14.1
2026-02-13 00:00:00+00:00,Bogor Selatan,13986083,23.1
2026-02-13 01:00:00+00:00,Bogor Selatan,13986083,27.2
2026-02-13 02:00:00+00:00,Bogor Selatan,13986083,20.1
2026-02-13 03:00:00+00:00,Bogor Selatan,13986083,13.1
2026-02-13 04:00:00+00:00,Bogor Selatan,13986083,26.1
2026-02-13 05:00:00+00:00,Bogor Selatan,13986083,29.0
2026-02-13 06:00:00+00:00,Bogor Selatan,13986083,34.7
2026-02-13 07:00:00+00:00,Bogor Selatan,13986083,47.1
2026-02-13 08:00:00+00:00,Bogor Selatan,13986083,44.5
2026-02-13 09:00:00+00:00,Bogor Selatan,13986083,38.7
2026-02-13 10:00:00+00:00,Bogor Selatan,13986083,39.6
2026-02-13 11:00:00+00:00,Bogor Selatan,13986083,44.8
2026-02-13 12:00:00+00:00,Bogor Selatan,13986083,54.5
2026-02-13 13:00:00+00:00,Bogor Selatan,13986083,69.5
2026-02-13 14:00:00+00:00,Bogor Selatan,13986083,71.7
2026-02-13 15:00:00+00:00,Bogor Selatan,13986083,84.3
2026-02-13 16:00:00+00:00,Bogor Selatan,13986083,80.1
2026-02-13 17:00:00+00:00,Bogor Selatan,13986083,83.6
2026-02-13 18:00:00+00:00,Bogor Selatan,13986083,63.2
2026-02-13 19:00:00+00:00,Bogor Selatan,13986083,48.2
2026-02-13 20:00:00+00:00,Bogor Selatan,13986083,38.1
2026-02-13 21:00:00+00:00,Bogor Selatan,13986083,37.4
2026-02-13 22:00:00+00:00,Bogor Selatan,13986083,36.4
2026-02-13 23:00:00+00:00,Bogor Selatan,13986083,45.1
2026-02-14 00:00:00+00:00,Bogor Selatan,13986083,44.4
2026-02-14 01:00:00+00:00,Bogor Selatan,13986083,36.6
2026-02-14 02:00:00+00:00,Bogor Selatan,13986083,27.7
2026-02-14 03:00:00+00:00,Bogor Selatan,13986083,27.6
2026-02-14 04:00:00+00:00,Bogor Selatan,13986083,26.1
2026-02-14 05:00:00+00:00,Bogor Selatan,13986083,31.2
2026-02-14 06:00:00+00:00,Bogor Selatan,13986083,43.3
2026-02-14 07:00:00+00:00,Bogor Selatan,13986083,51.7
2026-02-14 08:00:00+00:00,Bogor Selatan,13986083,33.8
2026-02-14 09:00:00+00:00,Bogor Selatan,13986083,35.1
2026-02-14 10:00:00+00:00,Bogor Selatan,13986083,47.6
2026-02-14 11:00:00+00:00,Bogor Selatan,13986083,54.8
2026-02-14 12:00:00+00:00,Bogor Selatan,13986083,51.9
2026-02-14 13:00:00+00:00,Bogor Selatan,13986083,50.1
2026-02-14 14:00:00+00:00,Bogor Selatan,13986083,45.3
2026-02-14 15:00:00+00:00,Bogor Selatan,13986083,44.6
2026-02-14 16:00:00+00:00,Bogor Selatan,13986083,46.2
2026-02-14 17:00:00+00:00,Bogor Selatan,13986083,45.1
2026-02-14 18:00:00+00:00,Bogor Selatan,13986083,52.6
2026-02-14 19:00:00+00:00,Bogor Selatan,13986083,49.2
2026-02-14 20:00:00+00:00,Bogor Selatan,13986083,38.0
2026-02-14 21:00:00+00:00,Bogor Selatan,13986083,21.7
2026-02-14 22:00:00+00:00,Bogor Selatan,13986083,25.0
2026-02-14 23:00:00+00:00,Bogor Selatan,13986083,32.7
2026-02-15 00:00:00+00:00,Bogor Selatan,13986083,37.7
2026-02-15 01:00:00+00:00,Bogor Selatan,13986083,31.6
2026-02-15 02:00:00+00:00,Bogor Selatan,13986083,30.7
2026-02-15 03:00:00+00:00,Bogor Selatan,13986083,28.4
2026-02-15 04:00:00+00:00,Bogor Selatan,13986083,30.8
2026-02-15 05:00:00+00:00,Bogor Selatan,13986083,33.5
2026-02-15 06:00:00+00:00,Bogor Selatan,13986083,41.1
2026-02-15 07:00:00+00:00,Bogor Selatan,13986083,38.7
2026-02-15 08:00:00+00:00,Bogor Selatan,13986083,40.3
2026-02-15 09:00:00+00:00,Bogor Selatan,13986083,37.8
2026-02-15 10:00:00+00:00,Bogor Selatan,13986083,41.4
2026-02-15 11:00:00+00:00,Bogor Selatan,13986083,46.9
2026-02-15 12:00:00+00:00,Bogor Selatan,13986083,31.6
2026-02-15 13:00:00+00:00,Bogor Selatan,13986083,36.4
2026-02-15 14:00:00+00:00,Bogor Selatan,13986083,45.0
2026-02-15 15:00:00+00:00,Bogor Selatan,13986083,45.3
2026-02-15 16:00:00+00:00,Bogor Selatan,13986083,38.9
2026-02-15 17:00:00+00:00,Bogor Selatan,13986083,33.7
2026-02-15 18:00:00+00:00,Bogor Selatan,13986083,31.3
2026-02-15 19:00:00+00:00,Bogor Selatan,13986083,30.8
2026-02-15 20:00:00+00:00,Bogor Selatan,13986083,26.4
2026-02-15 21:00:00+00:00,Bogor Selatan,13986083,22.2
2026-02-15 22:00:00+00:00,Bogor Selatan,13986083,20.3
2026-02-15 23:00:00+00:00,Bogor Selatan,13986083,20.2
2026-02-16 00:00:00+00:00,Bogor Selatan,13986083,37.0
2026-02-16 01:00:00+00:00,Bogor Selatan,13986083,50.2
2026-02-16 02:00:00+00:00,Bogor Selatan,13986083,53.4
2026-02-16 03:00:00+00:00,Bogor Selatan,13986083,44.3
2026-02-16 04:00:00+00:00,Bogor Selatan,13986083,29.2
2026-02-16 05:00:00+00:00,Bogor Selatan,13986083,26.3
2026-02-16 06:00:00+00:00,Bogor Selatan,13986083,39.0
2026-02-16 07:00:00+00:00,Bogor Selatan,13986083,45.5
2026-02-16 08:00:00+00:00,Bogor Selatan,13986083,47.7
2026-02-16 09:00:00+00:00,Bogor Selatan,13986083,49.9
2026-02-16 10:00:00+00:00,Bogor Selatan,13986083,56.2
2026-02-16 11:00:00+00:00,Bogor Selatan,13986083,66.6
2026-02-16 12:00:00+00:00,Bogor Selatan,13986083,69.8
2026-02-16 13:00:00+00:00,Bogor Selatan,13986083,74.1
2026-02-16 14:00:00+00:00,Bogor Selatan,13986083,51.9
2026-02-16 15:00:00+00:00,Bogor Selatan,13986083,5.27
2026-02-16 16:00:00+00:00,Bogor Selatan,13986083,4.21
2026-02-16 17:00:00+00:00,Bogor Selatan,13986083,6.89
2026-02-16 18:00:00+00:00,Bogor Selatan,13986083,10.3
2026-02-16 19:00:00+00:00,Bogor Selatan,13986083,9.81
2026-02-16 20:00:00+00:00,Bogor Selatan,13986083,12.7
2026-02-16 21:00:00+00:00,Bogor Selatan,13986083,7.77
2026-02-16 22:00:00+00:00,Bogor Selatan,13986083,6.56
2026-02-16 23:00:00+00:00,Bogor Selatan,13986083,11.3
2026-02-17 00:00:00+00:00,Bogor Selatan,13986083,25.5
2026-02-17 01:00:00+00:00,Bogor Selatan,13986083,27.0
2026-02-17 02:00:00+00:00,Bogor Selatan,13986083,2.07
2026-02-17 03:00:00+00:00,Bogor Selatan,13986083,1.98
2026-02-17 04:00:00+00:00,Bogor Selatan,13986083,2.05
2026-02-17 05:00:00+00:00,Bogor Selatan,13986083,2.65
2026-02-17 06:00:00+00:00,Bogor Selatan,13986083,0.7
2026-02-17 07:00:00+00:00,Bogor Selatan,13986083,2.12
2026-02-17 08:00:00+00:00,Bogor Selatan,13986083,1.94
2026-02-17 09:00:00+00:00,Bogor Selatan,13986083,0.853
2026-02-17 10:00:00+00:00,Bogor Selatan,13986083,12.3
2026-02-17 11:00:00+00:00,Bogor Selatan,13986083,19.8
2026-02-17 12:00:00+00:00,Bogor Selatan,13986083,34.1
2026-02-17 13:00:00+00:00,Bogor Selatan,13986083,45.6
2026-02-17 14:00:00+00:00,Bogor Selatan,13986083,50.4
2026-02-17 15:00:00+00:00,Bogor Selatan,13986083,61.1
2026-02-17 16:00:00+00:00,Bogor Selatan,13986083,87.4
2026-02-17 17:00:00+00:00,Bogor Selatan,13986083,75.6
2026-02-17 18:00:00+00:00,Bogor Selatan,13986083,64.8
2026-02-17 19:00:00+00:00,Bogor Selatan,13986083,13.1
2026-02-17 20:00:00+00:00,Bogor Selatan,13986083,0.267
2026-02-17 21:00:00+00:00,Bogor Selatan,13986083,0.0112
2026-02-17 22:00:00+00:00,Bogor Selatan,13986083,3.67
2026-02-17 23:00:00+00:00,Bogor Selatan,13986083,21.3
2026-02-18 00:00:00+00:00,Bogor Selatan,13986083,42.0
2026-02-18 01:00:00+00:00,Bogor Selatan,13986083,33.7
2026-02-18 02:00:00+00:00,Bogor Selatan,13986083,23.6
2026-02-18 03:00:00+00:00,Bogor Selatan,13986083,28.6
2026-02-18 04:00:00+00:00,Bogor Selatan,13986083,35.6
2026-02-18 05:00:00+00:00,Bogor Selatan,13986083,36.2
2026-02-18 06:00:00+00:00,Bogor Selatan,13986083,40.9
2026-02-18 07:00:00+00:00,Bogor Selatan,13986083,37.8
2026-02-18 08:00:00+00:00,Bogor Selatan,13986083,32.5
2026-02-18 09:00:00+00:00,Bogor Selatan,13986083,35.4
2026-02-18 10:00:00+00:00,Bogor Selatan,13986083,41.9
2026-02-18 11:00:00+00:00,Bogor Selatan,13986083,46.4
2026-02-18 12:00:00+00:00,Bogor Selatan,13986083,82.4
2026-02-18 13:00:00+00:00,Bogor Selatan,13986083,62.3
2026-02-18 14:00:00+00:00,Bogor Selatan,13986083,55.7
2026-02-18 15:00:00+00:00,Bogor Selatan,13986083,67.2
2026-02-18 16:00:00+00:00,Bogor Selatan,13986083,63.4
2026-02-18 17:00:00+00:00,Bogor Selatan,13986083,76.0
2026-02-18 18:00:00+00:00,Bogor Selatan,13986083,72.4
2026-02-18 19:00:00+00:00,Bogor Selatan,13986083,73.9
2026-02-18 20:00:00+00:00,Bogor Selatan,13986083,84.1
2026-02-18 21:00:00+00:00,Bogor Selatan,13986083,94.9
2026-02-18 22:00:00+00:00,Bogor Selatan,13986083,102.0
2026-02-18 23:00:00+00:00,Bogor Selatan,13986083,79.5
2026-02-19 00:00:00+00:00,Bogor Selatan,13986083,48.9
2026-02-19 01:00:00+00:00,Bogor Selatan,13986083,46.2
2026-02-19 02:00:00+00:00,Bogor Selatan,13986083,36.4
2026-02-19 03:00:00+00:00,Bogor Selatan,13986083,11.5
2026-02-19 04:00:00+00:00,Bogor Selatan,13986083,22.9
2026-02-19 05:00:00+00:00,Bogor Selatan,13986083,20.4
2026-02-19 06:00:00+00:00,Bogor Selatan,13986083,24.6
2026-02-19 07:00:00+00:00,Bogor Selatan,13986083,26.9
2026-02-19 08:00:00+00:00,Bogor Selatan,13986083,24.6
2026-02-19 09:00:00+00:00,Bogor Selatan,13986083,26.6
2026-02-19 10:00:00+00:00,Bogor Selatan,13986083,31.5
2026-02-19 11:00:00+00:00,Bogor Selatan,13986083,37.1
2026-02-19 12:00:00+00:00,Bogor Selatan,13986083,40.6
2026-02-19 13:00:00+00:00,Bogor Selatan,13986083,34.9
2026-02-19 14:00:00+00:00,Bogor Selatan,13986083,32.8
2026-02-19 15:00:00+00:00,Bogor Selatan,13986083,27.6
2026-02-19 16:00:00+00:00,Bogor Selatan,13986083,20.5
2026-02-19 17:00:00+00:00,Bogor Selatan,13986083,17.0
2026-02-19 18:00:00+00:00,Bogor Selatan,13986083,9.07
2026-02-19 19:00:00+00:00,Bogor Selatan,13986083,0.244
2026-02-19 20:00:00+00:00,Bogor Selatan,13986083,1.75
2026-02-19 21:00:00+00:00,Bogor Selatan,13986083,2.86
2026-02-19 22:00:00+00:00,Bogor Selatan,13986083,3.0
2026-02-19 23:00:00+00:00,Bogor Selatan,13986083,5.66
2026-02-20 00:00:00+00:00,Bogor Selatan,13986083,12.9
2026-02-20 01:00:00+00:00,Bogor Selatan,13986083,26.3
2026-02-20 02:00:00+00:00,Bogor Selatan,13986083,28.6
2026-02-20 03:00:00+00:00,Bogor Selatan,13986083,31.1
2026-02-20 04:00:00+00:00,Bogor Selatan,13986083,23.4
2026-02-20 05:00:00+00:00,Bogor Selatan,13986083,31.8
2026-02-20 06:00:00+00:00,Bogor Selatan,13986083,36.1
2026-02-20 07:00:00+00:00,Bogor Selatan,13986083,35.2
2026-02-20 08:00:00+00:00,Bogor Selatan,13986083,37.7
2026-02-20 09:00:00+00:00,Bogor Selatan,13986083,29.4
2026-02-20 10:00:00+00:00,Bogor Selatan,13986083,32.3
2026-02-20 11:00:00+00:00,Bogor Selatan,13986083,36.0
2026-02-20 12:00:00+00:00,Bogor Selatan,13986083,42.0
2026-02-20 13:00:00+00:00,Bogor Selatan,13986083,53.5
2026-02-20 14:00:00+00:00,Bogor Selatan,13986083,55.7
2026-02-20 15:00:00+00:00,Bogor Selatan,13986083,88.5
2026-02-20 16:00:00+00:00,Bogor Selatan,13986083,83.8
2026-02-20 17:00:00+00:00,Bogor Selatan,13986083,48.2
2026-02-20 18:00:00+00:00,Bogor Selatan,13986083,45.8
2026-02-20 19:00:00+00:00,Bogor Selatan,13986083,43.3
2026-02-20 20:00:00+00:00,Bogor Selatan,13986083,37.7
2026-02-20 21:00:00+00:00,Bogor Selatan,13986083,32.9
2026-02-20 22:00:00+00:00,Bogor Selatan,13986083,33.0
2026-02-20 23:00:00+00:00,Bogor Selatan,13986083,38.3
2026-02-21 00:00:00+00:00,Bogor Selatan,13986083,42.0
2026-02-21 01:00:00+00:00,Bogor Selatan,13986083,44.3
2026-02-21 02:00:00+00:00,Bogor Selatan,13986083,28.0
2026-02-21 03:00:00+00:00,Bogor Selatan,13986083,29.3
2026-02-21 04:00:00+00:00,Bogor Selatan,13986083,22.6
2026-02-21 05:00:00+00:00,Bogor Selatan,13986083,28.1
2026-02-21 06:00:00+00:00,Bogor Selatan,13986083,32.3
2026-02-21 07:00:00+00:00,Bogor Selatan,13986083,33.8
2026-02-21 08:00:00+00:00,Bogor Selatan,13986083,39.8
2026-02-21 09:00:00+00:00,Bogor Selatan,13986083,44.2
2026-02-21 10:00:00+00:00,Bogor Selatan,13986083,47.7
2026-02-21 11:00:00+00:00,Bogor Selatan,13986083,57.8
2026-02-21 12:00:00+00:00,Bogor Selatan,13986083,63.4
2026-02-21 13:00:00+00:00,Bogor Selatan,13986083,64.3
2026-02-21 14:00:00+00:00,Bogor Selatan,13986083,65.9
2026-02-21 15:00:00+00:00,Bogor Selatan,13986083,66.7
2026-02-21 16:00:00+00:00,Bogor Selatan,13986083,66.5
2026-02-21 17:00:00+00:00,Bogor Selatan,13986083,66.7
2026-02-21 18:00:00+00:00,Bogor Selatan,13986083,56.3
2026-02-21 19:00:00+00:00,Bogor Selatan,13986083,61.1
2026-02-21 20:00:00+00:00,Bogor Selatan,13986083,59.4
2026-02-21 21:00:00+00:00,Bogor Selatan,13986083,53.1
2026-02-21 22:00:00+00:00,Bogor Selatan,13986083,48.8
2026-02-21 23:00:00+00:00,Bogor Selatan,13986083,50.5
2026-02-22 00:00:00+00:00,Bogor Selatan,13986083,48.7
2026-02-22 01:00:00+00:00,Bogor Selatan,13986083,34.6
2026-02-22 02:00:00+00:00,Bogor Selatan,13986083,36.2
2026-02-22 03:00:00+00:00,Bogor Selatan,13986083,42.3
2026-02-22 04:00:00+00:00,Bogor Selatan,13986083,45.3
2026-02-22 05:00:00+00:00,Bogor Selatan,13986083,40.7
2026-02-22 06:00:00+00:00,Bogor Selatan,13986083,40.9
2026-02-22 07:00:00+00:00,Bogor Selatan,13986083,39.0
2026-02-22 08:00:00+00:00,Bogor Selatan,13986083,37.0
2026-02-22 09:00:00+00:00,Bogor Selatan,13986083,41.6
2026-02-22 10:00:00+00:00,Bogor Selatan,13986083,46.9
2026-02-22 11:00:00+00:00,Bogor Selatan,13986083,61.9
2026-02-22 12:00:00+00:00,Bogor Selatan,13986083,63.4
2026-02-22 13:00:00+00:00,Bogor Selatan,13986083,50.9
2026-02-22 14:00:00+00:00,Bogor Selatan,13986083,53.1
2026-02-22 15:00:00+00:00,Bogor Selatan,13986083,51.4
2026-02-22 16:00:00+00:00,Bogor Selatan,13986083,45.8
2026-02-22 17:00:00+00:00,Bogor Selatan,13986083,44.9
2026-02-22 18:00:00+00:00,Bogor Selatan,13986083,35.4
2026-02-22 19:00:00+00:00,Bogor Selatan,13986083,1.81
2026-02-22 20:00:00+00:00,Bogor Selatan,13986083,2.19
2026-02-22 21:00:00+00:00,Bogor Selatan,13986083,5.33
2026-02-22 22:00:00+00:00,Bogor Selatan,13986083,11.3
2026-02-22 23:00:00+00:00,Bogor Selatan,13986083,10.3
2026-02-23 00:00:00+00:00,Bogor Selatan,13986083,14.7
2026-02-23 01:00:00+00:00,Bogor Selatan,13986083,18.9
2026-02-23 02:00:00+00:00,Bogor Selatan,13986083,10.8
2026-02-23 03:00:00+00:00,Bogor Selatan,13986083,13.3
2026-02-23 04:00:00+00:00,Bogor Selatan,13986083,31.2
2026-02-23 05:00:00+00:00,Bogor Selatan,13986083,27.8
2026-02-23 06:00:00+00:00,Bogor Selatan,13986083,27.6
2026-02-23 07:00:00+00:00,Bogor Selatan,13986083,24.8
2026-02-23 08:00:00+00:00,Bogor Selatan,13986083,25.2
2026-02-23 09:00:00+00:00,Bogor Selatan,13986083,30.6
2026-02-23 10:00:00+00:00,Bogor Selatan,13986083,32.4
2026-02-23 11:00:00+00:00,Bogor Selatan,13986083,52.6
2026-02-23 12:00:00+00:00,Bogor Selatan,13986083,48.0
2026-02-23 13:00:00+00:00,Bogor Selatan,13986083,39.7
2026-02-23 14:00:00+00:00,Bogor Selatan,13986083,29.0
2026-02-23 15:00:00+00:00,Bogor Selatan,13986083,27.8
2026-02-23 16:00:00+00:00,Bogor Selatan,13986083,27.6
2026-02-23 17:00:00+00:00,Bogor Selatan,13986083,39.1
2026-02-23 18:00:00+00:00,Bogor Selatan,13986083,26.2
2026-02-23 19:00:00+00:00,Bogor Selatan,13986083,13.4
2026-02-23 20:00:00+00:00,Bogor Selatan,13986083,0.244
2026-02-23 21:00:00+00:00,Bogor Selatan,13986083,2.68
2026-02-23 22:00:00+00:00,Bogor Selatan,13986083,3.82
2026-02-23 23:00:00+00:00,Bogor Selatan,13986083,7.59
2026-02-24 00:00:00+00:00,Bogor Selatan,13986083,16.6
2026-02-24 01:00:00+00:00,Bogor Selatan,13986083,23.1
2026-02-24 02:00:00+00:00,Bogor Selatan,13986083,31.6
2026-02-24 03:00:00+00:00,Bogor Selatan,13986083,13.9
2026-02-24 04:00:00+00:00,Bogor Selatan,13986083,16.8
2026-02-24 05:00:00+00:00,Bogor Selatan,13986083,12.2
2026-02-24 06:00:00+00:00,Bogor Selatan,13986083,5.79
2026-02-24 07:00:00+00:00,Bogor Selatan,13986083,8.56
2026-02-24 08:00:00+00:00,Bogor Selatan,13986083,15.8
2026-02-24 09:00:00+00:00,Bogor Selatan,13986083,25.9
2026-02-24 10:00:00+00:00,Bogor Selatan,13986083,32.3
2026-02-24 11:00:00+00:00,Bogor Selatan,13986083,44.8
2026-02-24 12:00:00+00:00,Bogor Selatan,13986083,33.1
2026-02-24 13:00:00+00:00,Bogor Selatan,13986083,12.0
2026-02-24 14:00:00+00:00,Bogor Selatan,13986083,2.5
2026-02-24 15:00:00+00:00,Bogor Selatan,13986083,9.6
2026-02-24 16:00:00+00:00,Bogor Selatan,13986083,5.1
2026-02-24 17:00:00+00:00,Bogor Selatan,13986083,5.3
2026-02-24 18:00:00+00:00,Bogor Selatan,13986083,10.2
2026-02-24 19:00:00+00:00,Bogor Selatan,13986083,7.7
2026-02-24 20:00:00+00:00,Bogor Selatan,13986083,6.9
2026-02-24 21:00:00+00:00,Bogor Selatan,13986083,8.5
2026-02-24 22:00:00+00:00,Bogor Selatan,13986083,12.8
2026-02-24 23:00:00+00:00,Bogor Selatan,13986083,21.8
2026-02-25 00:00:00+00:00,Bogor Selatan,13986083,8.2
2026-02-25 01:00:00+00:00,Bogor Selatan,13986083,5.4
2026-02-25 02:00:00+00:00,Bogor Selatan,13986083,7.2
2026-02-25 03:00:00+00:00,Bogor Selatan,13986083,12.8
2026-02-25 04:00:00+00:00,Bogor Selatan,13986083,10.5
2026-02-25 05:00:00+00:00,Bogor Selatan,13986083,7.1
2026-02-25 06:00:00+00:00,Bogor Selatan,13986083,8.5
2026-02-25 07:00:00+00:00,Bogor Selatan,13986083,19.4
2026-02-25 08:00:00+00:00,Bogor Selatan,13986083,11.8
2026-02-25 09:00:00+00:00,Bogor Selatan,13986083,15.3
2026-02-25 10:00:00+00:00,Bogor Selatan,13986083,22.7
2026-02-25 11:00:00+00:00,Bogor Selatan,13986083,20.6
2026-02-25 12:00:00+00:00,Bogor Selatan,13986083,8.7
2026-02-25 13:00:00+00:00,Bogor Selatan,13986083,6.8
2026-02-25 14:00:00+00:00,Bogor Selatan,13986083,6.8
2026-02-25 15:00:00+00:00,Bogor Selatan,13986083,11.3
2026-02-25 16:00:00+00:00,Bogor Selatan,13986083,6.6
2026-02-25 17:00:00+00:00,Bogor Selatan,13986083,6.4
2026-02-25 18:00:00+00:00,Bogor Selatan,13986083,5.6
2026-02-25 19:00:00+00:00,Bogor Selatan,13986083,6.3
2026-02-25 20:00:00+00:00,Bogor Selatan,13986083,8.3
2026-02-25 21:00:00+00:00,Bogor Selatan,13986083,6.7
2026-02-25 22:00:00+00:00,Bogor Selatan,13986083,5.8
2026-02-25 23:00:00+00:00,Bogor Selatan,13986083,11.8
2026-02-26 00:00:00+00:00,Bogor Selatan,13986083,17.0
2026-02-26 01:00:00+00:00,Bogor Selatan,13986083,7.6
2026-02-26 02:00:00+00:00,Bogor Selatan,13986083,17.4
2026-02-26 03:00:00+00:00,Bogor Selatan,13986083,19.2
2026-02-26 04:00:00+00:00,Bogor Selatan,13986083,21.9
2026-02-26 05:00:00+00:00,Bogor Selatan,13986083,23.1
2026-02-26 06:00:00+00:00,Bogor Selatan,13986083,23.1
2026-02-26 07:00:00+00:00,Bogor Selatan,13986083,21.5
2026-02-26 08:00:00+00:00,Bogor Selatan,13986083,13.3
2026-02-26 09:00:00+00:00,Bogor Selatan,13986083,20.6
2026-02-26 10:00:00+00:00,Bogor Selatan,13986083,28.4
2026-02-26 11:00:00+00:00,Bogor Selatan,13986083,20.3
2026-02-26 12:00:00+00:00,Bogor Selatan,13986083,7.9
2026-02-26 13:00:00+00:00,Bogor Selatan,13986083,10.2
2026-02-26 14:00:00+00:00,Bogor Selatan,13986083,7.7
2026-02-26 15:00:00+00:00,Bogor Selatan,13986083,5.0
2026-02-26 16:00:00+00:00,Bogor Selatan,13986083,8.0
2026-02-26 17:00:00+00:00,Bogor Selatan,13986083,18.5
2026-02-26 18:00:00+00:00,Bogor Selatan,13986083,3.7
2026-02-26 19:00:00+00:00,Bogor Selatan,13986083,0.6
2026-02-26 20:00:00+00:00,Bogor Selatan,13986083,14.3
2026-02-26 21:00:00+00:00,Bogor Selatan,13986083,2.5
2026-02-26 22:00:00+00:00,Bogor Selatan,13986083,1.3
2026-02-26 23:00:00+00:00,Bogor Selatan,13986083,1.0
2026-02-27 00:00:00+00:00,Bogor Selatan,13986083,0.2
2026-02-27 01:00:00+00:00,Bogor Selatan,13986083,1.5
2026-02-27 02:00:00+00:00,Bogor Selatan,13986083,9.4
2026-02-27 03:00:00+00:00,Bogor Selatan,13986083,2.4
2026-02-27 04:00:00+00:00,Bogor Selatan,13986083,1.5
2026-02-27 05:00:00+00:00,Bogor Selatan,13986083,0.8
2026-02-27 06:00:00+00:00,Bogor Selatan,13986083,1.6
2026-02-27 07:00:00+00:00,Bogor Selatan,13986083,3.7
2026-02-27 08:00:00+00:00,Bogor Selatan,13986083,5.3
2026-02-27 09:00:00+00:00,Bogor Selatan,13986083,19.1
2026-02-27 10:00:00+00:00,Bogor Selatan,13986083,20.1
2026-02-27 11:00:00+00:00,Bogor Selatan,13986083,28.2
2026-02-27 12:00:00+00:00,Bogor Selatan,13986083,5.4
2026-02-27 13:00:00+00:00,Bogor Selatan,13986083,12.3
2026-02-27 14:00:00+00:00,Bogor Selatan,13986083,11.1
2026-02-27 15:00:00+00:00,Bogor Selatan,13986083,5.1
2026-02-27 16:00:00+00:00,Bogor Selatan,13986083,14.6
2026-02-27 17:00:00+00:00,Bogor Selatan,13986083,8.0
2026-02-27 18:00:00+00:00,Bogor Selatan,13986083,7.8
2026-02-27 19:00:00+00:00,Bogor Selatan,13986083,7.6
2026-02-27 20:00:00+00:00,Bogor Selatan,13986083,5.7
2026-02-27 21:00:00+00:00,Bogor Selatan,13986083,1.3
2026-02-27 22:00:00+00:00,Bogor Selatan,13986083,0.1
2026-02-27 23:00:00+00:00,Bogor Selatan,13986083,0.2
2026-02-28 00:00:00+00:00,Bogor Selatan,13986083,4.2
2026-02-28 01:00:00+00:00,Bogor Selatan,13986083,8.6
2026-02-28 02:00:00+00:00,Bogor Selatan,13986083,2.6
2026-02-28 03:00:00+00:00,Bogor Selatan,13986083,2.4
2026-02-28 04:00:00+00:00,Bogor Selatan,13986083,3.2
2026-02-28 05:00:00+00:00,Bogor Selatan,13986083,5.2
2026-02-28 06:00:00+00:00,Bogor Selatan,13986083,11.5
2026-02-28 07:00:00+00:00,Bogor Selatan,13986083,3.6
2026-02-28 08:00:00+00:00,Bogor Selatan,13986083,7.6
2026-02-28 09:00:00+00:00,Bogor Selatan,13986083,17.0
2026-02-28 10:00:00+00:00,Bogor Selatan,13986083,28.8
2026-02-28 11:00:00+00:00,Bogor Selatan,13986083,46.6
2026-02-28 12:00:00+00:00,Bogor Selatan,13986083,37.6
2026-02-28 13:00:00+00:00,Bogor Selatan,13986083,27.1
2026-02-28 14:00:00+00:00,Bogor Selatan,13986083,28.3
2026-02-28 15:00:00+00:00,Bogor Selatan,13986083,31.8
2026-02-28 16:00:00+00:00,Bogor Selatan,13986083,36.2
2026-02-28 17:00:00+00:00,Bogor Selatan,13986083,35.5
2026-02-28 18:00:00+00:00,Bogor Selatan,13986083,33.3
2026-02-28 19:00:00+00:00,Bogor Selatan,13986083,26.0
2026-02-28 20:00:00+00:00,Bogor Selatan,13986083,28.0
2026-02-28 21:00:00+00:00,Bogor Selatan,13986083,26.9
2026-02-28 22:00:00+00:00,Bogor Selatan,13986083,25.4
2026-02-28 23:00:00+00:00,Bogor Selatan,13986083,25.5
2026-03-01 00:00:00+00:00,Bogor Selatan,13986083,33.9
2026-03-01 01:00:00+00:00,Bogor Selatan,13986083,28.8
2026-03-01 02:00:00+00:00,Bogor Selatan,13986083,19.6
2026-03-01 03:00:00+00:00,Bogor Selatan,13986083,20.7
2026-03-01 04:00:00+00:00,Bogor Selatan,13986083,17.3
2026-03-01 05:00:00+00:00,Bogor Selatan,13986083,18.4
2026-03-01 06:00:00+00:00,Bogor Selatan,13986083,18.1
2026-03-01 07:00:00+00:00,Bogor Selatan,13986083,25.9
2026-03-01 08:00:00+00:00,Bogor Selatan,13986083,26.6
2026-03-01 09:00:00+00:00,Bogor Selatan,13986083,31.3
2026-03-01 10:00:00+00:00,Bogor Selatan,13986083,42.4
2026-03-01 11:00:00+00:00,Bogor Selatan,13986083,47.5
2026-03-01 12:00:00+00:00,Bogor Selatan,13986083,45.5
2026-03-01 13:00:00+00:00,Bogor Selatan,13986083,47.4
2026-03-01 14:00:00+00:00,Bogor Selatan,13986083,92.5
2026-03-01 15:00:00+00:00,Bogor Selatan,13986083,80.5
2026-03-01 16:00:00+00:00,Bogor Selatan,13986083,59.4
2026-03-01 17:00:00+00:00,Bogor Selatan,13986083,64.0
2026-03-01 18:00:00+00:00,Bogor Selatan,13986083,48.8
2026-03-01 19:00:00+00:00,Bogor Selatan,13986083,33.9
2026-03-01 20:00:00+00:00,Bogor Selatan,13986083,39.0
2026-03-01 21:00:00+00:00,Bogor Selatan,13986083,36.8
2026-03-01 22:00:00+00:00,Bogor Selatan,13986083,36.1
2026-03-01 23:00:00+00:00,Bogor Selatan,13986083,39.0
2026-03-02 00:00:00+00:00,Bogor Selatan,13986083,41.1
2026-03-02 01:00:00+00:00,Bogor Selatan,13986083,28.1
2026-03-02 02:00:00+00:00,Bogor Selatan,13986083,11.8
2026-03-02 03:00:00+00:00,Bogor Selatan,13986083,10.3
2026-03-02 04:00:00+00:00,Bogor Selatan,13986083,13.6
2025-03-10 14:00:00+00:00,Jakarta Central,25072,39.0
2025-03-10 15:00:00+00:00,Jakarta Central,25072,47.0
2025-03-10 16:00:00+00:00,Jakarta Central,25072,45.0
2025-03-10 17:00:00+00:00,Jakarta Central,25072,54.0
2025-03-10 18:00:00+00:00,Jakarta Central,25072,50.0
2025-03-10 19:00:00+00:00,Jakarta Central,25072,44.0
2025-03-10 20:00:00+00:00,Jakarta Central,25072,65.0
2025-03-10 21:00:00+00:00,Jakarta Central,25072,54.0
2025-03-10 22:00:00+00:00,Jakarta Central,25072,49.0
2025-03-10 23:00:00+00:00,Jakarta Central,25072,52.0
2025-03-11 00:00:00+00:00,Jakarta Central,25072,52.0
2025-03-11 01:00:00+00:00,Jakarta Central,25072,48.0
2025-03-11 02:00:00+00:00,Jakarta Central,25072,25.0
2025-03-11 03:00:00+00:00,Jakarta Central,25072,30.0
2025-03-11 04:00:00+00:00,Jakarta Central,25072,20.0
2025-03-11 05:00:00+00:00,Jakarta Central,25072,16.0
2025-03-11 06:00:00+00:00,Jakarta Central,25072,19.0
2025-03-11 07:00:00+00:00,Jakarta Central,25072,7.0
2025-03-11 08:00:00+00:00,Jakarta Central,25072,6.0
2025-03-11 09:00:00+00:00,Jakarta Central,25072,3.0
2025-03-11 10:00:00+00:00,Jakarta Central,25072,6.0
2025-03-11 11:00:00+00:00,Jakarta Central,25072,5.0
2025-03-11 12:00:00+00:00,Jakarta Central,25072,5.0
2025-03-11 13:00:00+00:00,Jakarta Central,25072,10.0
2025-03-11 14:00:00+00:00,Jakarta Central,25072,11.0
2025-03-11 15:00:00+00:00,Jakarta Central,25072,9.0
2025-03-11 16:00:00+00:00,Jakarta Central,25072,14.0
2025-03-11 17:00:00+00:00,Jakarta Central,25072,14.0
2025-03-11 18:00:00+00:00,Jakarta Central,25072,27.0
2025-03-11 19:00:00+00:00,Jakarta Central,25072,18.0
2025-03-11 20:00:00+00:00,Jakarta Central,25072,24.0
2025-03-11 21:00:00+00:00,Jakarta Central,25072,23.0
2025-03-11 22:00:00+00:00,Jakarta Central,25072,19.0
2025-03-11 23:00:00+00:00,Jakarta Central,25072,22.0
2025-03-12 00:00:00+00:00,Jakarta Central,25072,26.0
2025-03-12 01:00:00+00:00,Jakarta Central,25072,24.0
2025-03-12 02:00:00+00:00,Jakarta Central,25072,18.0
2025-03-12 03:00:00+00:00,Jakarta Central,25072,24.0
2025-03-12 04:00:00+00:00,Jakarta Central,25072,19.0
2025-03-12 05:00:00+00:00,Jakarta Central,25072,17.0
2025-03-12 06:00:00+00:00,Jakarta Central,25072,6.0
2025-03-12 07:00:00+00:00,Jakarta Central,25072,12.0
2025-03-12 08:00:00+00:00,Jakarta Central,25072,11.0
2025-03-12 09:00:00+00:00,Jakarta Central,25072,9.0
2025-03-12 10:00:00+00:00,Jakarta Central,25072,14.0
2025-03-12 11:00:00+00:00,Jakarta Central,25072,12.0
2025-03-12 12:00:00+00:00,Jakarta Central,25072,12.0
2025-03-12 13:00:00+00:00,Jakarta Central,25072,9.0
2025-03-12 14:00:00+00:00,Jakarta Central,25072,8.0
2025-03-12 15:00:00+00:00,Jakarta Central,25072,9.0
2025-03-12 16:00:00+00:00,Jakarta Central,25072,23.0
2025-03-12 17:00:00+00:00,Jakarta Central,25072,22.0
2025-03-12 18:00:00+00:00,Jakarta Central,25072,22.0
2025-03-12 19:00:00+00:00,Jakarta Central,25072,28.0
2025-03-12 20:00:00+00:00,Jakarta Central,25072,27.0
2025-03-12 21:00:00+00:00,Jakarta Central,25072,54.0
2025-03-12 22:00:00+00:00,Jakarta Central,25072,57.0
2025-03-12 23:00:00+00:00,Jakarta Central,25072,22.0
2025-03-13 00:00:00+00:00,Jakarta Central,25072,36.0
2025-03-13 01:00:00+00:00,Jakarta Central,25072,48.0
2025-03-13 02:00:00+00:00,Jakarta Central,25072,51.0
2025-03-13 03:00:00+00:00,Jakarta Central,25072,30.0
2025-03-13 04:00:00+00:00,Jakarta Central,25072,26.0
2025-03-13 05:00:00+00:00,Jakarta Central,25072,25.0
2025-03-13 06:00:00+00:00,Jakarta Central,25072,15.0
2025-03-13 07:00:00+00:00,Jakarta Central,25072,8.0
2025-03-13 08:00:00+00:00,Jakarta Central,25072,8.0
2025-03-13 09:00:00+00:00,Jakarta Central,25072,13.0
2025-03-13 10:00:00+00:00,Jakarta Central,25072,9.0
2025-03-13 11:00:00+00:00,Jakarta Central,25072,8.0
2025-03-13 12:00:00+00:00,Jakarta Central,25072,18.0
2025-03-13 13:00:00+00:00,Jakarta Central,25072,17.0
2025-03-13 14:00:00+00:00,Jakarta Central,25072,27.0
2025-03-13 15:00:00+00:00,Jakarta Central,25072,22.0
2025-03-13 16:00:00+00:00,Jakarta Central,25072,13.0
2025-03-13 17:00:00+00:00,Jakarta Central,25072,13.0
2025-03-13 18:00:00+00:00,Jakarta Central,25072,14.0
2025-03-13 19:00:00+00:00,Jakarta Central,25072,25.0
2025-03-13 20:00:00+00:00,Jakarta Central,25072,17.0
2025-03-13 21:00:00+00:00,Jakarta Central,25072,21.0
2025-03-13 22:00:00+00:00,Jakarta Central,25072,20.0
2025-03-13 23:00:00+00:00,Jakarta Central,25072,19.0
2025-03-14 00:00:00+00:00,Jakarta Central,25072,26.0
2025-03-14 01:00:00+00:00,Jakarta Central,25072,21.0
2025-03-14 02:00:00+00:00,Jakarta Central,25072,15.0
2025-03-14 03:00:00+00:00,Jakarta Central,25072,12.0
2025-03-14 04:00:00+00:00,Jakarta Central,25072,9.0
2025-03-14 05:00:00+00:00,Jakarta Central,25072,7.0
2025-03-14 06:00:00+00:00,Jakarta Central,25072,13.0
2025-03-14 07:00:00+00:00,Jakarta Central,25072,7.0
2025-03-14 08:00:00+00:00,Jakarta Central,25072,15.0
2025-03-14 09:00:00+00:00,Jakarta Central,25072,10.0
2025-03-14 10:00:00+00:00,Jakarta Central,25072,7.0
2025-03-14 11:00:00+00:00,Jakarta Central,25072,7.0
2025-03-14 12:00:00+00:00,Jakarta Central,25072,4.0
2025-03-14 13:00:00+00:00,Jakarta Central,25072,7.0
2025-03-14 14:00:00+00:00,Jakarta Central,25072,8.0
2025-03-14 15:00:00+00:00,Jakarta Central,25072,7.0
2025-03-14 16:00:00+00:00,Jakarta Central,25072,10.0
2025-03-14 17:00:00+00:00,Jakarta Central,25072,7.0
2025-03-14 18:00:00+00:00,Jakarta Central,25072,4.0
2025-03-14 19:00:00+00:00,Jakarta Central,25072,5.0
2025-03-14 20:00:00+00:00,Jakarta Central,25072,6.0
2025-03-14 21:00:00+00:00,Jakarta Central,25072,12.0
2025-03-14 22:00:00+00:00,Jakarta Central,25072,7.0
2025-03-14 23:00:00+00:00,Jakarta Central,25072,2.0
2025-03-15 00:00:00+00:00,Jakarta Central,25072,4.0
2025-03-15 01:00:00+00:00,Jakarta Central,25072,8.0
2025-03-15 02:00:00+00:00,Jakarta Central,25072,6.0
2025-03-15 03:00:00+00:00,Jakarta Central,25072,10.0
2025-03-15 04:00:00+00:00,Jakarta Central,25072,12.0
2025-03-15 05:00:00+00:00,Jakarta Central,25072,7.0
2025-03-15 06:00:00+00:00,Jakarta Central,25072,7.0
2025-03-15 07:00:00+00:00,Jakarta Central,25072,6.0
2025-03-15 08:00:00+00:00,Jakarta Central,25072,5.0
2025-03-15 09:00:00+00:00,Jakarta Central,25072,4.0
2025-03-15 10:00:00+00:00,Jakarta Central,25072,7.0
2025-03-15 11:00:00+00:00,Jakarta Central,25072,8.0
2025-03-15 12:00:00+00:00,Jakarta Central,25072,12.0
2025-03-15 13:00:00+00:00,Jakarta Central,25072,17.0
2025-03-15 14:00:00+00:00,Jakarta Central,25072,9.0
2025-03-15 15:00:00+00:00,Jakarta Central,25072,19.0
2025-03-15 16:00:00+00:00,Jakarta Central,25072,22.0
2025-03-15 17:00:00+00:00,Jakarta Central,25072,17.0
2025-03-15 18:00:00+00:00,Jakarta Central,25072,5.0
2025-03-15 19:00:00+00:00,Jakarta Central,25072,6.0
2025-03-15 20:00:00+00:00,Jakarta Central,25072,4.0
2025-03-15 21:00:00+00:00,Jakarta Central,25072,2.0
2025-03-15 22:00:00+00:00,Jakarta Central,25072,4.0
2025-03-15 23:00:00+00:00,Jakarta Central,25072,10.0
2025-03-16 00:00:00+00:00,Jakarta Central,25072,16.0
2025-03-16 01:00:00+00:00,Jakarta Central,25072,14.0
2025-03-16 02:00:00+00:00,Jakarta Central,25072,10.0
2025-03-16 03:00:00+00:00,Jakarta Central,25072,9.0
2025-03-16 04:00:00+00:00,Jakarta Central,25072,10.0
2025-03-16 05:00:00+00:00,Jakarta Central,25072,7.0
2025-03-16 06:00:00+00:00,Jakarta Central,25072,6.0
2025-03-16 07:00:00+00:00,Jakarta Central,25072,6.0
2025-03-16 08:00:00+00:00,Jakarta Central,25072,6.0
2025-03-16 09:00:00+00:00,Jakarta Central,25072,5.0
2025-03-16 10:00:00+00:00,Jakarta Central,25072,9.0
2025-03-16 11:00:00+00:00,Jakarta Central,25072,14.0
2025-03-16 12:00:00+00:00,Jakarta Central,25072,14.0
2025-03-16 13:00:00+00:00,Jakarta Central,25072,16.0
2025-03-16 14:00:00+00:00,Jakarta Central,25072,10.0
2025-03-16 15:00:00+00:00,Jakarta Central,25072,12.0
2025-03-16 16:00:00+00:00,Jakarta Central,25072,9.0
2025-03-16 17:00:00+00:00,Jakarta Central,25072,15.0
2025-03-16 18:00:00+00:00,Jakarta Central,25072,13.0
2025-03-16 19:00:00+00:00,Jakarta Central,25072,20.0
2025-03-16 20:00:00+00:00,Jakarta Central,25072,17.0
2025-03-16 21:00:00+00:00,Jakarta Central,25072,19.0
2025-03-16 22:00:00+00:00,Jakarta Central,25072,18.0
2025-03-16 23:00:00+00:00,Jakarta Central,25072,22.0
2025-03-17 00:00:00+00:00,Jakarta Central,25072,24.0
2025-03-17 01:00:00+00:00,Jakarta Central,25072,18.0
2025-03-17 02:00:00+00:00,Jakarta Central,25072,38.0
2025-03-17 03:00:00+00:00,Jakarta Central,25072,20.0
2025-03-17 04:00:00+00:00,Jakarta Central,25072,6.0
2025-03-17 05:00:00+00:00,Jakarta Central,25072,4.0
2025-03-17 06:00:00+00:00,Jakarta Central,25072,4.0
2025-03-17 07:00:00+00:00,Jakarta Central,25072,6.0
2025-03-17 08:00:00+00:00,Jakarta Central,25072,5.0
2025-03-17 09:00:00+00:00,Jakarta Central,25072,6.0
2025-03-17 10:00:00+00:00,Jakarta Central,25072,7.0
2025-03-17 11:00:00+00:00,Jakarta Central,25072,4.0
2025-03-17 12:00:00+00:00,Jakarta Central,25072,4.0
2025-03-17 13:00:00+00:00,Jakarta Central,25072,3.0
2025-03-17 14:00:00+00:00,Jakarta Central,25072,1.0
2025-03-17 15:00:00+00:00,Jakarta Central,25072,5.0
2025-03-17 16:00:00+00:00,Jakarta Central,25072,5.0
2025-03-17 17:00:00+00:00,Jakarta Central,25072,1.0
2025-03-17 19:00:00+00:00,Jakarta Central,25072,1.0
2025-03-17 20:00:00+00:00,Jakarta Central,25072,6.0
2025-03-17 21:00:00+00:00,Jakarta Central,25072,6.0
2025-03-17 22:00:00+00:00,Jakarta Central,25072,13.0
2025-03-17 23:00:00+00:00,Jakarta Central,25072,9.0
2025-03-18 00:00:00+00:00,Jakarta Central,25072,15.0
2025-03-18 01:00:00+00:00,Jakarta Central,25072,13.0
2025-03-18 02:00:00+00:00,Jakarta Central,25072,15.0
2025-03-18 03:00:00+00:00,Jakarta Central,25072,15.0
2025-03-18 04:00:00+00:00,Jakarta Central,25072,13.0
2025-03-18 05:00:00+00:00,Jakarta Central,25072,9.0
2025-03-18 06:00:00+00:00,Jakarta Central,25072,7.0
2025-03-18 07:00:00+00:00,Jakarta Central,25072,6.0
2025-03-18 08:00:00+00:00,Jakarta Central,25072,9.0
2025-03-18 09:00:00+00:00,Jakarta Central,25072,10.0
2025-03-18 10:00:00+00:00,Jakarta Central,25072,11.0
2025-03-18 11:00:00+00:00,Jakarta Central,25072,8.0
2025-03-18 12:00:00+00:00,Jakarta Central,25072,8.0
2025-03-18 13:00:00+00:00,Jakarta Central,25072,7.0
2025-03-18 14:00:00+00:00,Jakarta Central,25072,5.0
2025-03-18 15:00:00+00:00,Jakarta Central,25072,9.0
2025-03-18 16:00:00+00:00,Jakarta Central,25072,10.0
2025-03-18 17:00:00+00:00,Jakarta Central,25072,19.0
2025-03-18 18:00:00+00:00,Jakarta Central,25072,9.0
2025-03-18 19:00:00+00:00,Jakarta Central,25072,10.0
2025-03-18 20:00:00+00:00,Jakarta Central,25072,9.0
2025-03-18 21:00:00+00:00,Jakarta Central,25072,11.0
2025-03-18 22:00:00+00:00,Jakarta Central,25072,11.0
2025-03-18 23:00:00+00:00,Jakarta Central,25072,7.0
2025-03-19 00:00:00+00:00,Jakarta Central,25072,11.0
2025-03-19 01:00:00+00:00,Jakarta Central,25072,9.0
2025-03-19 02:00:00+00:00,Jakarta Central,25072,15.0
2025-03-19 03:00:00+00:00,Jakarta Central,25072,15.0
2025-03-19 04:00:00+00:00,Jakarta Central,25072,12.0
2025-03-19 05:00:00+00:00,Jakarta Central,25072,11.0
2025-03-19 06:00:00+00:00,Jakarta Central,25072,13.0
2025-03-19 07:00:00+00:00,Jakarta Central,25072,17.0
2025-03-19 08:00:00+00:00,Jakarta Central,25072,20.0
2025-03-19 09:00:00+00:00,Jakarta Central,25072,11.0
2025-03-19 10:00:00+00:00,Jakarta Central,25072,17.0
2025-03-19 11:00:00+00:00,Jakarta Central,25072,15.0
2025-03-19 12:00:00+00:00,Jakarta Central,25072,16.0
2025-03-19 13:00:00+00:00,Jakarta Central,25072,17.0
2025-03-19 14:00:00+00:00,Jakarta Central,25072,15.0
2025-03-19 15:00:00+00:00,Jakarta Central,25072,18.0
2025-03-19 16:00:00+00:00,Jakarta Central,25072,13.0
2025-03-19 17:00:00+00:00,Jakarta Central,25072,9.0
2025-03-19 18:00:00+00:00,Jakarta Central,25072,10.0
2025-03-19 19:00:00+00:00,Jakarta Central,25072,12.0
2025-03-19 20:00:00+00:00,Jakarta Central,25072,9.0
2025-03-19 21:00:00+00:00,Jakarta Central,25072,12.0
2025-03-19 22:00:00+00:00,Jakarta Central,25072,17.0
2025-03-19 23:00:00+00:00,Jakarta Central,25072,17.0
2025-03-20 00:00:00+00:00,Jakarta Central,25072,18.0
2025-03-20 01:00:00+00:00,Jakarta Central,25072,15.0
2025-03-20 02:00:00+00:00,Jakarta Central,25072,22.0
2025-03-20 03:00:00+00:00,Jakarta Central,25072,28.0
2025-03-20 04:00:00+00:00,Jakarta Central,25072,27.0
2025-03-20 05:00:00+00:00,Jakarta Central,25072,19.0
2025-03-20 06:00:00+00:00,Jakarta Central,25072,19.0
2025-03-20 07:00:00+00:00,Jakarta Central,25072,13.0
2025-03-20 08:00:00+00:00,Jakarta Central,25072,15.0
2025-03-20 09:00:00+00:00,Jakarta Central,25072,12.0
2025-03-20 10:00:00+00:00,Jakarta Central,25072,13.0
2025-03-20 11:00:00+00:00,Jakarta Central,25072,10.0
2025-03-20 12:00:00+00:00,Jakarta Central,25072,11.0
2025-03-20 13:00:00+00:00,Jakarta Central,25072,10.0
2025-03-20 14:00:00+00:00,Jakarta Central,25072,14.0
2025-03-20 15:00:00+00:00,Jakarta Central,25072,13.0
2025-03-20 16:00:00+00:00,Jakarta Central,25072,8.0
2025-03-20 17:00:00+00:00,Jakarta Central,25072,14.0
2025-03-20 18:00:00+00:00,Jakarta Central,25072,21.0
2025-03-20 19:00:00+00:00,Jakarta Central,25072,13.0
2025-03-20 20:00:00+00:00,Jakarta Central,25072,15.0
2025-03-20 21:00:00+00:00,Jakarta Central,25072,9.0
2025-03-20 22:00:00+00:00,Jakarta Central,25072,9.0
2025-03-20 23:00:00+00:00,Jakarta Central,25072,23.0
2025-03-21 00:00:00+00:00,Jakarta Central,25072,14.0
2025-03-21 01:00:00+00:00,Jakarta Central,25072,14.0
2025-03-21 02:00:00+00:00,Jakarta Central,25072,9.0
2025-03-21 03:00:00+00:00,Jakarta Central,25072,7.0
2025-03-21 04:00:00+00:00,Jakarta Central,25072,9.0
2025-03-21 05:00:00+00:00,Jakarta Central,25072,15.0
2025-03-21 06:00:00+00:00,Jakarta Central,25072,14.0
2025-03-21 07:00:00+00:00,Jakarta Central,25072,12.0
2025-03-21 08:00:00+00:00,Jakarta Central,25072,11.0
2025-03-21 09:00:00+00:00,Jakarta Central,25072,10.0
2025-03-21 10:00:00+00:00,Jakarta Central,25072,7.0
2025-03-21 11:00:00+00:00,Jakarta Central,25072,7.0
2025-03-21 12:00:00+00:00,Jakarta Central,25072,9.0
2025-03-21 13:00:00+00:00,Jakarta Central,25072,11.0
2025-03-21 14:00:00+00:00,Jakarta Central,25072,10.0
2025-03-21 15:00:00+00:00,Jakarta Central,25072,13.0
2025-03-21 16:00:00+00:00,Jakarta Central,25072,12.0
2025-03-21 17:00:00+00:00,Jakarta Central,25072,11.0
2025-03-21 18:00:00+00:00,Jakarta Central,25072,13.0
2025-03-21 19:00:00+00:00,Jakarta Central,25072,14.0
2025-03-21 20:00:00+00:00,Jakarta Central,25072,26.0
2025-03-21 21:00:00+00:00,Jakarta Central,25072,54.0
2025-03-21 22:00:00+00:00,Jakarta Central,25072,54.0
2025-03-21 23:00:00+00:00,Jakarta Central,25072,45.0
2025-03-22 00:00:00+00:00,Jakarta Central,25072,23.0
2025-03-22 01:00:00+00:00,Jakarta Central,25072,19.0
2025-03-22 02:00:00+00:00,Jakarta Central,25072,19.0
2025-03-22 03:00:00+00:00,Jakarta Central,25072,19.0
2025-03-22 04:00:00+00:00,Jakarta Central,25072,16.0
2025-03-22 05:00:00+00:00,Jakarta Central,25072,26.0
2025-03-22 06:00:00+00:00,Jakarta Central,25072,28.0
2025-03-22 07:00:00+00:00,Jakarta Central,25072,15.0
2025-03-22 08:00:00+00:00,Jakarta Central,25072,10.0
2025-03-22 09:00:00+00:00,Jakarta Central,25072,10.0
2025-03-22 10:00:00+00:00,Jakarta Central,25072,13.0
2025-03-22 11:00:00+00:00,Jakarta Central,25072,12.0
2025-03-22 12:00:00+00:00,Jakarta Central,25072,23.0
2025-03-22 13:00:00+00:00,Jakarta Central,25072,33.0
2025-03-22 14:00:00+00:00,Jakarta Central,25072,32.0
2025-03-22 15:00:00+00:00,Jakarta Central,25072,20.0
2025-03-22 16:00:00+00:00,Jakarta Central,25072,25.0
2025-03-22 17:00:00+00:00,Jakarta Central,25072,17.0
2025-03-22 18:00:00+00:00,Jakarta Central,25072,15.0
2025-03-22 19:00:00+00:00,Jakarta Central,25072,25.0
2025-03-22 20:00:00+00:00,Jakarta Central,25072,31.0
2025-03-22 21:00:00+00:00,Jakarta Central,25072,35.0
2025-03-22 22:00:00+00:00,Jakarta Central,25072,14.0
2025-03-22 23:00:00+00:00,Jakarta Central,25072,9.0
2025-03-23 00:00:00+00:00,Jakarta Central,25072,10.0
2025-03-23 01:00:00+00:00,Jakarta Central,25072,19.0
2025-03-23 02:00:00+00:00,Jakarta Central,25072,17.0
2025-03-23 03:00:00+00:00,Jakarta Central,25072,14.0
2025-03-23 04:00:00+00:00,Jakarta Central,25072,13.0
2025-03-23 05:00:00+00:00,Jakarta Central,25072,9.0
2025-03-23 06:00:00+00:00,Jakarta Central,25072,12.0
2025-03-23 07:00:00+00:00,Jakarta Central,25072,13.0
2025-03-23 08:00:00+00:00,Jakarta Central,25072,18.0
2025-03-23 09:00:00+00:00,Jakarta Central,25072,11.0
2025-03-23 10:00:00+00:00,Jakarta Central,25072,13.0
2025-03-23 11:00:00+00:00,Jakarta Central,25072,13.0
2025-03-23 12:00:00+00:00,Jakarta Central,25072,12.0
2025-03-23 13:00:00+00:00,Jakarta Central,25072,17.0
2025-03-23 14:00:00+00:00,Jakarta Central,25072,12.0
2025-03-23 15:00:00+00:00,Jakarta Central,25072,14.0
2025-03-23 16:00:00+00:00,Jakarta Central,25072,28.0
2025-03-23 17:00:00+00:00,Jakarta Central,25072,27.0
2025-03-23 18:00:00+00:00,Jakarta Central,25072,22.0
2025-03-23 19:00:00+00:00,Jakarta Central,25072,13.0
2025-03-23 20:00:00+00:00,Jakarta Central,25072,17.0
2025-03-23 21:00:00+00:00,Jakarta Central,25072,30.0
2025-03-23 22:00:00+00:00,Jakarta Central,25072,18.0
2025-03-23 23:00:00+00:00,Jakarta Central,25072,25.0
2025-03-24 00:00:00+00:00,Jakarta Central,25072,23.0
2025-03-24 01:00:00+00:00,Jakarta Central,25072,8.0
2025-03-24 02:00:00+00:00,Jakarta Central,25072,6.0
2025-03-24 03:00:00+00:00,Jakarta Central,25072,6.0
2025-03-24 04:00:00+00:00,Jakarta Central,25072,9.0
2025-03-24 05:00:00+00:00,Jakarta Central,25072,11.0
2025-03-24 06:00:00+00:00,Jakarta Central,25072,8.0
2025-03-24 07:00:00+00:00,Jakarta Central,25072,8.0
2025-03-24 08:00:00+00:00,Jakarta Central,25072,11.0
2025-03-24 09:00:00+00:00,Jakarta Central,25072,16.0
2025-03-24 10:00:00+00:00,Jakarta Central,25072,22.0
2025-03-24 11:00:00+00:00,Jakarta Central,25072,27.0
2025-03-24 12:00:00+00:00,Jakarta Central,25072,24.0
2025-03-24 13:00:00+00:00,Jakarta Central,25072,19.0
2025-03-24 14:00:00+00:00,Jakarta Central,25072,12.0
2025-03-24 15:00:00+00:00,Jakarta Central,25072,18.0
2025-03-24 16:00:00+00:00,Jakarta Central,25072,16.0
2025-03-24 17:00:00+00:00,Jakarta Central,25072,21.0
2025-03-24 18:00:00+00:00,Jakarta Central,25072,19.0
2025-03-24 19:00:00+00:00,Jakarta Central,25072,9.0
2025-03-24 20:00:00+00:00,Jakarta Central,25072,11.0
2025-03-24 21:00:00+00:00,Jakarta Central,25072,8.0
2025-03-24 22:00:00+00:00,Jakarta Central,25072,8.0
2025-03-24 23:00:00+00:00,Jakarta Central,25072,17.0
2025-03-25 00:00:00+00:00,Jakarta Central,25072,15.0
2025-03-25 01:00:00+00:00,Jakarta Central,25072,17.0
2025-03-25 02:00:00+00:00,Jakarta Central,25072,7.0
2025-03-25 03:00:00+00:00,Jakarta Central,25072,10.0
2025-03-25 04:00:00+00:00,Jakarta Central,25072,6.0
2025-03-25 05:00:00+00:00,Jakarta Central,25072,6.0
2025-03-25 06:00:00+00:00,Jakarta Central,25072,5.0
2025-03-25 07:00:00+00:00,Jakarta Central,25072,8.0
2025-03-25 08:00:00+00:00,Jakarta Central,25072,9.0
2025-03-25 09:00:00+00:00,Jakarta Central,25072,8.0
2025-03-25 10:00:00+00:00,Jakarta Central,25072,10.0
2025-03-25 11:00:00+00:00,Jakarta Central,25072,9.0
2025-03-25 12:00:00+00:00,Jakarta Central,25072,6.0
2025-03-25 13:00:00+00:00,Jakarta Central,25072,4.0
2025-03-25 14:00:00+00:00,Jakarta Central,25072,9.0
2025-03-25 15:00:00+00:00,Jakarta Central,25072,11.0
2025-03-25 16:00:00+00:00,Jakarta Central,25072,13.0
2025-03-25 17:00:00+00:00,Jakarta Central,25072,11.0
2025-03-25 18:00:00+00:00,Jakarta Central,25072,15.0
2025-03-25 19:00:00+00:00,Jakarta Central,25072,41.0
2025-03-25 20:00:00+00:00,Jakarta Central,25072,50.0
2025-03-25 21:00:00+00:00,Jakarta Central,25072,48.0
2025-03-25 22:00:00+00:00,Jakarta Central,25072,46.0
2025-03-25 23:00:00+00:00,Jakarta Central,25072,46.0
2025-03-26 00:00:00+00:00,Jakarta Central,25072,49.0
2025-03-26 01:00:00+00:00,Jakarta Central,25072,36.0
2025-03-26 02:00:00+00:00,Jakarta Central,25072,23.0
2025-03-26 03:00:00+00:00,Jakarta Central,25072,30.0
2025-03-26 04:00:00+00:00,Jakarta Central,25072,17.0
2025-03-26 05:00:00+00:00,Jakarta Central,25072,10.0
2025-03-26 06:00:00+00:00,Jakarta Central,25072,16.0
2025-03-26 07:00:00+00:00,Jakarta Central,25072,13.0
2025-03-26 08:00:00+00:00,Jakarta Central,25072,13.0
2025-03-26 09:00:00+00:00,Jakarta Central,25072,21.0
2025-03-26 10:00:00+00:00,Jakarta Central,25072,24.0
2025-03-26 11:00:00+00:00,Jakarta Central,25072,18.0
2025-03-26 12:00:00+00:00,Jakarta Central,25072,21.0
2025-03-26 13:00:00+00:00,Jakarta Central,25072,14.0
2025-03-26 14:00:00+00:00,Jakarta Central,25072,17.0
2025-03-26 15:00:00+00:00,Jakarta Central,25072,17.0
2025-03-26 16:00:00+00:00,Jakarta Central,25072,19.0
2025-03-26 17:00:00+00:00,Jakarta Central,25072,25.0
2025-03-26 18:00:00+00:00,Jakarta Central,25072,33.0
2025-03-26 19:00:00+00:00,Jakarta Central,25072,31.0
2025-03-26 20:00:00+00:00,Jakarta Central,25072,40.0
2025-03-26 21:00:00+00:00,Jakarta Central,25072,44.0
2025-03-26 22:00:00+00:00,Jakarta Central,25072,66.0
2025-03-26 23:00:00+00:00,Jakarta Central,25072,53.0
2025-03-27 00:00:00+00:00,Jakarta Central,25072,20.0
2025-03-27 01:00:00+00:00,Jakarta Central,25072,23.0
2025-03-27 02:00:00+00:00,Jakarta Central,25072,20.0
2025-03-27 03:00:00+00:00,Jakarta Central,25072,14.0
2025-03-27 04:00:00+00:00,Jakarta Central,25072,8.0
2025-03-27 05:00:00+00:00,Jakarta Central,25072,7.0
2025-03-27 06:00:00+00:00,Jakarta Central,25072,4.0
2025-03-27 07:00:00+00:00,Jakarta Central,25072,16.0
2025-03-27 08:00:00+00:00,Jakarta Central,25072,17.0
2025-03-27 09:00:00+00:00,Jakarta Central,25072,18.0
2025-03-27 10:00:00+00:00,Jakarta Central,25072,14.0
2025-03-27 11:00:00+00:00,Jakarta Central,25072,17.0
2025-03-27 12:00:00+00:00,Jakarta Central,25072,21.0
2025-03-27 13:00:00+00:00,Jakarta Central,25072,37.0
2025-03-27 14:00:00+00:00,Jakarta Central,25072,30.0
2025-03-27 15:00:00+00:00,Jakarta Central,25072,21.0
2025-03-27 16:00:00+00:00,Jakarta Central,25072,22.0
2025-03-27 17:00:00+00:00,Jakarta Central,25072,10.0
2025-03-27 18:00:00+00:00,Jakarta Central,25072,5.0
2025-03-27 19:00:00+00:00,Jakarta Central,25072,6.0
2025-03-27 20:00:00+00:00,Jakarta Central,25072,4.0
2025-03-27 21:00:00+00:00,Jakarta Central,25072,3.0
2025-03-27 22:00:00+00:00,Jakarta Central,25072,1.0
2025-03-27 23:00:00+00:00,Jakarta Central,25072,0.0
2025-03-28 00:00:00+00:00,Jakarta Central,25072,1.0
2025-03-28 01:00:00+00:00,Jakarta Central,25072,5.0
2025-03-28 02:00:00+00:00,Jakarta Central,25072,8.0
2025-03-28 03:00:00+00:00,Jakarta Central,25072,9.0
2025-03-28 04:00:00+00:00,Jakarta Central,25072,6.0
2025-03-28 05:00:00+00:00,Jakarta Central,25072,1.0
2025-03-28 06:00:00+00:00,Jakarta Central,25072,3.0
2025-03-28 07:00:00+00:00,Jakarta Central,25072,4.0
2025-03-28 08:00:00+00:00,Jakarta Central,25072,7.0
2025-03-28 09:00:00+00:00,Jakarta Central,25072,10.0
2025-03-28 10:00:00+00:00,Jakarta Central,25072,17.0
2025-03-28 11:00:00+00:00,Jakarta Central,25072,9.0
2025-03-28 12:00:00+00:00,Jakarta Central,25072,9.0
2025-03-28 13:00:00+00:00,Jakarta Central,25072,8.0
2025-03-28 14:00:00+00:00,Jakarta Central,25072,8.0
2025-03-28 15:00:00+00:00,Jakarta Central,25072,7.0
2025-03-28 16:00:00+00:00,Jakarta Central,25072,4.0
2025-03-28 17:00:00+00:00,Jakarta Central,25072,6.0
2025-03-28 18:00:00+00:00,Jakarta Central,25072,5.0
2025-03-28 19:00:00+00:00,Jakarta Central,25072,5.0
2025-03-28 20:00:00+00:00,Jakarta Central,25072,6.0
2025-03-28 21:00:00+00:00,Jakarta Central,25072,4.0
2025-03-28 22:00:00+00:00,Jakarta Central,25072,1.0
2025-03-28 23:00:00+00:00,Jakarta Central,25072,4.0
2025-03-29 00:00:00+00:00,Jakarta Central,25072,1.0
2025-03-29 01:00:00+00:00,Jakarta Central,25072,1.0
2025-03-29 02:00:00+00:00,Jakarta Central,25072,2.0
2025-03-29 03:00:00+00:00,Jakarta Central,25072,1.0
2025-03-29 04:00:00+00:00,Jakarta Central,25072,3.0
2025-03-29 05:00:00+00:00,Jakarta Central,25072,4.0
2025-03-29 06:00:00+00:00,Jakarta Central,25072,4.0
2025-03-29 07:00:00+00:00,Jakarta Central,25072,3.0
2025-03-29 08:00:00+00:00,Jakarta Central,25072,4.0
2025-03-29 09:00:00+00:00,Jakarta Central,25072,4.0
2025-03-29 10:00:00+00:00,Jakarta Central,25072,5.0
2025-03-29 11:00:00+00:00,Jakarta Central,25072,4.0
2025-03-29 12:00:00+00:00,Jakarta Central,25072,9.0
2025-03-29 13:00:00+00:00,Jakarta Central,25072,10.0
2025-03-29 14:00:00+00:00,Jakarta Central,25072,7.0
2025-03-29 15:00:00+00:00,Jakarta Central,25072,4.0
2025-03-29 16:00:00+00:00,Jakarta Central,25072,15.0
2025-03-29 17:00:00+00:00,Jakarta Central,25072,8.0
2025-03-29 18:00:00+00:00,Jakarta Central,25072,11.0
2025-03-29 19:00:00+00:00,Jakarta Central,25072,9.0
2025-03-29 20:00:00+00:00,Jakarta Central,25072,6.0
2025-03-29 21:00:00+00:00,Jakarta Central,25072,4.0
2025-03-29 22:00:00+00:00,Jakarta Central,25072,8.0
2025-03-29 23:00:00+00:00,Jakarta Central,25072,8.0
2025-03-30 00:00:00+00:00,Jakarta Central,25072,8.0
2025-03-30 01:00:00+00:00,Jakarta Central,25072,21.0
2025-03-30 02:00:00+00:00,Jakarta Central,25072,15.0
2025-03-30 03:00:00+00:00,Jakarta Central,25072,5.0
2025-03-30 04:00:00+00:00,Jakarta Central,25072,5.0
2025-03-30 05:00:00+00:00,Jakarta Central,25072,8.0
2025-03-30 06:00:00+00:00,Jakarta Central,25072,6.0
2025-03-30 07:00:00+00:00,Jakarta Central,25072,9.0
2025-03-30 08:00:00+00:00,Jakarta Central,25072,9.0
2025-03-30 09:00:00+00:00,Jakarta Central,25072,6.0
2025-03-30 10:00:00+00:00,Jakarta Central,25072,9.0
2025-03-30 11:00:00+00:00,Jakarta Central,25072,9.0
2025-03-30 12:00:00+00:00,Jakarta Central,25072,17.0
2025-03-30 13:00:00+00:00,Jakarta Central,25072,20.0
2025-03-30 14:00:00+00:00,Jakarta Central,25072,13.0
2025-03-30 15:00:00+00:00,Jakarta Central,25072,13.0
2025-03-30 16:00:00+00:00,Jakarta Central,25072,9.0
2025-03-30 17:00:00+00:00,Jakarta Central,25072,8.0
2025-03-30 18:00:00+00:00,Jakarta Central,25072,12.0
2025-03-30 19:00:00+00:00,Jakarta Central,25072,8.0
2025-03-30 20:00:00+00:00,Jakarta Central,25072,5.0
2025-03-30 21:00:00+00:00,Jakarta Central,25072,6.0
2025-03-30 22:00:00+00:00,Jakarta Central,25072,5.0
2025-03-30 23:00:00+00:00,Jakarta Central,25072,10.0
2025-03-31 00:00:00+00:00,Jakarta Central,25072,11.0
2025-03-31 01:00:00+00:00,Jakarta Central,25072,9.0
2025-03-31 02:00:00+00:00,Jakarta Central,25072,8.0
2025-03-31 03:00:00+00:00,Jakarta Central,25072,5.0
2025-03-31 04:00:00+00:00,Jakarta Central,25072,1.0
2025-03-31 05:00:00+00:00,Jakarta Central,25072,0.0
2025-03-31 06:00:00+00:00,Jakarta Central,25072,4.0
2025-03-31 07:00:00+00:00,Jakarta Central,25072,13.0
2025-03-31 08:00:00+00:00,Jakarta Central,25072,8.0
2025-03-31 09:00:00+00:00,Jakarta Central,25072,6.0
2025-03-31 10:00:00+00:00,Jakarta Central,25072,5.0
2025-03-31 11:00:00+00:00,Jakarta Central,25072,4.0
2025-03-31 12:00:00+00:00,Jakarta Central,25072,6.0
2025-03-31 13:00:00+00:00,Jakarta Central,25072,14.0
2025-03-31 14:00:00+00:00,Jakarta Central,25072,11.0
2025-03-31 15:00:00+00:00,Jakarta Central,25072,12.0
2025-03-31 16:00:00+00:00,Jakarta Central,25072,14.0
2025-03-31 17:00:00+00:00,Jakarta Central,25072,10.0
2025-03-31 18:00:00+00:00,Jakarta Central,25072,6.0
2025-03-31 19:00:00+00:00,Jakarta Central,25072,5.0
2025-03-31 20:00:00+00:00,Jakarta Central,25072,4.0
2025-03-31 21:00:00+00:00,Jakarta Central,25072,4.0
2025-03-31 22:00:00+00:00,Jakarta Central,25072,5.0
2025-03-31 23:00:00+00:00,Jakarta Central,25072,7.0
2025-04-01 00:00:00+00:00,Jakarta Central,25072,15.0
2025-04-01 01:00:00+00:00,Jakarta Central,25072,10.0
2025-04-01 02:00:00+00:00,Jakarta Central,25072,6.0
2025-04-01 03:00:00+00:00,Jakarta Central,25072,12.0
2025-04-01 04:00:00+00:00,Jakarta Central,25072,7.0
2025-04-01 05:00:00+00:00,Jakarta Central,25072,3.0
2025-04-01 06:00:00+00:00,Jakarta Central,25072,2.0
2025-04-01 07:00:00+00:00,Jakarta Central,25072,3.0
2025-04-01 08:00:00+00:00,Jakarta Central,25072,2.0
2025-04-01 09:00:00+00:00,Jakarta Central,25072,7.0
2025-04-01 10:00:00+00:00,Jakarta Central,25072,6.0
2025-04-01 11:00:00+00:00,Jakarta Central,25072,7.0
2025-04-01 12:00:00+00:00,Jakarta Central,25072,17.0
2025-04-01 13:00:00+00:00,Jakarta Central,25072,20.0
2025-04-01 14:00:00+00:00,Jakarta Central,25072,18.0
2025-04-01 15:00:00+00:00,Jakarta Central,25072,10.0
2025-04-01 16:00:00+00:00,Jakarta Central,25072,9.0
2025-04-01 17:00:00+00:00,Jakarta Central,25072,10.0
2025-04-01 18:00:00+00:00,Jakarta Central,25072,6.0
2025-04-01 19:00:00+00:00,Jakarta Central,25072,5.0
2025-04-01 20:00:00+00:00,Jakarta Central,25072,2.0
2025-04-01 21:00:00+00:00,Jakarta Central,25072,6.0
2025-04-01 22:00:00+00:00,Jakarta Central,25072,5.0
2025-04-01 23:00:00+00:00,Jakarta Central,25072,11.0
2025-04-02 00:00:00+00:00,Jakarta Central,25072,9.0
2025-04-02 01:00:00+00:00,Jakarta Central,25072,15.0
2025-04-02 02:00:00+00:00,Jakarta Central,25072,10.0
2025-04-02 03:00:00+00:00,Jakarta Central,25072,8.0
2025-04-02 04:00:00+00:00,Jakarta Central,25072,4.0
2025-04-02 05:00:00+00:00,Jakarta Central,25072,4.0
2025-04-02 06:00:00+00:00,Jakarta Central,25072,4.0
2025-04-02 07:00:00+00:00,Jakarta Central,25072,4.0
2025-04-02 08:00:00+00:00,Jakarta Central,25072,4.0
2025-04-02 09:00:00+00:00,Jakarta Central,25072,4.0
2025-04-02 10:00:00+00:00,Jakarta Central,25072,6.0
2025-04-02 11:00:00+00:00,Jakarta Central,25072,5.0
2025-04-02 12:00:00+00:00,Jakarta Central,25072,2.0
2025-04-02 13:00:00+00:00,Jakarta Central,25072,7.0
2025-04-02 14:00:00+00:00,Jakarta Central,25072,14.0
2025-04-02 15:00:00+00:00,Jakarta Central,25072,8.0
2025-04-02 16:00:00+00:00,Jakarta Central,25072,12.0
2025-04-02 17:00:00+00:00,Jakarta Central,25072,18.0
2025-04-02 18:00:00+00:00,Jakarta Central,25072,12.0
2025-04-02 19:00:00+00:00,Jakarta Central,25072,12.0
2025-04-02 20:00:00+00:00,Jakarta Central,25072,14.0
2025-04-02 21:00:00+00:00,Jakarta Central,25072,25.0
2025-04-02 22:00:00+00:00,Jakarta Central,25072,27.0
2025-04-02 23:00:00+00:00,Jakarta Central,25072,26.0
2025-04-03 00:00:00+00:00,Jakarta Central,25072,27.0
2025-04-03 01:00:00+00:00,Jakarta Central,25072,41.0
2025-04-03 02:00:00+00:00,Jakarta Central,25072,41.0
2025-04-03 03:00:00+00:00,Jakarta Central,25072,29.0
2025-04-03 04:00:00+00:00,Jakarta Central,25072,17.0
2025-04-03 05:00:00+00:00,Jakarta Central,25072,15.0
2025-04-03 06:00:00+00:00,Jakarta Central,25072,8.0
2025-04-03 07:00:00+00:00,Jakarta Central,25072,14.0
2025-04-03 08:00:00+00:00,Jakarta Central,25072,19.0
2025-04-03 09:00:00+00:00,Jakarta Central,25072,12.0
2025-04-03 10:00:00+00:00,Jakarta Central,25072,6.0
2025-04-03 11:00:00+00:00,Jakarta Central,25072,9.0
2025-04-03 12:00:00+00:00,Jakarta Central,25072,7.0
2025-04-03 13:00:00+00:00,Jakarta Central,25072,5.0
2025-04-03 14:00:00+00:00,Jakarta Central,25072,5.0
2025-04-03 15:00:00+00:00,Jakarta Central,25072,6.0
2025-04-03 16:00:00+00:00,Jakarta Central,25072,10.0
2025-04-03 17:00:00+00:00,Jakarta Central,25072,14.0
2025-04-03 18:00:00+00:00,Jakarta Central,25072,16.0
2025-04-03 19:00:00+00:00,Jakarta Central,25072,15.0
2025-04-03 20:00:00+00:00,Jakarta Central,25072,18.0
2025-04-03 21:00:00+00:00,Jakarta Central,25072,18.0
2025-04-03 22:00:00+00:00,Jakarta Central,25072,16.0
2025-04-03 23:00:00+00:00,Jakarta Central,25072,19.0
2025-04-04 00:00:00+00:00,Jakarta Central,25072,14.0
2025-04-04 01:00:00+00:00,Jakarta Central,25072,17.0
2025-04-04 02:00:00+00:00,Jakarta Central,25072,11.0
2025-04-04 03:00:00+00:00,Jakarta Central,25072,18.0
2025-04-04 04:00:00+00:00,Jakarta Central,25072,16.0
2025-04-04 05:00:00+00:00,Jakarta Central,25072,26.0
2025-04-04 06:00:00+00:00,Jakarta Central,25072,22.0
2025-04-04 07:00:00+00:00,Jakarta Central,25072,13.0
2025-04-04 08:00:00+00:00,Jakarta Central,25072,22.0
2025-04-04 09:00:00+00:00,Jakarta Central,25072,10.0
2025-04-04 10:00:00+00:00,Jakarta Central,25072,7.0
2025-04-04 11:00:00+00:00,Jakarta Central,25072,9.0
2025-04-04 12:00:00+00:00,Jakarta Central,25072,10.0
2025-04-04 13:00:00+00:00,Jakarta Central,25072,14.0
2025-04-04 14:00:00+00:00,Jakarta Central,25072,16.0
2025-04-04 15:00:00+00:00,Jakarta Central,25072,19.0
2025-04-04 16:00:00+00:00,Jakarta Central,25072,25.0
2025-04-04 17:00:00+00:00,Jakarta Central,25072,19.0
2025-04-04 18:00:00+00:00,Jakarta Central,25072,16.0
2025-04-04 19:00:00+00:00,Jakarta Central,25072,8.0
2025-04-04 20:00:00+00:00,Jakarta Central,25072,9.0
2025-04-04 21:00:00+00:00,Jakarta Central,25072,56.0
2025-04-04 22:00:00+00:00,Jakarta Central,25072,48.0
2025-04-04 23:00:00+00:00,Jakarta Central,25072,49.0
2025-04-05 00:00:00+00:00,Jakarta Central,25072,46.0
2025-04-05 01:00:00+00:00,Jakarta Central,25072,50.0
2025-04-05 02:00:00+00:00,Jakarta Central,25072,37.0
2025-04-05 03:00:00+00:00,Jakarta Central,25072,37.0
2025-04-05 04:00:00+00:00,Jakarta Central,25072,29.0
2025-04-05 05:00:00+00:00,Jakarta Central,25072,23.0
2025-04-05 06:00:00+00:00,Jakarta Central,25072,20.0
2025-04-05 07:00:00+00:00,Jakarta Central,25072,20.0
2025-04-05 08:00:00+00:00,Jakarta Central,25072,20.0
2025-04-05 09:00:00+00:00,Jakarta Central,25072,13.0
2025-04-05 10:00:00+00:00,Jakarta Central,25072,9.0
2025-04-05 11:00:00+00:00,Jakarta Central,25072,10.0
2025-04-05 12:00:00+00:00,Jakarta Central,25072,19.0
2025-04-05 13:00:00+00:00,Jakarta Central,25072,22.0
2025-04-05 14:00:00+00:00,Jakarta Central,25072,26.0
2025-04-05 15:00:00+00:00,Jakarta Central,25072,29.0
2025-04-05 16:00:00+00:00,Jakarta Central,25072,33.0
2025-04-05 17:00:00+00:00,Jakarta Central,25072,35.0
2025-04-05 18:00:00+00:00,Jakarta Central,25072,33.0
2025-04-05 19:00:00+00:00,Jakarta Central,25072,28.0
2025-04-05 20:00:00+00:00,Jakarta Central,25072,30.0
2025-04-05 21:00:00+00:00,Jakarta Central,25072,37.0
2025-04-05 22:00:00+00:00,Jakarta Central,25072,44.0
2025-04-05 23:00:00+00:00,Jakarta Central,25072,51.0
2025-04-06 00:00:00+00:00,Jakarta Central,25072,50.0
2025-04-06 01:00:00+00:00,Jakarta Central,25072,30.0
2025-04-06 02:00:00+00:00,Jakarta Central,25072,23.0
2025-04-06 03:00:00+00:00,Jakarta Central,25072,16.0
2025-04-06 04:00:00+00:00,Jakarta Central,25072,26.0
2025-04-06 05:00:00+00:00,Jakarta Central,25072,16.0
2025-04-06 06:00:00+00:00,Jakarta Central,25072,14.0
2025-04-06 07:00:00+00:00,Jakarta Central,25072,14.0
2025-04-06 08:00:00+00:00,Jakarta Central,25072,14.0
2025-04-06 09:00:00+00:00,Jakarta Central,25072,7.0
2025-04-06 10:00:00+00:00,Jakarta Central,25072,2.0
2025-04-06 11:00:00+00:00,Jakarta Central,25072,7.0
2025-04-06 12:00:00+00:00,Jakarta Central,25072,17.0
2025-04-06 13:00:00+00:00,Jakarta Central,25072,15.0
2025-04-06 14:00:00+00:00,Jakarta Central,25072,15.0
2025-04-06 15:00:00+00:00,Jakarta Central,25072,19.0
2025-04-06 16:00:00+00:00,Jakarta Central,25072,17.0
2025-04-06 17:00:00+00:00,Jakarta Central,25072,20.0
2025-04-06 18:00:00+00:00,Jakarta Central,25072,17.0
2025-04-06 19:00:00+00:00,Jakarta Central,25072,21.0
2025-04-06 20:00:00+00:00,Jakarta Central,25072,21.0
2025-04-06 21:00:00+00:00,Jakarta Central,25072,22.0
2025-04-06 22:00:00+00:00,Jakarta Central,25072,23.0
2025-04-06 23:00:00+00:00,Jakarta Central,25072,25.0
2025-04-07 00:00:00+00:00,Jakarta Central,25072,29.0
2025-04-07 01:00:00+00:00,Jakarta Central,25072,21.0
2025-04-07 02:00:00+00:00,Jakarta Central,25072,17.0
2025-04-07 03:00:00+00:00,Jakarta Central,25072,21.0
2025-04-07 04:00:00+00:00,Jakarta Central,25072,22.0
2025-04-07 05:00:00+00:00,Jakarta Central,25072,27.0
2025-04-07 06:00:00+00:00,Jakarta Central,25072,22.0
2025-04-07 07:00:00+00:00,Jakarta Central,25072,15.0
2025-04-07 08:00:00+00:00,Jakarta Central,25072,9.0
2025-04-07 09:00:00+00:00,Jakarta Central,25072,13.0
2025-04-07 10:00:00+00:00,Jakarta Central,25072,17.0
2025-04-07 11:00:00+00:00,Jakarta Central,25072,21.0
2025-04-07 12:00:00+00:00,Jakarta Central,25072,16.0
2025-04-07 13:00:00+00:00,Jakarta Central,25072,11.0
2025-04-07 14:00:00+00:00,Jakarta Central,25072,17.0
2025-04-07 15:00:00+00:00,Jakarta Central,25072,22.0
2025-04-07 16:00:00+00:00,Jakarta Central,25072,25.0
2025-04-07 17:00:00+00:00,Jakarta Central,25072,50.0
2025-04-07 18:00:00+00:00,Jakarta Central,25072,51.0
2025-04-07 19:00:00+00:00,Jakarta Central,25072,35.0
2025-04-07 20:00:00+00:00,Jakarta Central,25072,33.0
2025-04-07 21:00:00+00:00,Jakarta Central,25072,22.0
2025-04-07 22:00:00+00:00,Jakarta Central,25072,42.0
2025-04-07 23:00:00+00:00,Jakarta Central,25072,45.0
2025-04-08 00:00:00+00:00,Jakarta Central,25072,48.0
2025-04-08 01:00:00+00:00,Jakarta Central,25072,48.0
2025-04-08 02:00:00+00:00,Jakarta Central,25072,42.0
2025-04-08 03:00:00+00:00,Jakarta Central,25072,24.0
2025-04-08 04:00:00+00:00,Jakarta Central,25072,21.0
2025-04-08 05:00:00+00:00,Jakarta Central,25072,13.0
2025-04-08 06:00:00+00:00,Jakarta Central,25072,7.0
2025-04-08 07:00:00+00:00,Jakarta Central,25072,5.0
2025-04-08 08:00:00+00:00,Jakarta Central,25072,12.0
2025-04-08 09:00:00+00:00,Jakarta Central,25072,10.0
2025-04-08 10:00:00+00:00,Jakarta Central,25072,13.0
2025-04-08 11:00:00+00:00,Jakarta Central,25072,9.0
2025-04-08 12:00:00+00:00,Jakarta Central,25072,13.0
2025-04-08 13:00:00+00:00,Jakarta Central,25072,15.0
2025-04-08 14:00:00+00:00,Jakarta Central,25072,15.0
2025-04-08 15:00:00+00:00,Jakarta Central,25072,17.0
2025-04-08 16:00:00+00:00,Jakarta Central,25072,18.0
2025-04-08 17:00:00+00:00,Jakarta Central,25072,38.0
2025-04-08 18:00:00+00:00,Jakarta Central,25072,38.0
2025-04-08 19:00:00+00:00,Jakarta Central,25072,64.0
2025-04-08 20:00:00+00:00,Jakarta Central,25072,47.0
2025-04-08 21:00:00+00:00,Jakarta Central,25072,42.0
2025-04-08 22:00:00+00:00,Jakarta Central,25072,51.0
2025-04-08 23:00:00+00:00,Jakarta Central,25072,50.0
2025-04-09 00:00:00+00:00,Jakarta Central,25072,39.0
2025-04-09 01:00:00+00:00,Jakarta Central,25072,32.0
2025-04-09 02:00:00+00:00,Jakarta Central,25072,36.0
2025-04-09 03:00:00+00:00,Jakarta Central,25072,39.0
2025-04-09 04:00:00+00:00,Jakarta Central,25072,39.0
2025-04-09 05:00:00+00:00,Jakarta Central,25072,28.0
2025-04-09 06:00:00+00:00,Jakarta Central,25072,20.0
2025-04-09 07:00:00+00:00,Jakarta Central,25072,17.0
2025-04-09 08:00:00+00:00,Jakarta Central,25072,17.0
2025-04-09 09:00:00+00:00,Jakarta Central,25072,14.0
2025-04-09 10:00:00+00:00,Jakarta Central,25072,17.0
2025-04-09 11:00:00+00:00,Jakarta Central,25072,18.0
2025-04-09 12:00:00+00:00,Jakarta Central,25072,21.0
2025-04-09 13:00:00+00:00,Jakarta Central,25072,21.0
2026-09-01 05:00:00+00:00,Padang2 Uluwatu,16835170,12.8
2026-09-01 06:00:00+00:00,Padang2 Uluwatu,16835170,12.5
2026-09-01 07:00:00+00:00,Padang2 Uluwatu,16835170,11.2
2026-09-01 08:00:00+00:00,Padang2 Uluwatu,16835170,7.2
2026-09-01 09:00:00+00:00,Padang2 Uluwatu,16835170,8.9
2026-09-01 10:00:00+00:00,Padang2 Uluwatu,16835170,17.4
2026-09-01 11:00:00+00:00,Padang2 Uluwatu,16835170,12.0
2026-09-01 12:00:00+00:00,Padang2 Uluwatu,16835170,12.7
2026-09-01 13:00:00+00:00,Padang2 Uluwatu,16835170,17.7
2026-09-01 14:00:00+00:00,Padang2 Uluwatu,16835170,12.3
2026-09-01 15:00:00+00:00,Padang2 Uluwatu,16835170,7.9
2026-09-01 16:00:00+00:00,Padang2 Uluwatu,16835170,8.3
2026-09-01 17:00:00+00:00,Padang2 Uluwatu,16835170,9.5
2026-09-01 18:00:00+00:00,Padang2 Uluwatu,16835170,10.6
2026-09-01 19:00:00+00:00,Padang2 Uluwatu,16835170,10.5
2026-09-01 20:00:00+00:00,Padang2 Uluwatu,16835170,11.1
2026-09-01 21:00:00+00:00,Padang2 Uluwatu,16835170,12.7
2026-09-01 22:00:00+00:00,Padang2 Uluwatu,16835170,19.1
2026-09-01 23:00:00+00:00,Padang2 Uluwatu,16835170,20.8
2026-09-02 00:00:00+00:00,Padang2 Uluwatu,16835170,14.9
2026-09-02 01:00:00+00:00,Padang2 Uluwatu,16835170,11.3
2026-09-02 02:00:00+00:00,Padang2 Uluwatu,16835170,11.1
2026-09-02 03:00:00+00:00,Padang2 Uluwatu,16835170,10.3
2026-09-02 04:00:00+00:00,Padang2 Uluwatu,16835170,9.8
2026-09-02 05:00:00+00:00,Padang2 Uluwatu,16835170,11.6
2026-09-02 06:00:00+00:00,Padang2 Uluwatu,16835170,8.4
2026-09-02 07:00:00+00:00,Padang2 Uluwatu,16835170,6.2
2026-09-02 08:00:00+00:00,Padang2 Uluwatu,16835170,6.1
2026-09-02 09:00:00+00:00,Padang2 Uluwatu,16835170,7.8
2026-09-02 10:00:00+00:00,Padang2 Uluwatu,16835170,6.2
2026-09-02 11:00:00+00:00,Padang2 Uluwatu,16835170,14.2
2026-09-02 12:00:00+00:00,Padang2 Uluwatu,16835170,11.2
2026-09-02 13:00:00+00:00,Padang2 Uluwatu,16835170,7.2
2026-09-02 14:00:00+00:00,Padang2 Uluwatu,16835170,6.5
2026-09-02 15:00:00+00:00,Padang2 Uluwatu,16835170,5.7
2026-09-02 16:00:00+00:00,Padang2 Uluwatu,16835170,5.5
2026-09-02 17:00:00+00:00,Padang2 Uluwatu,16835170,5.5
2026-09-02 18:00:00+00:00,Padang2 Uluwatu,16835170,5.5
2026-09-02 19:00:00+00:00,Padang2 Uluwatu,16835170,6.7
2026-09-02 20:00:00+00:00,Padang2 Uluwatu,16835170,7.3
2026-09-02 21:00:00+00:00,Padang2 Uluwatu,16835170,7.6
2026-09-02 22:00:00+00:00,Padang2 Uluwatu,16835170,13.0
2026-09-02 23:00:00+00:00,Padang2 Uluwatu,16835170,14.0
2026-09-03 00:00:00+00:00,Padang2 Uluwatu,16835170,10.5
2026-09-03 01:00:00+00:00,Padang2 Uluwatu,16835170,16.0
2026-09-03 02:00:00+00:00,Padang2 Uluwatu,16835170,10.1
2026-09-03 03:00:00+00:00,Padang2 Uluwatu,16835170,9.9
2026-09-03 04:00:00+00:00,Padang2 Uluwatu,16835170,7.6
2026-09-03 05:00:00+00:00,Padang2 Uluwatu,16835170,6.6
2026-09-03 06:00:00+00:00,Padang2 Uluwatu,16835170,6.7
2026-09-03 07:00:00+00:00,Padang2 Uluwatu,16835170,6.5
2026-09-03 08:00:00+00:00,Padang2 Uluwatu,16835170,7.7
2026-09-03 09:00:00+00:00,Padang2 Uluwatu,16835170,9.4
2026-09-03 10:00:00+00:00,Padang2 Uluwatu,16835170,14.5
2026-09-03 11:00:00+00:00,Padang2 Uluwatu,16835170,18.3
2026-09-03 12:00:00+00:00,Padang2 Uluwatu,16835170,8.0
2026-09-03 13:00:00+00:00,Padang2 Uluwatu,16835170,9.2
2026-09-03 14:00:00+00:00,Padang2 Uluwatu,16835170,8.7
2026-09-03 15:00:00+00:00,Padang2 Uluwatu,16835170,6.7
2026-09-03 16:00:00+00:00,Padang2 Uluwatu,16835170,6.1
2026-09-03 17:00:00+00:00,Padang2 Uluwatu,16835170,5.4
2026-09-03 18:00:00+00:00,Padang2 Uluwatu,16835170,5.2
2026-09-03 19:00:00+00:00,Padang2 Uluwatu,16835170,5.0
2026-09-03 20:00:00+00:00,Padang2 Uluwatu,16835170,4.9
2026-09-03 21:00:00+00:00,Padang2 Uluwatu,16835170,6.5
2026-09-03 22:00:00+00:00,Padang2 Uluwatu,16835170,8.7
2026-09-03 23:00:00+00:00,Padang2 Uluwatu,16835170,11.0
2026-09-04 00:00:00+00:00,Padang2 Uluwatu,16835170,5.4
2026-09-04 01:00:00+00:00,Padang2 Uluwatu,16835170,6.3
2026-09-04 02:00:00+00:00,Padang2 Uluwatu,16835170,5.9
2026-09-04 03:00:00+00:00,Padang2 Uluwatu,16835170,7.0
2026-09-04 04:00:00+00:00,Padang2 Uluwatu,16835170,5.9
2026-09-04 05:00:00+00:00,Padang2 Uluwatu,16835170,5.3
2026-09-04 06:00:00+00:00,Padang2 Uluwatu,16835170,5.6
2026-09-04 07:00:00+00:00,Padang2 Uluwatu,16835170,8.5
2026-09-04 08:00:00+00:00,Padang2 Uluwatu,16835170,9.1
2026-09-04 09:00:00+00:00,Padang2 Uluwatu,16835170,9.3
2026-09-04 10:00:00+00:00,Padang2 Uluwatu,16835170,13.6
2026-09-04 11:00:00+00:00,Padang2 Uluwatu,16835170,19.5
2026-09-04 12:00:00+00:00,Padang2 Uluwatu,16835170,18.7
2026-09-04 13:00:00+00:00,Padang2 Uluwatu,16835170,25.4
2026-09-04 14:00:00+00:00,Padang2 Uluwatu,16835170,23.2
2026-09-04 15:00:00+00:00,Padang2 Uluwatu,16835170,20.6
2026-09-04 16:00:00+00:00,Padang2 Uluwatu,16835170,21.5
2026-09-04 17:00:00+00:00,Padang2 Uluwatu,16835170,10.7
2026-09-04 18:00:00+00:00,Padang2 Uluwatu,16835170,5.4
2026-09-04 19:00:00+00:00,Padang2 Uluwatu,16835170,3.6
2026-09-04 20:00:00+00:00,Padang2 Uluwatu,16835170,3.2
2026-09-04 21:00:00+00:00,Padang2 Uluwatu,16835170,3.6
2026-09-04 22:00:00+00:00,Padang2 Uluwatu,16835170,8.2
2026-09-04 23:00:00+00:00,Padang2 Uluwatu,16835170,20.8
2026-09-05 00:00:00+00:00,Padang2 Uluwatu,16835170,33.2
2026-09-05 01:00:00+00:00,Padang2 Uluwatu,16835170,9.9
2026-09-05 02:00:00+00:00,Padang2 Uluwatu,16835170,4.3
2026-09-05 03:00:00+00:00,Padang2 Uluwatu,16835170,3.9
2026-09-05 04:00:00+00:00,Padang2 Uluwatu,16835170,5.5
2026-09-05 05:00:00+00:00,Padang2 Uluwatu,16835170,4.0
2026-09-05 06:00:00+00:00,Padang2 Uluwatu,16835170,3.2
2026-09-05 07:00:00+00:00,Padang2 Uluwatu,16835170,3.2
2026-09-05 08:00:00+00:00,Padang2 Uluwatu,16835170,4.1
2026-09-05 09:00:00+00:00,Padang2 Uluwatu,16835170,5.2
2026-09-05 10:00:00+00:00,Padang2 Uluwatu,16835170,7.3
2026-09-05 11:00:00+00:00,Padang2 Uluwatu,16835170,7.3
2026-09-05 12:00:00+00:00,Padang2 Uluwatu,16835170,8.1
2026-09-05 13:00:00+00:00,Padang2 Uluwatu,16835170,20.3
2026-09-05 14:00:00+00:00,Padang2 Uluwatu,16835170,11.8
2026-09-05 15:00:00+00:00,Padang2 Uluwatu,16835170,5.7
2026-09-05 16:00:00+00:00,Padang2 Uluwatu,16835170,8.0
2026-09-05 17:00:00+00:00,Padang2 Uluwatu,16835170,15.6
2026-09-05 18:00:00+00:00,Padang2 Uluwatu,16835170,12.5
2026-09-05 19:00:00+00:00,Padang2 Uluwatu,16835170,6.9
2026-09-05 20:00:00+00:00,Padang2 Uluwatu,16835170,1.6
2026-09-05 21:00:00+00:00,Padang2 Uluwatu,16835170,1.1
2026-09-05 22:00:00+00:00,Padang2 Uluwatu,16835170,1.6
2026-09-05 23:00:00+00:00,Padang2 Uluwatu,16835170,15.9
2026-09-06 00:00:00+00:00,Padang2 Uluwatu,16835170,9.5
2026-09-06 01:00:00+00:00,Padang2 Uluwatu,16835170,3.8
2026-09-06 02:00:00+00:00,Padang2 Uluwatu,16835170,1.8
2026-09-06 03:00:00+00:00,Padang2 Uluwatu,16835170,1.0
2026-09-06 04:00:00+00:00,Padang2 Uluwatu,16835170,1.9
2026-09-06 05:00:00+00:00,Padang2 Uluwatu,16835170,1.7
2026-09-06 06:00:00+00:00,Padang2 Uluwatu,16835170,0.6
2026-09-06 07:00:00+00:00,Padang2 Uluwatu,16835170,1.4
2026-09-06 08:00:00+00:00,Padang2 Uluwatu,16835170,1.5
2026-09-06 09:00:00+00:00,Padang2 Uluwatu,16835170,2.0
2026-09-06 10:00:00+00:00,Padang2 Uluwatu,16835170,9.5
2026-09-06 11:00:00+00:00,Padang2 Uluwatu,16835170,8.8
2026-09-06 12:00:00+00:00,Padang2 Uluwatu,16835170,5.2
2026-09-06 13:00:00+00:00,Padang2 Uluwatu,16835170,4.3
2026-09-06 14:00:00+00:00,Padang2 Uluwatu,16835170,5.1
2026-09-06 15:00:00+00:00,Padang2 Uluwatu,16835170,5.5
2026-09-06 16:00:00+00:00,Padang2 Uluwatu,16835170,3.9
2026-09-06 17:00:00+00:00,Padang2 Uluwatu,16835170,2.7
2026-09-06 18:00:00+00:00,Padang2 Uluwatu,16835170,3.2
2026-09-06 19:00:00+00:00,Padang2 Uluwatu,16835170,3.4
2026-09-06 20:00:00+00:00,Padang2 Uluwatu,16835170,2.6
2026-09-06 21:00:00+00:00,Padang2 Uluwatu,16835170,2.3
2026-09-06 22:00:00+00:00,Padang2 Uluwatu,16835170,3.0
2026-09-06 23:00:00+00:00,Padang2 Uluwatu,16835170,3.8
2026-09-07 00:00:00+00:00,Padang2 Uluwatu,16835170,3.7
2026-09-07 01:00:00+00:00,Padang2 Uluwatu,16835170,3.7
2026-09-07 02:00:00+00:00,Padang2 Uluwatu,16835170,3.4
2026-09-07 03:00:00+00:00,Padang2 Uluwatu,16835170,5.3
2026-09-07 04:00:00+00:00,Padang2 Uluwatu,16835170,3.8
2026-09-07 05:00:00+00:00,Padang2 Uluwatu,16835170,3.1
2026-09-07 06:00:00+00:00,Padang2 Uluwatu,16835170,2.1
2026-09-07 07:00:00+00:00,Padang2 Uluwatu,16835170,2.2
2026-09-07 08:00:00+00:00,Padang2 Uluwatu,16835170,3.2
2026-09-07 09:00:00+00:00,Padang2 Uluwatu,16835170,2.6
2026-09-07 10:00:00+00:00,Padang2 Uluwatu,16835170,6.4
2026-09-07 11:00:00+00:00,Padang2 Uluwatu,16835170,5.6
2026-09-07 12:00:00+00:00,Padang2 Uluwatu,16835170,9.0
2026-09-07 13:00:00+00:00,Padang2 Uluwatu,16835170,5.6
2026-09-07 14:00:00+00:00,Padang2 Uluwatu,16835170,3.0
2026-09-07 15:00:00+00:00,Padang2 Uluwatu,16835170,2.3
2026-09-07 16:00:00+00:00,Padang2 Uluwatu,16835170,2.6
2026-09-07 17:00:00+00:00,Padang2 Uluwatu,16835170,2.2
2026-09-07 18:00:00+00:00,Padang2 Uluwatu,16835170,2.7
2026-09-07 19:00:00+00:00,Padang2 Uluwatu,16835170,4.3
2026-09-07 20:00:00+00:00,Padang2 Uluwatu,16835170,9.5
2026-09-07 21:00:00+00:00,Padang2 Uluwatu,16835170,5.1
2026-09-07 22:00:00+00:00,Padang2 Uluwatu,16835170,9.1
2026-09-07 23:00:00+00:00,Padang2 Uluwatu,16835170,21.6
2026-09-08 00:00:00+00:00,Padang2 Uluwatu,16835170,3.7
2026-09-08 01:00:00+00:00,Padang2 Uluwatu,16835170,11.8
2026-09-08 02:00:00+00:00,Padang2 Uluwatu,16835170,3.7
2026-09-08 03:00:00+00:00,Padang2 Uluwatu,16835170,3.0
2026-09-08 04:00:00+00:00,Padang2 Uluwatu,16835170,2.6
2026-09-08 05:00:00+00:00,Padang2 Uluwatu,16835170,3.3
2026-09-08 06:00:00+00:00,Padang2 Uluwatu,16835170,2.2
2026-09-08 07:00:00+00:00,Padang2 Uluwatu,16835170,1.8
2026-09-08 08:00:00+00:00,Padang2 Uluwatu,16835170,1.7
2026-09-08 09:00:00+00:00,Padang2 Uluwatu,16835170,3.3
2026-09-08 10:00:00+00:00,Padang2 Uluwatu,16835170,6.1
2026-09-08 11:00:00+00:00,Padang2 Uluwatu,16835170,5.4
2026-09-08 12:00:00+00:00,Padang2 Uluwatu,16835170,3.4
2026-09-08 13:00:00+00:00,Padang2 Uluwatu,16835170,3.2
2026-09-08 14:00:00+00:00,Padang2 Uluwatu,16835170,3.5
2026-09-08 15:00:00+00:00,Padang2 Uluwatu,16835170,3.9
2026-09-08 16:00:00+00:00,Padang2 Uluwatu,16835170,2.5
2026-09-08 17:00:00+00:00,Padang2 Uluwatu,16835170,2.9
2026-09-08 18:00:00+00:00,Padang2 Uluwatu,16835170,4.0
2026-09-08 19:00:00+00:00,Padang2 Uluwatu,16835170,3.3
2026-09-08 20:00:00+00:00,Padang2 Uluwatu,16835170,3.7
2026-09-08 21:00:00+00:00,Padang2 Uluwatu,16835170,3.2
2026-09-08 22:00:00+00:00,Padang2 Uluwatu,16835170,3.7
2026-09-08 23:00:00+00:00,Padang2 Uluwatu,16835170,4.8
2026-09-09 00:00:00+00:00,Padang2 Uluwatu,16835170,3.3
2026-09-09 01:00:00+00:00,Padang2 Uluwatu,16835170,6.3
2026-09-09 02:00:00+00:00,Padang2 Uluwatu,16835170,3.5
2026-09-09 03:00:00+00:00,Padang2 Uluwatu,16835170,3.7
2026-09-09 04:00:00+00:00,Padang2 Uluwatu,16835170,2.9
2026-09-09 05:00:00+00:00,Padang2 Uluwatu,16835170,2.4
2026-09-09 06:00:00+00:00,Padang2 Uluwatu,16835170,2.1
2026-09-09 07:00:00+00:00,Padang2 Uluwatu,16835170,2.7
2026-09-09 08:00:00+00:00,Padang2 Uluwatu,16835170,3.5
2026-09-09 09:00:00+00:00,Padang2 Uluwatu,16835170,5.1
2026-09-09 10:00:00+00:00,Padang2 Uluwatu,16835170,7.9
2026-09-09 11:00:00+00:00,Padang2 Uluwatu,16835170,6.6
2026-09-09 12:00:00+00:00,Padang2 Uluwatu,16835170,6.9
2026-09-09 13:00:00+00:00,Padang2 Uluwatu,16835170,4.2
2026-09-09 14:00:00+00:00,Padang2 Uluwatu,16835170,5.5
2026-09-09 15:00:00+00:00,Padang2 Uluwatu,16835170,5.5
2026-09-09 16:00:00+00:00,Padang2 Uluwatu,16835170,4.6
2026-09-09 17:00:00+00:00,Padang2 Uluwatu,16835170,4.7
2026-09-09 18:00:00+00:00,Padang2 Uluwatu,16835170,6.1
2026-09-09 19:00:00+00:00,Padang2 Uluwatu,16835170,6.3
2026-09-09 20:00:00+00:00,Padang2 Uluwatu,16835170,15.2
2026-09-09 21:00:00+00:00,Padang2 Uluwatu,16835170,17.8
2026-09-09 22:00:00+00:00,Padang2 Uluwatu,16835170,20.3
2026-09-09 23:00:00+00:00,Padang2 Uluwatu,16835170,21.6
2026-09-10 00:00:00+00:00,Padang2 Uluwatu,16835170,16.2
2026-09-10 01:00:00+00:00,Padang2 Uluwatu,16835170,9.0
2026-09-10 02:00:00+00:00,Padang2 Uluwatu,16835170,6.1
2026-09-10 03:00:00+00:00,Padang2 Uluwatu,16835170,5.2
2026-09-10 04:00:00+00:00,Padang2 Uluwatu,16835170,5.2
2026-09-10 05:00:00+00:00,Padang2 Uluwatu,16835170,6.0
2026-09-10 06:00:00+00:00,Padang2 Uluwatu,16835170,6.2
2026-09-10 07:00:00+00:00,Padang2 Uluwatu,16835170,5.8
2026-09-10 08:00:00+00:00,Padang2 Uluwatu,16835170,7.7
2026-09-10 09:00:00+00:00,Padang2 Uluwatu,16835170,15.3
2026-09-10 10:00:00+00:00,Padang2 Uluwatu,16835170,26.6
2026-09-10 11:00:00+00:00,Padang2 Uluwatu,16835170,23.1
2026-09-10 12:00:00+00:00,Padang2 Uluwatu,16835170,23.4
2026-09-10 13:00:00+00:00,Padang2 Uluwatu,16835170,19.7
2026-09-10 14:00:00+00:00,Padang2 Uluwatu,16835170,19.1
2026-09-10 15:00:00+00:00,Padang2 Uluwatu,16835170,18.3
2026-09-10 16:00:00+00:00,Padang2 Uluwatu,16835170,9.8
2026-09-10 17:00:00+00:00,Padang2 Uluwatu,16835170,7.6
2026-09-10 18:00:00+00:00,Padang2 Uluwatu,16835170,9.4
2026-09-10 19:00:00+00:00,Padang2 Uluwatu,16835170,10.2
2026-09-10 20:00:00+00:00,Padang2 Uluwatu,16835170,10.9
2026-09-10 21:00:00+00:00,Padang2 Uluwatu,16835170,11.2
2026-09-10 22:00:00+00:00,Padang2 Uluwatu,16835170,11.3
2026-09-10 23:00:00+00:00,Padang2 Uluwatu,16835170,18.5
2026-09-11 00:00:00+00:00,Padang2 Uluwatu,16835170,20.1
2026-09-11 01:00:00+00:00,Padang2 Uluwatu,16835170,21.8
2026-09-11 02:00:00+00:00,Padang2 Uluwatu,16835170,19.7
2026-09-11 03:00:00+00:00,Padang2 Uluwatu,16835170,20.2
2026-09-11 04:00:00+00:00,Padang2 Uluwatu,16835170,19.6
2026-09-11 05:00:00+00:00,Padang2 Uluwatu,16835170,18.0
2026-09-11 06:00:00+00:00,Padang2 Uluwatu,16835170,13.9
2026-09-11 07:00:00+00:00,Padang2 Uluwatu,16835170,12.8
2026-09-11 08:00:00+00:00,Padang2 Uluwatu,16835170,13.2
2026-09-11 09:00:00+00:00,Padang2 Uluwatu,16835170,14.6
2026-09-11 10:00:00+00:00,Padang2 Uluwatu,16835170,36.9
2026-09-11 11:00:00+00:00,Padang2 Uluwatu,16835170,29.6
2026-09-11 12:00:00+00:00,Padang2 Uluwatu,16835170,22.6
2026-09-11 13:00:00+00:00,Padang2 Uluwatu,16835170,20.4
2026-09-11 14:00:00+00:00,Padang2 Uluwatu,16835170,19.2
2026-09-11 15:00:00+00:00,Padang2 Uluwatu,16835170,12.4
2026-09-11 16:00:00+00:00,Padang2 Uluwatu,16835170,11.5
2026-09-11 17:00:00+00:00,Padang2 Uluwatu,16835170,13.3
2026-09-11 18:00:00+00:00,Padang2 Uluwatu,16835170,12.7
2026-09-11 19:00:00+00:00,Padang2 Uluwatu,16835170,9.7
2026-09-11 20:00:00+00:00,Padang2 Uluwatu,16835170,8.9
2026-09-11 21:00:00+00:00,Padang2 Uluwatu,16835170,8.7
2026-09-11 22:00:00+00:00,Padang2 Uluwatu,16835170,8.9
2026-09-11 23:00:00+00:00,Padang2 Uluwatu,16835170,11.2
2026-09-12 00:00:00+00:00,Padang2 Uluwatu,16835170,11.5
2026-09-12 01:00:00+00:00,Padang2 Uluwatu,16835170,13.5
2026-09-12 02:00:00+00:00,Padang2 Uluwatu,16835170,13.2
2026-09-12 03:00:00+00:00,Padang2 Uluwatu,16835170,12.9
2026-09-12 04:00:00+00:00,Padang2 Uluwatu,16835170,10.1
2026-09-12 05:00:00+00:00,Padang2 Uluwatu,16835170,10.2
2026-09-12 06:00:00+00:00,Padang2 Uluwatu,16835170,13.1
2026-09-12 07:00:00+00:00,Padang2 Uluwatu,16835170,13.0
2026-09-12 08:00:00+00:00,Padang2 Uluwatu,16835170,14.6
2026-09-12 09:00:00+00:00,Padang2 Uluwatu,16835170,19.4
2026-09-12 10:00:00+00:00,Padang2 Uluwatu,16835170,30.2
2026-09-12 11:00:00+00:00,Padang2 Uluwatu,16835170,32.8
2026-09-12 12:00:00+00:00,Padang2 Uluwatu,16835170,33.5
2026-09-12 13:00:00+00:00,Padang2 Uluwatu,16835170,26.2
2026-09-12 14:00:00+00:00,Padang2 Uluwatu,16835170,23.8
2026-09-12 15:00:00+00:00,Padang2 Uluwatu,16835170,23.7
2026-09-12 16:00:00+00:00,Padang2 Uluwatu,16835170,25.2
2026-09-12 17:00:00+00:00,Padang2 Uluwatu,16835170,23.4
2026-09-12 18:00:00+00:00,Padang2 Uluwatu,16835170,21.4
2026-09-12 19:00:00+00:00,Padang2 Uluwatu,16835170,19.9
2026-09-12 20:00:00+00:00,Padang2 Uluwatu,16835170,18.9
2026-09-12 21:00:00+00:00,Padang2 Uluwatu,16835170,16.9
2026-09-12 22:00:00+00:00,Padang2 Uluwatu,16835170,20.2
2026-09-12 23:00:00+00:00,Padang2 Uluwatu,16835170,19.3
2026-09-13 00:00:00+00:00,Padang2 Uluwatu,16835170,18.4
2026-09-13 01:00:00+00:00,Padang2 Uluwatu,16835170,18.2
2026-09-13 02:00:00+00:00,Padang2 Uluwatu,16835170,17.1
2026-09-13 03:00:00+00:00,Padang2 Uluwatu,16835170,20.7
2026-09-13 04:00:00+00:00,Padang2 Uluwatu,16835170,14.6
2026-09-13 05:00:00+00:00,Padang2 Uluwatu,16835170,12.0
2026-09-13 06:00:00+00:00,Padang2 Uluwatu,16835170,16.1
2026-09-13 07:00:00+00:00,Padang2 Uluwatu,16835170,17.8
2026-09-13 08:00:00+00:00,Padang2 Uluwatu,16835170,19.1
2026-09-13 09:00:00+00:00,Padang2 Uluwatu,16835170,21.5
2026-09-13 10:00:00+00:00,Padang2 Uluwatu,16835170,23.1
2026-09-13 11:00:00+00:00,Padang2 Uluwatu,16835170,18.6
2026-09-13 12:00:00+00:00,Padang2 Uluwatu,16835170,13.8
2026-09-13 13:00:00+00:00,Padang2 Uluwatu,16835170,12.8
2026-09-13 14:00:00+00:00,Padang2 Uluwatu,16835170,18.5
2026-09-13 15:00:00+00:00,Padang2 Uluwatu,16835170,11.3
2026-09-13 16:00:00+00:00,Padang2 Uluwatu,16835170,12.9
2026-09-13 17:00:00+00:00,Padang2 Uluwatu,16835170,6.5
2026-09-13 18:00:00+00:00,Padang2 Uluwatu,16835170,4.4
2026-09-13 19:00:00+00:00,Padang2 Uluwatu,16835170,4.4
2026-09-13 20:00:00+00:00,Padang2 Uluwatu,16835170,4.9
2026-09-13 21:00:00+00:00,Padang2 Uluwatu,16835170,4.9
2026-09-13 22:00:00+00:00,Padang2 Uluwatu,16835170,6.4
2026-09-13 23:00:00+00:00,Padang2 Uluwatu,16835170,6.5
2026-09-14 00:00:00+00:00,Padang2 Uluwatu,16835170,7.3
2026-09-14 01:00:00+00:00,Padang2 Uluwatu,16835170,6.1
2026-09-14 02:00:00+00:00,Padang2 Uluwatu,16835170,6.9
2026-09-14 03:00:00+00:00,Padang2 Uluwatu,16835170,5.0
2026-09-14 04:00:00+00:00,Padang2 Uluwatu,16835170,3.4
2026-09-14 05:00:00+00:00,Padang2 Uluwatu,16835170,3.0
2026-09-14 06:00:00+00:00,Padang2 Uluwatu,16835170,3.4
2026-09-14 07:00:00+00:00,Padang2 Uluwatu,16835170,4.2
2026-09-14 08:00:00+00:00,Padang2 Uluwatu,16835170,4.0
2026-09-14 09:00:00+00:00,Padang2 Uluwatu,16835170,5.1
2026-09-14 10:00:00+00:00,Padang2 Uluwatu,16835170,6.6
2026-09-14 11:00:00+00:00,Padang2 Uluwatu,16835170,6.8
2026-09-14 12:00:00+00:00,Padang2 Uluwatu,16835170,5.0
2026-09-14 13:00:00+00:00,Padang2 Uluwatu,16835170,4.5
2026-09-14 14:00:00+00:00,Padang2 Uluwatu,16835170,4.8
2026-09-14 15:00:00+00:00,Padang2 Uluwatu,16835170,4.4
2026-09-14 16:00:00+00:00,Padang2 Uluwatu,16835170,4.7
2026-09-14 17:00:00+00:00,Padang2 Uluwatu,16835170,4.9
2026-09-14 18:00:00+00:00,Padang2 Uluwatu,16835170,4.8
2026-09-14 19:00:00+00:00,Padang2 Uluwatu,16835170,5.2
2026-09-14 20:00:00+00:00,Padang2 Uluwatu,16835170,4.9
2026-09-14 21:00:00+00:00,Padang2 Uluwatu,16835170,5.3
2026-09-14 22:00:00+00:00,Padang2 Uluwatu,16835170,7.4
2026-09-14 23:00:00+00:00,Padang2 Uluwatu,16835170,6.7
2026-09-15 00:00:00+00:00,Padang2 Uluwatu,16835170,5.1
2026-09-15 01:00:00+00:00,Padang2 Uluwatu,16835170,4.2
2026-09-15 02:00:00+00:00,Padang2 Uluwatu,16835170,4.2
2026-09-15 03:00:00+00:00,Padang2 Uluwatu,16835170,3.1
2026-09-15 04:00:00+00:00,Padang2 Uluwatu,16835170,4.2
2026-09-15 05:00:00+00:00,Padang2 Uluwatu,16835170,2.8
2026-09-15 06:00:00+00:00,Padang2 Uluwatu,16835170,3.0
2026-09-15 07:00:00+00:00,Padang2 Uluwatu,16835170,3.5
2026-09-15 08:00:00+00:00,Padang2 Uluwatu,16835170,3.3
2026-09-15 09:00:00+00:00,Padang2 Uluwatu,16835170,3.7
2026-09-15 10:00:00+00:00,Padang2 Uluwatu,16835170,5.5
2026-09-15 11:00:00+00:00,Padang2 Uluwatu,16835170,6.3
2026-09-15 12:00:00+00:00,Padang2 Uluwatu,16835170,6.9
2026-09-15 13:00:00+00:00,Padang2 Uluwatu,16835170,10.6
2026-09-15 14:00:00+00:00,Padang2 Uluwatu,16835170,16.7
2026-09-15 15:00:00+00:00,Padang2 Uluwatu,16835170,7.9
2026-09-15 16:00:00+00:00,Padang2 Uluwatu,16835170,5.8
2026-09-15 17:00:00+00:00,Padang2 Uluwatu,16835170,5.7
2026-09-15 18:00:00+00:00,Padang2 Uluwatu,16835170,5.5
2026-09-15 19:00:00+00:00,Padang2 Uluwatu,16835170,5.0
2026-09-15 20:00:00+00:00,Padang2 Uluwatu,16835170,6.3
2026-09-15 21:00:00+00:00,Padang2 Uluwatu,16835170,7.9
2026-09-15 22:00:00+00:00,Padang2 Uluwatu,16835170,12.9
2026-09-15 23:00:00+00:00,Padang2 Uluwatu,16835170,32.0
2026-09-16 00:00:00+00:00,Padang2 Uluwatu,16835170,15.6
2026-09-16 01:00:00+00:00,Padang2 Uluwatu,16835170,5.3
2026-09-16 02:00:00+00:00,Padang2 Uluwatu,16835170,4.7
2026-09-16 03:00:00+00:00,Padang2 Uluwatu,16835170,4.8
2026-09-16 04:00:00+00:00,Padang2 Uluwatu,16835170,6.0
2026-09-16 05:00:00+00:00,Padang2 Uluwatu,16835170,5.2
2026-09-16 06:00:00+00:00,Padang2 Uluwatu,16835170,3.3
2026-09-16 07:00:00+00:00,Padang2 Uluwatu,16835170,2.3
2026-09-16 08:00:00+00:00,Padang2 Uluwatu,16835170,1.7
2026-09-16 09:00:00+00:00,Padang2 Uluwatu,16835170,5.9
2026-09-16 10:00:00+00:00,Padang2 Uluwatu,16835170,6.3
2026-09-16 11:00:00+00:00,Padang2 Uluwatu,16835170,6.7
2026-09-16 12:00:00+00:00,Padang2 Uluwatu,16835170,4.6
2026-09-16 13:00:00+00:00,Padang2 Uluwatu,16835170,4.3
2026-09-16 14:00:00+00:00,Padang2 Uluwatu,16835170,4.9
2026-09-16 15:00:00+00:00,Padang2 Uluwatu,16835170,4.0
2026-09-16 16:00:00+00:00,Padang2 Uluwatu,16835170,3.7
2026-09-16 17:00:00+00:00,Padang2 Uluwatu,16835170,3.6
2026-09-16 18:00:00+00:00,Padang2 Uluwatu,16835170,3.4
2026-09-16 19:00:00+00:00,Padang2 Uluwatu,16835170,2.5
2026-09-16 20:00:00+00:00,Padang2 Uluwatu,16835170,2.6
2026-09-16 21:00:00+00:00,Padang2 Uluwatu,16835170,3.4
2026-09-16 22:00:00+00:00,Padang2 Uluwatu,16835170,5.4
2026-09-16 23:00:00+00:00,Padang2 Uluwatu,16835170,5.8
2026-09-17 00:00:00+00:00,Padang2 Uluwatu,16835170,5.2
2026-09-17 01:00:00+00:00,Padang2 Uluwatu,16835170,5.6
2026-09-17 02:00:00+00:00,Padang2 Uluwatu,16835170,5.2
2026-09-17 03:00:00+00:00,Padang2 Uluwatu,16835170,6.3
2026-09-17 04:00:00+00:00,Padang2 Uluwatu,16835170,6.2
2026-09-17 05:00:00+00:00,Padang2 Uluwatu,16835170,6.8
2026-09-17 06:00:00+00:00,Padang2 Uluwatu,16835170,4.3
2026-09-17 07:00:00+00:00,Padang2 Uluwatu,16835170,5.0
2026-09-17 08:00:00+00:00,Padang2 Uluwatu,16835170,4.2
2026-09-17 09:00:00+00:00,Padang2 Uluwatu,16835170,5.6
2026-09-17 10:00:00+00:00,Padang2 Uluwatu,16835170,14.5
2026-09-17 11:00:00+00:00,Padang2 Uluwatu,16835170,16.2
2026-09-17 12:00:00+00:00,Padang2 Uluwatu,16835170,10.8
2026-09-17 13:00:00+00:00,Padang2 Uluwatu,16835170,7.3
2026-09-17 14:00:00+00:00,Padang2 Uluwatu,16835170,12.9
2026-09-17 15:00:00+00:00,Padang2 Uluwatu,16835170,18.6
2026-09-17 16:00:00+00:00,Padang2 Uluwatu,16835170,9.0
2026-09-17 17:00:00+00:00,Padang2 Uluwatu,16835170,3.4
2026-09-17 18:00:00+00:00,Padang2 Uluwatu,16835170,2.8
2026-09-17 19:00:00+00:00,Padang2 Uluwatu,16835170,3.3
2026-09-17 20:00:00+00:00,Padang2 Uluwatu,16835170,3.8
2026-09-17 21:00:00+00:00,Padang2 Uluwatu,16835170,3.8
2026-09-17 22:00:00+00:00,Padang2 Uluwatu,16835170,4.7
2026-09-17 23:00:00+00:00,Padang2 Uluwatu,16835170,7.5
2026-09-18 00:00:00+00:00,Padang2 Uluwatu,16835170,39.7
2026-09-18 01:00:00+00:00,Padang2 Uluwatu,16835170,39.3
2026-09-18 02:00:00+00:00,Padang2 Uluwatu,16835170,29.0
2026-09-18 03:00:00+00:00,Padang2 Uluwatu,16835170,20.4
2026-09-18 04:00:00+00:00,Padang2 Uluwatu,16835170,10.6
2026-09-18 05:00:00+00:00,Padang2 Uluwatu,16835170,6.5
2026-09-18 06:00:00+00:00,Padang2 Uluwatu,16835170,5.6
2026-09-18 07:00:00+00:00,Padang2 Uluwatu,16835170,6.3
2026-09-18 08:00:00+00:00,Padang2 Uluwatu,16835170,7.7
2026-09-18 09:00:00+00:00,Padang2 Uluwatu,16835170,14.3
2026-09-18 10:00:00+00:00,Padang2 Uluwatu,16835170,23.6
2026-09-18 11:00:00+00:00,Padang2 Uluwatu,16835170,26.3
2026-09-18 12:00:00+00:00,Padang2 Uluwatu,16835170,22.1
2026-09-18 13:00:00+00:00,Padang2 Uluwatu,16835170,16.8
2026-09-18 14:00:00+00:00,Padang2 Uluwatu,16835170,17.5
2026-09-18 15:00:00+00:00,Padang2 Uluwatu,16835170,11.4
2026-09-18 16:00:00+00:00,Padang2 Uluwatu,16835170,8.3
2026-09-18 17:00:00+00:00,Padang2 Uluwatu,16835170,9.0
2026-09-18 18:00:00+00:00,Padang2 Uluwatu,16835170,8.2
2026-09-18 19:00:00+00:00,Padang2 Uluwatu,16835170,10.1
2026-09-18 20:00:00+00:00,Padang2 Uluwatu,16835170,8.4
2026-09-18 21:00:00+00:00,Padang2 Uluwatu,16835170,9.5
2026-09-18 22:00:00+00:00,Padang2 Uluwatu,16835170,13.6
2026-09-18 23:00:00+00:00,Padang2 Uluwatu,16835170,14.4
2026-09-19 00:00:00+00:00,Padang2 Uluwatu,16835170,6.8
2026-09-19 01:00:00+00:00,Padang2 Uluwatu,16835170,6.9
2026-09-19 02:00:00+00:00,Padang2 Uluwatu,16835170,6.3
2026-09-19 03:00:00+00:00,Padang2 Uluwatu,16835170,5.7
2026-09-19 04:00:00+00:00,Padang2 Uluwatu,16835170,6.2
2026-09-19 05:00:00+00:00,Padang2 Uluwatu,16835170,7.6
2026-09-19 06:00:00+00:00,Padang2 Uluwatu,16835170,11.7
2026-09-19 07:00:00+00:00,Padang2 Uluwatu,16835170,12.1
2026-09-19 08:00:00+00:00,Padang2 Uluwatu,16835170,13.9
2026-09-19 09:00:00+00:00,Padang2 Uluwatu,16835170,11.1
2026-09-19 10:00:00+00:00,Padang2 Uluwatu,16835170,25.8
2026-09-19 11:00:00+00:00,Padang2 Uluwatu,16835170,15.8
2026-09-19 12:00:00+00:00,Padang2 Uluwatu,16835170,10.4
2026-09-19 13:00:00+00:00,Padang2 Uluwatu,16835170,9.0
2026-09-19 14:00:00+00:00,Padang2 Uluwatu,16835170,7.5
2026-09-19 15:00:00+00:00,Padang2 Uluwatu,16835170,6.1
2026-09-19 16:00:00+00:00,Padang2 Uluwatu,16835170,5.2
2026-09-19 17:00:00+00:00,Padang2 Uluwatu,16835170,5.6
2026-09-19 18:00:00+00:00,Padang2 Uluwatu,16835170,5.6
2026-09-19 19:00:00+00:00,Padang2 Uluwatu,16835170,6.8
2026-09-19 20:00:00+00:00,Padang2 Uluwatu,16835170,16.0
2026-09-19 21:00:00+00:00,Padang2 Uluwatu,16835170,20.2
2026-09-19 22:00:00+00:00,Padang2 Uluwatu,16835170,22.1
2026-09-19 23:00:00+00:00,Padang2 Uluwatu,16835170,15.9
2026-09-20 00:00:00+00:00,Padang2 Uluwatu,16835170,14.3
2026-09-20 01:00:00+00:00,Padang2 Uluwatu,16835170,18.4
2026-09-20 02:00:00+00:00,Padang2 Uluwatu,16835170,16.3
2026-09-20 03:00:00+00:00,Padang2 Uluwatu,16835170,16.3
2026-09-20 04:00:00+00:00,Padang2 Uluwatu,16835170,14.0
2026-09-20 05:00:00+00:00,Padang2 Uluwatu,16835170,12.9
2026-09-20 06:00:00+00:00,Padang2 Uluwatu,16835170,11.8
2026-09-20 07:00:00+00:00,Padang2 Uluwatu,16835170,13.8
2026-09-20 08:00:00+00:00,Padang2 Uluwatu,16835170,10.0
2026-09-20 09:00:00+00:00,Padang2 Uluwatu,16835170,17.5
2026-09-20 10:00:00+00:00,Padang2 Uluwatu,16835170,22.6
2026-09-20 11:00:00+00:00,Padang2 Uluwatu,16835170,29.0
2026-09-20 12:00:00+00:00,Padang2 Uluwatu,16835170,19.9
2026-09-20 13:00:00+00:00,Padang2 Uluwatu,16835170,10.2
2026-09-20 14:00:00+00:00,Padang2 Uluwatu,16835170,13.7
2026-09-20 15:00:00+00:00,Padang2 Uluwatu,16835170,11.1
2026-09-20 16:00:00+00:00,Padang2 Uluwatu,16835170,7.2
2026-09-20 17:00:00+00:00,Padang2 Uluwatu,16835170,7.3
2026-09-20 18:00:00+00:00,Padang2 Uluwatu,16835170,9.3
2026-09-20 19:00:00+00:00,Padang2 Uluwatu,16835170,12.2
2026-09-20 20:00:00+00:00,Padang2 Uluwatu,16835170,13.0
2026-09-20 21:00:00+00:00,Padang2 Uluwatu,16835170,9.3
2026-09-20 22:00:00+00:00,Padang2 Uluwatu,16835170,13.5
2026-09-20 23:00:00+00:00,Padang2 Uluwatu,16835170,14.5
2026-09-21 00:00:00+00:00,Padang2 Uluwatu,16835170,12.0
2026-09-21 01:00:00+00:00,Padang2 Uluwatu,16835170,11.9
2026-09-21 02:00:00+00:00,Padang2 Uluwatu,16835170,10.8
2026-09-21 03:00:00+00:00,Padang2 Uluwatu,16835170,9.0
2026-09-21 04:00:00+00:00,Padang2 Uluwatu,16835170,9.3
2026-09-21 05:00:00+00:00,Padang2 Uluwatu,16835170,13.9
2026-09-21 06:00:00+00:00,Padang2 Uluwatu,16835170,18.2
2026-09-21 07:00:00+00:00,Padang2 Uluwatu,16835170,21.6
2026-09-21 08:00:00+00:00,Padang2 Uluwatu,16835170,20.9
2026-09-21 09:00:00+00:00,Padang2 Uluwatu,16835170,24.6
2026-09-21 10:00:00+00:00,Padang2 Uluwatu,16835170,26.5
2026-09-21 11:00:00+00:00,Padang2 Uluwatu,16835170,28.6
2026-09-21 12:00:00+00:00,Padang2 Uluwatu,16835170,28.0
2026-09-21 13:00:00+00:00,Padang2 Uluwatu,16835170,30.0
2026-09-21 14:00:00+00:00,Padang2 Uluwatu,16835170,26.2
2026-09-21 15:00:00+00:00,Padang2 Uluwatu,16835170,24.4
2026-09-21 16:00:00+00:00,Padang2 Uluwatu,16835170,21.2
2026-09-21 17:00:00+00:00,Padang2 Uluwatu,16835170,19.3
2026-09-21 18:00:00+00:00,Padang2 Uluwatu,16835170,16.8
2026-09-21 19:00:00+00:00,Padang2 Uluwatu,16835170,17.6
2026-09-21 20:00:00+00:00,Padang2 Uluwatu,16835170,17.2
2026-09-21 21:00:00+00:00,Padang2 Uluwatu,16835170,15.6
2026-09-21 22:00:00+00:00,Padang2 Uluwatu,16835170,17.5
2026-09-21 23:00:00+00:00,Padang2 Uluwatu,16835170,22.0
2026-09-22 00:00:00+00:00,Padang2 Uluwatu,16835170,22.5
2026-09-22 01:00:00+00:00,Padang2 Uluwatu,16835170,27.6
2026-09-22 02:00:00+00:00,Padang2 Uluwatu,16835170,29.9
2026-09-22 03:00:00+00:00,Padang2 Uluwatu,16835170,23.7
2026-09-22 04:00:00+00:00,Padang2 Uluwatu,16835170,22.6
2026-09-22 05:00:00+00:00,Padang2 Uluwatu,16835170,23.5
2026-09-22 06:00:00+00:00,Padang2 Uluwatu,16835170,26.8
2026-09-22 07:00:00+00:00,Padang2 Uluwatu,16835170,23.8
2026-09-22 08:00:00+00:00,Padang2 Uluwatu,16835170,25.9
2026-09-22 09:00:00+00:00,Padang2 Uluwatu,16835170,26.5
2026-09-22 10:00:00+00:00,Padang2 Uluwatu,16835170,31.2
2026-09-22 11:00:00+00:00,Padang2 Uluwatu,16835170,27.9
2026-09-22 12:00:00+00:00,Padang2 Uluwatu,16835170,25.8
2026-09-22 13:00:00+00:00,Padang2 Uluwatu,16835170,32.2
2026-09-22 14:00:00+00:00,Padang2 Uluwatu,16835170,28.5
2026-09-22 15:00:00+00:00,Padang2 Uluwatu,16835170,24.1
2026-09-22 16:00:00+00:00,Padang2 Uluwatu,16835170,22.0
2026-09-22 17:00:00+00:00,Padang2 Uluwatu,16835170,17.0
2026-09-22 18:00:00+00:00,Padang2 Uluwatu,16835170,13.8
2026-09-22 19:00:00+00:00,Padang2 Uluwatu,16835170,11.3
2026-09-22 20:00:00+00:00,Padang2 Uluwatu,16835170,9.2
2026-09-22 21:00:00+00:00,Padang2 Uluwatu,16835170,11.7
2026-09-22 22:00:00+00:00,Padang2 Uluwatu,16835170,17.0
2026-09-22 23:00:00+00:00,Padang2 Uluwatu,16835170,19.2
2026-09-23 00:00:00+00:00,Padang2 Uluwatu,16835170,20.3
2026-09-23 01:00:00+00:00,Padang2 Uluwatu,16835170,18.8
2026-09-23 02:00:00+00:00,Padang2 Uluwatu,16835170,23.4
2026-09-23 03:00:00+00:00,Padang2 Uluwatu,16835170,17.7
2026-09-23 04:00:00+00:00,Padang2 Uluwatu,16835170,13.6
2026-09-23 05:00:00+00:00,Padang2 Uluwatu,16835170,13.9
2026-09-23 06:00:00+00:00,Padang2 Uluwatu,16835170,15.6
2026-09-23 07:00:00+00:00,Padang2 Uluwatu,16835170,20.0
2026-09-23 08:00:00+00:00,Padang2 Uluwatu,16835170,21.7
2026-09-23 09:00:00+00:00,Padang2 Uluwatu,16835170,25.3
2026-09-23 10:00:00+00:00,Padang2 Uluwatu,16835170,26.7
2026-09-23 11:00:00+00:00,Padang2 Uluwatu,16835170,30.1
2026-09-23 12:00:00+00:00,Padang2 Uluwatu,16835170,26.8
2026-09-23 13:00:00+00:00,Padang2 Uluwatu,16835170,25.1
2026-09-23 14:00:00+00:00,Padang2 Uluwatu,16835170,24.4
2026-09-23 15:00:00+00:00,Padang2 Uluwatu,16835170,24.2
2026-09-23 16:00:00+00:00,Padang2 Uluwatu,16835170,24.2
2026-09-23 17:00:00+00:00,Padang2 Uluwatu,16835170,19.8
2026-09-23 18:00:00+00:00,Padang2 Uluwatu,16835170,16.1
2026-09-23 19:00:00+00:00,Padang2 Uluwatu,16835170,19.0
2026-09-23 20:00:00+00:00,Padang2 Uluwatu,16835170,18.5
2026-09-23 21:00:00+00:00,Padang2 Uluwatu,16835170,20.1
2026-09-23 22:00:00+00:00,Padang2 Uluwatu,16835170,20.6
2026-09-23 23:00:00+00:00,Padang2 Uluwatu,16835170,21.1
2026-09-24 00:00:00+00:00,Padang2 Uluwatu,16835170,22.7
2026-09-24 01:00:00+00:00,Padang2 Uluwatu,16835170,24.5
2026-09-24 02:00:00+00:00,Padang2 Uluwatu,16835170,25.5
2026-09-24 03:00:00+00:00,Padang2 Uluwatu,16835170,26.6
2026-09-24 04:00:00+00:00,Padang2 Uluwatu,16835170,23.6
2026-09-24 05:00:00+00:00,Padang2 Uluwatu,16835170,23.7
2026-09-24 06:00:00+00:00,Padang2 Uluwatu,16835170,23.6
2026-09-24 07:00:00+00:00,Padang2 Uluwatu,16835170,24.5
2026-09-24 08:00:00+00:00,Padang2 Uluwatu,16835170,27.5
2026-09-24 09:00:00+00:00,Padang2 Uluwatu,16835170,28.4
2026-09-24 10:00:00+00:00,Padang2 Uluwatu,16835170,32.2
2026-09-24 11:00:00+00:00,Padang2 Uluwatu,16835170,28.7
2026-09-24 12:00:00+00:00,Padang2 Uluwatu,16835170,27.6
2026-09-24 13:00:00+00:00,Padang2 Uluwatu,16835170,25.6
2026-09-24 14:00:00+00:00,Padang2 Uluwatu,16835170,23.0
2026-09-24 15:00:00+00:00,Padang2 Uluwatu,16835170,19.0
2026-09-24 16:00:00+00:00,Padang2 Uluwatu,16835170,18.1
2026-09-24 17:00:00+00:00,Padang2 Uluwatu,16835170,17.8
2026-09-24 18:00:00+00:00,Padang2 Uluwatu,16835170,16.8
2026-09-24 19:00:00+00:00,Padang2 Uluwatu,16835170,17.0
2026-09-24 20:00:00+00:00,Padang2 Uluwatu,16835170,19.1
2026-09-24 21:00:00+00:00,Padang2 Uluwatu,16835170,19.6
2026-09-24 22:00:00+00:00,Padang2 Uluwatu,16835170,23.1
2026-09-24 23:00:00+00:00,Padang2 Uluwatu,16835170,26.4
2026-09-25 00:00:00+00:00,Padang2 Uluwatu,16835170,26.7
2026-09-25 01:00:00+00:00,Padang2 Uluwatu,16835170,29.0
2026-09-25 02:00:00+00:00,Padang2 Uluwatu,16835170,27.4
2026-09-25 03:00:00+00:00,Padang2 Uluwatu,16835170,37.8
2026-09-25 04:00:00+00:00,Padang2 Uluwatu,16835170,30.5
2026-09-25 05:00:00+00:00,Padang2 Uluwatu,16835170,25.0
2026-09-25 06:00:00+00:00,Padang2 Uluwatu,16835170,24.9
2026-09-25 07:00:00+00:00,Padang2 Uluwatu,16835170,24.9
2026-09-25 08:00:00+00:00,Padang2 Uluwatu,16835170,22.5
2026-09-25 09:00:00+00:00,Padang2 Uluwatu,16835170,23.4
2026-09-25 10:00:00+00:00,Padang2 Uluwatu,16835170,31.1
2026-09-25 11:00:00+00:00,Padang2 Uluwatu,16835170,32.2
2026-09-25 12:00:00+00:00,Padang2 Uluwatu,16835170,29.3
2026-09-25 13:00:00+00:00,Padang2 Uluwatu,16835170,30.8
2026-09-25 14:00:00+00:00,Padang2 Uluwatu,16835170,25.4
2026-09-25 15:00:00+00:00,Padang2 Uluwatu,16835170,21.3
2026-09-25 16:00:00+00:00,Padang2 Uluwatu,16835170,20.5
2026-09-25 17:00:00+00:00,Padang2 Uluwatu,16835170,21.0
2026-09-25 18:00:00+00:00,Padang2 Uluwatu,16835170,24.2
2026-09-25 19:00:00+00:00,Padang2 Uluwatu,16835170,26.2
2026-09-25 20:00:00+00:00,Padang2 Uluwatu,16835170,28.3
2026-09-25 21:00:00+00:00,Padang2 Uluwatu,16835170,28.9
2026-09-25 22:00:00+00:00,Padang2 Uluwatu,16835170,30.2
2026-09-25 23:00:00+00:00,Padang2 Uluwatu,16835170,33.8
2026-09-26 00:00:00+00:00,Padang2 Uluwatu,16835170,39.0
2026-09-26 01:00:00+00:00,Padang2 Uluwatu,16835170,51.1
2026-09-26 02:00:00+00:00,Padang2 Uluwatu,16835170,39.9
2026-09-26 03:00:00+00:00,Padang2 Uluwatu,16835170,32.3
2026-09-26 04:00:00+00:00,Padang2 Uluwatu,16835170,30.5
2026-09-26 05:00:00+00:00,Padang2 Uluwatu,16835170,23.9
2026-09-26 06:00:00+00:00,Padang2 Uluwatu,16835170,23.3
2026-09-26 07:00:00+00:00,Padang2 Uluwatu,16835170,24.2
2026-09-26 08:00:00+00:00,Padang2 Uluwatu,16835170,25.1
2026-09-26 09:00:00+00:00,Padang2 Uluwatu,16835170,26.4
2026-09-26 10:00:00+00:00,Padang2 Uluwatu,16835170,28.7
2026-09-26 11:00:00+00:00,Padang2 Uluwatu,16835170,29.3
2026-09-26 12:00:00+00:00,Padang2 Uluwatu,16835170,29.7
2026-09-26 13:00:00+00:00,Padang2 Uluwatu,16835170,31.4
2026-09-26 14:00:00+00:00,Padang2 Uluwatu,16835170,30.4
2026-09-26 15:00:00+00:00,Padang2 Uluwatu,16835170,29.9
2026-09-26 16:00:00+00:00,Padang2 Uluwatu,16835170,34.0
2026-09-26 17:00:00+00:00,Padang2 Uluwatu,16835170,33.2
2026-09-26 18:00:00+00:00,Padang2 Uluwatu,16835170,32.2
2026-09-26 19:00:00+00:00,Padang2 Uluwatu,16835170,31.8
2026-09-26 20:00:00+00:00,Padang2 Uluwatu,16835170,31.4
2026-09-26 21:00:00+00:00,Padang2 Uluwatu,16835170,32.7
2026-09-26 22:00:00+00:00,Padang2 Uluwatu,16835170,41.7
2026-09-26 23:00:00+00:00,Padang2 Uluwatu,16835170,47.4
2026-09-27 00:00:00+00:00,Padang2 Uluwatu,16835170,48.5
2026-09-27 01:00:00+00:00,Padang2 Uluwatu,16835170,52.7
2026-09-27 02:00:00+00:00,Padang2 Uluwatu,16835170,46.3
2026-09-27 03:00:00+00:00,Padang2 Uluwatu,16835170,41.3
2026-09-27 04:00:00+00:00,Padang2 Uluwatu,16835170,32.7
2026-09-27 05:00:00+00:00,Padang2 Uluwatu,16835170,24.9
2026-09-27 06:00:00+00:00,Padang2 Uluwatu,16835170,24.0
2026-09-27 07:00:00+00:00,Padang2 Uluwatu,16835170,25.0
2026-09-27 08:00:00+00:00,Padang2 Uluwatu,16835170,27.6
2026-09-27 09:00:00+00:00,Padang2 Uluwatu,16835170,31.5
2026-09-27 10:00:00+00:00,Padang2 Uluwatu,16835170,35.1
2026-09-27 11:00:00+00:00,Padang2 Uluwatu,16835170,34.2
2026-09-27 12:00:00+00:00,Padang2 Uluwatu,16835170,31.1
2026-09-27 13:00:00+00:00,Padang2 Uluwatu,16835170,32.5
2026-09-27 14:00:00+00:00,Padang2 Uluwatu,16835170,30.4
2026-09-27 15:00:00+00:00,Padang2 Uluwatu,16835170,30.4
2026-09-27 16:00:00+00:00,Padang2 Uluwatu,16835170,32.9
2026-09-27 17:00:00+00:00,Padang2 Uluwatu,16835170,35.3
2026-09-27 18:00:00+00:00,Padang2 Uluwatu,16835170,34.0
2026-09-27 19:00:00+00:00,Padang2 Uluwatu,16835170,33.6
2026-09-27 20:00:00+00:00,Padang2 Uluwatu,16835170,33.6
2026-09-27 21:00:00+00:00,Padang2 Uluwatu,16835170,39.2
2026-09-27 22:00:00+00:00,Padang2 Uluwatu,16835170,63.3
2026-09-27 23:00:00+00:00,Padang2 Uluwatu,16835170,50.7
2026-09-28 00:00:00+00:00,Padang2 Uluwatu,16835170,43.3
2026-09-28 01:00:00+00:00,Padang2 Uluwatu,16835170,47.3
2026-09-28 02:00:00+00:00,Padang2 Uluwatu,16835170,43.4
2026-09-28 03:00:00+00:00,Padang2 Uluwatu,16835170,39.3
2026-09-28 04:00:00+00:00,Padang2 Uluwatu,16835170,35.2
2026-09-28 05:00:00+00:00,Padang2 Uluwatu,16835170,31.8
2026-09-28 06:00:00+00:00,Padang2 Uluwatu,16835170,23.0
2026-09-28 07:00:00+00:00,Padang2 Uluwatu,16835170,21.6
2026-09-28 08:00:00+00:00,Padang2 Uluwatu,16835170,22.7
2026-09-28 09:00:00+00:00,Padang2 Uluwatu,16835170,25.2
2026-09-28 10:00:00+00:00,Padang2 Uluwatu,16835170,25.8
2026-09-28 11:00:00+00:00,Padang2 Uluwatu,16835170,32.0
2026-09-28 12:00:00+00:00,Padang2 Uluwatu,16835170,36.2
2026-09-28 13:00:00+00:00,Padang2 Uluwatu,16835170,39.9
2026-09-28 14:00:00+00:00,Padang2 Uluwatu,16835170,34.1
2026-09-28 15:00:00+00:00,Padang2 Uluwatu,16835170,34.1
2026-09-28 16:00:00+00:00,Padang2 Uluwatu,16835170,31.2
2026-09-28 17:00:00+00:00,Padang2 Uluwatu,16835170,29.0
2026-09-28 18:00:00+00:00,Padang2 Uluwatu,16835170,29.9
2026-09-28 19:00:00+00:00,Padang2 Uluwatu,16835170,31.5
2026-09-28 20:00:00+00:00,Padang2 Uluwatu,16835170,32.9
2026-09-28 21:00:00+00:00,Padang2 Uluwatu,16835170,34.7
2026-09-28 22:00:00+00:00,Padang2 Uluwatu,16835170,42.7
2026-09-28 23:00:00+00:00,Padang2 Uluwatu,16835170,49.9
2026-09-29 00:00:00+00:00,Padang2 Uluwatu,16835170,48.1
2026-09-29 01:00:00+00:00,Padang2 Uluwatu,16835170,49.4
2026-09-29 02:00:00+00:00,Padang2 Uluwatu,16835170,42.7
2026-09-29 03:00:00+00:00,Padang2 Uluwatu,16835170,37.5
2026-09-29 04:00:00+00:00,Padang2 Uluwatu,16835170,27.3
2026-09-29 05:00:00+00:00,Padang2 Uluwatu,16835170,26.2
2026-09-29 06:00:00+00:00,Padang2 Uluwatu,16835170,26.5
2026-09-29 07:00:00+00:00,Padang2 Uluwatu,16835170,24.2
2026-09-29 08:00:00+00:00,Padang2 Uluwatu,16835170,25.2
2026-09-29 09:00:00+00:00,Padang2 Uluwatu,16835170,28.4
2026-09-29 10:00:00+00:00,Padang2 Uluwatu,16835170,28.1
2026-09-29 11:00:00+00:00,Padang2 Uluwatu,16835170,32.2
2026-09-29 12:00:00+00:00,Padang2 Uluwatu,16835170,31.7
2026-09-29 13:00:00+00:00,Padang2 Uluwatu,16835170,33.8
2026-09-29 14:00:00+00:00,Padang2 Uluwatu,16835170,34.3
2026-09-29 15:00:00+00:00,Padang2 Uluwatu,16835170,32.1
2026-09-29 16:00:00+00:00,Padang2 Uluwatu,16835170,32.3
2026-09-29 17:00:00+00:00,Padang2 Uluwatu,16835170,32.6
2026-09-29 18:00:00+00:00,Padang2 Uluwatu,16835170,32.0
2026-09-29 19:00:00+00:00,Padang2 Uluwatu,16835170,31.5
2026-09-29 20:00:00+00:00,Padang2 Uluwatu,16835170,33.3
2026-09-29 21:00:00+00:00,Padang2 Uluwatu,16835170,37.0
2026-09-29 22:00:00+00:00,Padang2 Uluwatu,16835170,40.2
2026-09-29 23:00:00+00:00,Padang2 Uluwatu,16835170,42.4
2026-09-30 00:00:00+00:00,Padang2 Uluwatu,16835170,38.1
2026-09-30 01:00:00+00:00,Padang2 Uluwatu,16835170,39.0
2026-09-30 02:00:00+00:00,Padang2 Uluwatu,16835170,38.0
2026-09-30 03:00:00+00:00,Padang2 Uluwatu,16835170,35.1
2026-09-30 04:00:00+00:00,Padang2 Uluwatu,16835170,32.5
2026-09-30 05:00:00+00:00,Padang2 Uluwatu,16835170,34.5
2026-09-30 06:00:00+00:00,Padang2 Uluwatu,16835170,30.9
2026-09-30 07:00:00+00:00,Padang2 Uluwatu,16835170,34.8
2026-09-30 08:00:00+00:00,Padang2 Uluwatu,16835170,34.6
2026-09-30 09:00:00+00:00,Padang2 Uluwatu,16835170,33.3
2026-09-30 10:00:00+00:00,Padang2 Uluwatu,16835170,34.7
2026-09-30 11:00:00+00:00,Padang2 Uluwatu,16835170,39.3
2026-09-30 12:00:00+00:00,Padang2 Uluwatu,16835170,38.0
2026-09-30 13:00:00+00:00,Padang2 Uluwatu,16835170,35.8
2026-09-30 14:00:00+00:00,Padang2 Uluwatu,16835170,39.5
2026-09-30 15:00:00+00:00,Padang2 Uluwatu,16835170,39.2
2026-09-30 16:00:00+00:00,Padang2 Uluwatu,16835170,39.4
2026-09-30 17:00:00+00:00,Padang2 Uluwatu,16835170,41.1
2026-09-30 18:00:00+00:00,Padang2 Uluwatu,16835170,40.7
2026-09-30 19:00:00+00:00,Padang2 Uluwatu,16835170,39.6
2026-09-30 20:00:00+00:00,Padang2 Uluwatu,16835170,34.8
2026-09-30 21:00:00+00:00,Padang2 Uluwatu,16835170,33.0
2026-09-30 22:00:00+00:00,Padang2 Uluwatu,16835170,34.0
2026-09-30 23:00:00+00:00,Padang2 Uluwatu,16835170,38.4
2026-10-01 00:00:00+00:00,Padang2 Uluwatu,16835170,28.2
2026-10-01 01:00:00+00:00,Padang2 Uluwatu,16835170,25.5
2026-10-01 02:00:00+00:00,Padang2 Uluwatu,16835170,28.3
2026-10-01 03:00:00+00:00,Padang2 Uluwatu,16835170,26.0
2026-09-01 05:00:00+00:00,Tabanan,16694904,20.2
2026-09-01 06:00:00+00:00,Tabanan,16694904,16.6
2026-09-01 07:00:00+00:00,Tabanan,16694904,18.9
2026-09-01 08:00:00+00:00,Tabanan,16694904,20.3
2026-09-01 09:00:00+00:00,Tabanan,16694904,22.6
2026-09-01 10:00:00+00:00,Tabanan,16694904,31.5
2026-09-01 11:00:00+00:00,Tabanan,16694904,28.7
2026-09-01 12:00:00+00:00,Tabanan,16694904,31.0
2026-09-01 13:00:00+00:00,Tabanan,16694904,24.7
2026-09-01 14:00:00+00:00,Tabanan,16694904,22.7
2026-09-01 15:00:00+00:00,Tabanan,16694904,21.7
2026-09-01 16:00:00+00:00,Tabanan,16694904,18.9
2026-09-01 17:00:00+00:00,Tabanan,16694904,26.5
2026-09-01 18:00:00+00:00,Tabanan,16694904,32.2
2026-09-01 19:00:00+00:00,Tabanan,16694904,34.3
2026-09-01 20:00:00+00:00,Tabanan,16694904,37.0
2026-09-01 21:00:00+00:00,Tabanan,16694904,39.8
2026-09-01 22:00:00+00:00,Tabanan,16694904,51.8
2026-09-01 23:00:00+00:00,Tabanan,16694904,67.0
2026-09-02 00:00:00+00:00,Tabanan,16694904,60.2
2026-09-02 01:00:00+00:00,Tabanan,16694904,32.5
2026-09-02 02:00:00+00:00,Tabanan,16694904,29.1
2026-09-02 03:00:00+00:00,Tabanan,16694904,24.4
2026-09-02 04:00:00+00:00,Tabanan,16694904,20.5
2026-09-02 05:00:00+00:00,Tabanan,16694904,15.3
2026-09-02 06:00:00+00:00,Tabanan,16694904,14.3
2026-09-02 07:00:00+00:00,Tabanan,16694904,9.7
2026-09-02 08:00:00+00:00,Tabanan,16694904,14.6
2026-09-02 09:00:00+00:00,Tabanan,16694904,26.9
2026-09-02 10:00:00+00:00,Tabanan,16694904,54.7
2026-09-02 11:00:00+00:00,Tabanan,16694904,34.7
2026-09-02 12:00:00+00:00,Tabanan,16694904,22.6
2026-09-02 13:00:00+00:00,Tabanan,16694904,17.1
2026-09-02 14:00:00+00:00,Tabanan,16694904,16.9
2026-09-02 15:00:00+00:00,Tabanan,16694904,17.4
2026-09-02 16:00:00+00:00,Tabanan,16694904,16.0
2026-09-02 17:00:00+00:00,Tabanan,16694904,24.5
2026-09-02 18:00:00+00:00,Tabanan,16694904,33.9
2026-09-02 19:00:00+00:00,Tabanan,16694904,35.2
2026-09-02 20:00:00+00:00,Tabanan,16694904,37.6
2026-09-02 21:00:00+00:00,Tabanan,16694904,40.2
2026-09-02 22:00:00+00:00,Tabanan,16694904,46.2
2026-09-02 23:00:00+00:00,Tabanan,16694904,54.3
2026-09-03 00:00:00+00:00,Tabanan,16694904,43.4
2026-09-03 01:00:00+00:00,Tabanan,16694904,35.5
2026-09-03 02:00:00+00:00,Tabanan,16694904,24.5
2026-09-03 03:00:00+00:00,Tabanan,16694904,19.4
2026-09-03 04:00:00+00:00,Tabanan,16694904,20.6
2026-09-03 05:00:00+00:00,Tabanan,16694904,17.6
2026-09-03 06:00:00+00:00,Tabanan,16694904,12.5
2026-09-03 07:00:00+00:00,Tabanan,16694904,14.6
2026-09-03 08:00:00+00:00,Tabanan,16694904,11.0
2026-09-03 09:00:00+00:00,Tabanan,16694904,20.1
2026-09-03 10:00:00+00:00,Tabanan,16694904,30.3
2026-09-03 11:00:00+00:00,Tabanan,16694904,20.2
2026-09-03 12:00:00+00:00,Tabanan,16694904,22.6
2026-09-03 13:00:00+00:00,Tabanan,16694904,27.7
2026-09-03 14:00:00+00:00,Tabanan,16694904,30.4
2026-09-03 15:00:00+00:00,Tabanan,16694904,38.2
2026-09-03 16:00:00+00:00,Tabanan,16694904,43.8
2026-09-03 17:00:00+00:00,Tabanan,16694904,41.2
2026-09-03 18:00:00+00:00,Tabanan,16694904,30.9
2026-09-03 19:00:00+00:00,Tabanan,16694904,21.7
2026-09-03 20:00:00+00:00,Tabanan,16694904,33.5
2026-09-03 21:00:00+00:00,Tabanan,16694904,40.1
2026-09-03 22:00:00+00:00,Tabanan,16694904,51.0
2026-09-03 23:00:00+00:00,Tabanan,16694904,71.1
2026-09-04 00:00:00+00:00,Tabanan,16694904,34.3
2026-09-04 01:00:00+00:00,Tabanan,16694904,27.4
2026-09-04 02:00:00+00:00,Tabanan,16694904,24.2
2026-09-04 03:00:00+00:00,Tabanan,16694904,18.2
2026-09-04 04:00:00+00:00,Tabanan,16694904,16.4
2026-09-04 05:00:00+00:00,Tabanan,16694904,15.1
2026-09-04 06:00:00+00:00,Tabanan,16694904,17.0
2026-09-04 07:00:00+00:00,Tabanan,16694904,19.6
2026-09-04 08:00:00+00:00,Tabanan,16694904,24.7
2026-09-04 09:00:00+00:00,Tabanan,16694904,41.8
2026-09-04 10:00:00+00:00,Tabanan,16694904,52.6
2026-09-04 11:00:00+00:00,Tabanan,16694904,46.7
2026-09-04 12:00:00+00:00,Tabanan,16694904,38.3
2026-09-04 13:00:00+00:00,Tabanan,16694904,34.5
2026-09-04 14:00:00+00:00,Tabanan,16694904,39.0
2026-09-04 15:00:00+00:00,Tabanan,16694904,40.8
2026-09-04 16:00:00+00:00,Tabanan,16694904,44.1
2026-09-04 17:00:00+00:00,Tabanan,16694904,42.0
2026-09-04 18:00:00+00:00,Tabanan,16694904,34.1
2026-09-04 19:00:00+00:00,Tabanan,16694904,32.1
2026-09-04 20:00:00+00:00,Tabanan,16694904,26.1
2026-09-04 21:00:00+00:00,Tabanan,16694904,36.0
2026-09-04 22:00:00+00:00,Tabanan,16694904,53.4
2026-09-04 23:00:00+00:00,Tabanan,16694904,66.2
2026-09-05 00:00:00+00:00,Tabanan,16694904,63.8
2026-09-05 01:00:00+00:00,Tabanan,16694904,33.7
2026-09-05 02:00:00+00:00,Tabanan,16694904,13.6
2026-09-05 03:00:00+00:00,Tabanan,16694904,16.6
2026-09-05 04:00:00+00:00,Tabanan,16694904,9.6
2026-09-05 05:00:00+00:00,Tabanan,16694904,7.5
2026-09-05 06:00:00+00:00,Tabanan,16694904,7.3
2026-09-05 07:00:00+00:00,Tabanan,16694904,5.4
2026-09-05 08:00:00+00:00,Tabanan,16694904,9.7
2026-09-05 09:00:00+00:00,Tabanan,16694904,16.3
2026-09-05 10:00:00+00:00,Tabanan,16694904,41.2
2026-09-05 11:00:00+00:00,Tabanan,16694904,40.3
2026-09-05 12:00:00+00:00,Tabanan,16694904,29.4
2026-09-05 13:00:00+00:00,Tabanan,16694904,28.3
2026-09-05 14:00:00+00:00,Tabanan,16694904,33.2
2026-09-05 15:00:00+00:00,Tabanan,16694904,41.2
2026-09-05 16:00:00+00:00,Tabanan,16694904,42.8
2026-09-05 17:00:00+00:00,Tabanan,16694904,35.0
2026-09-05 18:00:00+00:00,Tabanan,16694904,34.6
2026-09-05 19:00:00+00:00,Tabanan,16694904,28.9
2026-09-05 20:00:00+00:00,Tabanan,16694904,28.7
2026-09-05 21:00:00+00:00,Tabanan,16694904,30.4
2026-09-05 22:00:00+00:00,Tabanan,16694904,46.0
2026-09-05 23:00:00+00:00,Tabanan,16694904,67.5
2026-09-06 00:00:00+00:00,Tabanan,16694904,77.6
2026-09-06 01:00:00+00:00,Tabanan,16694904,42.8
2026-09-06 02:00:00+00:00,Tabanan,16694904,38.4
2026-09-06 03:00:00+00:00,Tabanan,16694904,20.6
2026-09-06 04:00:00+00:00,Tabanan,16694904,12.3
2026-09-06 05:00:00+00:00,Tabanan,16694904,16.0
2026-09-06 06:00:00+00:00,Tabanan,16694904,15.5
2026-09-06 07:00:00+00:00,Tabanan,16694904,14.9
2026-09-06 08:00:00+00:00,Tabanan,16694904,22.0
2026-09-06 09:00:00+00:00,Tabanan,16694904,30.9
2026-09-06 10:00:00+00:00,Tabanan,16694904,28.7
2026-09-06 11:00:00+00:00,Tabanan,16694904,30.2
2026-09-06 12:00:00+00:00,Tabanan,16694904,18.4
2026-09-06 13:00:00+00:00,Tabanan,16694904,23.0
2026-09-06 14:00:00+00:00,Tabanan,16694904,29.6
2026-09-06 15:00:00+00:00,Tabanan,16694904,30.4
2026-09-06 16:00:00+00:00,Tabanan,16694904,33.0
2026-09-06 17:00:00+00:00,Tabanan,16694904,31.2
2026-09-06 18:00:00+00:00,Tabanan,16694904,32.2
2026-09-06 19:00:00+00:00,Tabanan,16694904,35.4
2026-09-06 20:00:00+00:00,Tabanan,16694904,33.0
2026-09-06 21:00:00+00:00,Tabanan,16694904,32.9
2026-09-06 22:00:00+00:00,Tabanan,16694904,42.8
2026-09-06 23:00:00+00:00,Tabanan,16694904,55.7
2026-09-07 00:00:00+00:00,Tabanan,16694904,52.0
2026-09-07 01:00:00+00:00,Tabanan,16694904,38.6
2026-09-07 02:00:00+00:00,Tabanan,16694904,25.7
2026-09-07 03:00:00+00:00,Tabanan,16694904,26.5
2026-09-07 04:00:00+00:00,Tabanan,16694904,12.6
2026-09-07 05:00:00+00:00,Tabanan,16694904,10.3
2026-09-07 06:00:00+00:00,Tabanan,16694904,15.1
2026-09-07 07:00:00+00:00,Tabanan,16694904,12.4
2026-09-07 08:00:00+00:00,Tabanan,16694904,27.8
2026-09-07 09:00:00+00:00,Tabanan,16694904,29.5
2026-09-07 10:00:00+00:00,Tabanan,16694904,37.4
2026-09-07 11:00:00+00:00,Tabanan,16694904,29.4
2026-09-07 12:00:00+00:00,Tabanan,16694904,27.5
2026-09-07 13:00:00+00:00,Tabanan,16694904,81.2
2026-09-07 14:00:00+00:00,Tabanan,16694904,11.7
2026-09-07 15:00:00+00:00,Tabanan,16694904,9.9
2026-09-07 16:00:00+00:00,Tabanan,16694904,13.4
2026-09-07 17:00:00+00:00,Tabanan,16694904,12.7
2026-09-07 18:00:00+00:00,Tabanan,16694904,12.7
2026-09-07 19:00:00+00:00,Tabanan,16694904,13.6
2026-09-07 20:00:00+00:00,Tabanan,16694904,26.1
2026-09-07 21:00:00+00:00,Tabanan,16694904,26.9
2026-09-07 22:00:00+00:00,Tabanan,16694904,43.6
2026-09-07 23:00:00+00:00,Tabanan,16694904,60.3
2026-09-08 00:00:00+00:00,Tabanan,16694904,35.2
2026-09-08 01:00:00+00:00,Tabanan,16694904,27.4
2026-09-08 02:00:00+00:00,Tabanan,16694904,33.9
2026-09-08 03:00:00+00:00,Tabanan,16694904,22.0
2026-09-08 04:00:00+00:00,Tabanan,16694904,16.1
2026-09-08 05:00:00+00:00,Tabanan,16694904,33.8
2026-09-08 06:00:00+00:00,Tabanan,16694904,12.7
2026-09-08 07:00:00+00:00,Tabanan,16694904,11.3
2026-09-08 08:00:00+00:00,Tabanan,16694904,11.4
2026-09-08 09:00:00+00:00,Tabanan,16694904,22.7
2026-09-08 10:00:00+00:00,Tabanan,16694904,31.8
2026-09-08 11:00:00+00:00,Tabanan,16694904,20.3
2026-09-08 12:00:00+00:00,Tabanan,16694904,13.1
2026-09-08 13:00:00+00:00,Tabanan,16694904,12.7
2026-09-08 14:00:00+00:00,Tabanan,16694904,16.5
2026-09-08 15:00:00+00:00,Tabanan,16694904,10.8
2026-09-08 16:00:00+00:00,Tabanan,16694904,12.5
2026-09-08 17:00:00+00:00,Tabanan,16694904,8.7
2026-09-08 18:00:00+00:00,Tabanan,16694904,11.0
2026-09-08 19:00:00+00:00,Tabanan,16694904,10.4
2026-09-08 20:00:00+00:00,Tabanan,16694904,9.4
2026-09-08 21:00:00+00:00,Tabanan,16694904,21.6
2026-09-08 22:00:00+00:00,Tabanan,16694904,26.9
2026-09-08 23:00:00+00:00,Tabanan,16694904,41.5
2026-09-09 00:00:00+00:00,Tabanan,16694904,24.5
2026-09-09 01:00:00+00:00,Tabanan,16694904,14.9
2026-09-09 02:00:00+00:00,Tabanan,16694904,17.3
2026-09-09 03:00:00+00:00,Tabanan,16694904,12.8
2026-09-09 04:00:00+00:00,Tabanan,16694904,10.8
2026-09-09 05:00:00+00:00,Tabanan,16694904,9.6
2026-09-09 06:00:00+00:00,Tabanan,16694904,13.8
2026-09-09 07:00:00+00:00,Tabanan,16694904,11.8
2026-09-09 08:00:00+00:00,Tabanan,16694904,14.9
2026-09-09 09:00:00+00:00,Tabanan,16694904,16.0
2026-09-09 10:00:00+00:00,Tabanan,16694904,31.6
2026-09-09 11:00:00+00:00,Tabanan,16694904,33.4
2026-09-09 12:00:00+00:00,Tabanan,16694904,24.7
2026-09-09 13:00:00+00:00,Tabanan,16694904,18.6
2026-09-09 14:00:00+00:00,Tabanan,16694904,14.2
2026-09-09 15:00:00+00:00,Tabanan,16694904,15.4
2026-09-09 16:00:00+00:00,Tabanan,16694904,17.8
2026-09-09 17:00:00+00:00,Tabanan,16694904,20.6
2026-09-09 18:00:00+00:00,Tabanan,16694904,22.2
2026-09-09 19:00:00+00:00,Tabanan,16694904,22.3
2026-09-09 20:00:00+00:00,Tabanan,16694904,25.8
2026-09-09 21:00:00+00:00,Tabanan,16694904,30.2
2026-09-09 22:00:00+00:00,Tabanan,16694904,55.8
2026-09-09 23:00:00+00:00,Tabanan,16694904,68.4
2026-09-10 00:00:00+00:00,Tabanan,16694904,43.2
2026-09-10 01:00:00+00:00,Tabanan,16694904,32.9
2026-09-10 02:00:00+00:00,Tabanan,16694904,22.6
2026-09-10 03:00:00+00:00,Tabanan,16694904,32.5
2026-09-10 04:00:00+00:00,Tabanan,16694904,22.8
2026-09-10 05:00:00+00:00,Tabanan,16694904,22.3
2026-09-10 06:00:00+00:00,Tabanan,16694904,18.9
2026-09-10 07:00:00+00:00,Tabanan,16694904,18.2
2026-09-10 08:00:00+00:00,Tabanan,16694904,21.7
2026-09-10 09:00:00+00:00,Tabanan,16694904,43.0
2026-09-10 10:00:00+00:00,Tabanan,16694904,42.1
2026-09-10 11:00:00+00:00,Tabanan,16694904,32.5
2026-09-10 12:00:00+00:00,Tabanan,16694904,33.0
2026-09-10 13:00:00+00:00,Tabanan,16694904,28.0
2026-09-10 14:00:00+00:00,Tabanan,16694904,28.0
2026-09-10 15:00:00+00:00,Tabanan,16694904,28.0
2026-09-10 16:00:00+00:00,Tabanan,16694904,21.7
2026-09-10 17:00:00+00:00,Tabanan,16694904,16.5
2026-09-10 18:00:00+00:00,Tabanan,16694904,19.1
2026-09-10 19:00:00+00:00,Tabanan,16694904,22.4
2026-09-10 20:00:00+00:00,Tabanan,16694904,26.0
2026-09-10 21:00:00+00:00,Tabanan,16694904,32.4
2026-09-10 22:00:00+00:00,Tabanan,16694904,45.3
2026-09-10 23:00:00+00:00,Tabanan,16694904,55.6
2026-09-11 00:00:00+00:00,Tabanan,16694904,41.4
2026-09-11 01:00:00+00:00,Tabanan,16694904,31.0
2026-09-11 02:00:00+00:00,Tabanan,16694904,32.3
2026-09-11 03:00:00+00:00,Tabanan,16694904,27.3
2026-09-11 04:00:00+00:00,Tabanan,16694904,25.2
2026-09-11 05:00:00+00:00,Tabanan,16694904,24.7
2026-09-11 06:00:00+00:00,Tabanan,16694904,20.3
2026-09-11 07:00:00+00:00,Tabanan,16694904,17.2
2026-09-11 08:00:00+00:00,Tabanan,16694904,19.6
2026-09-11 09:00:00+00:00,Tabanan,16694904,26.6
2026-09-11 10:00:00+00:00,Tabanan,16694904,32.9
2026-09-11 11:00:00+00:00,Tabanan,16694904,27.4
2026-09-11 12:00:00+00:00,Tabanan,16694904,29.3
2026-09-11 13:00:00+00:00,Tabanan,16694904,28.4
2026-09-11 14:00:00+00:00,Tabanan,16694904,23.6
2026-09-11 15:00:00+00:00,Tabanan,16694904,21.5
2026-09-11 16:00:00+00:00,Tabanan,16694904,27.7
2026-09-11 17:00:00+00:00,Tabanan,16694904,21.4
2026-09-11 18:00:00+00:00,Tabanan,16694904,28.0
2026-09-11 19:00:00+00:00,Tabanan,16694904,32.5
2026-09-11 20:00:00+00:00,Tabanan,16694904,36.5
2026-09-11 21:00:00+00:00,Tabanan,16694904,43.2
2026-09-11 22:00:00+00:00,Tabanan,16694904,57.5
2026-09-11 23:00:00+00:00,Tabanan,16694904,108.0
2026-09-12 00:00:00+00:00,Tabanan,16694904,62.3
2026-09-12 01:00:00+00:00,Tabanan,16694904,28.4
2026-09-12 02:00:00+00:00,Tabanan,16694904,26.4
2026-09-12 03:00:00+00:00,Tabanan,16694904,23.5
2026-09-12 04:00:00+00:00,Tabanan,16694904,19.1
2026-09-12 05:00:00+00:00,Tabanan,16694904,20.2
2026-09-12 06:00:00+00:00,Tabanan,16694904,26.1
2026-09-12 07:00:00+00:00,Tabanan,16694904,23.0
2026-09-12 08:00:00+00:00,Tabanan,16694904,23.1
2026-09-12 09:00:00+00:00,Tabanan,16694904,30.0
2026-09-12 10:00:00+00:00,Tabanan,16694904,44.1
2026-09-12 11:00:00+00:00,Tabanan,16694904,44.9
2026-09-12 12:00:00+00:00,Tabanan,16694904,45.7
2026-09-12 13:00:00+00:00,Tabanan,16694904,46.9
2026-09-12 14:00:00+00:00,Tabanan,16694904,38.7
2026-09-12 15:00:00+00:00,Tabanan,16694904,31.0
2026-09-12 16:00:00+00:00,Tabanan,16694904,31.6
2026-09-12 17:00:00+00:00,Tabanan,16694904,31.0
2026-09-12 18:00:00+00:00,Tabanan,16694904,31.4
2026-09-12 19:00:00+00:00,Tabanan,16694904,28.3
2026-09-12 20:00:00+00:00,Tabanan,16694904,30.1
2026-09-12 21:00:00+00:00,Tabanan,16694904,39.0
2026-09-12 22:00:00+00:00,Tabanan,16694904,53.6
2026-09-12 23:00:00+00:00,Tabanan,16694904,78.8
2026-09-13 00:00:00+00:00,Tabanan,16694904,47.4
2026-09-13 01:00:00+00:00,Tabanan,16694904,41.6
2026-09-13 02:00:00+00:00,Tabanan,16694904,35.6
2026-09-13 03:00:00+00:00,Tabanan,16694904,33.2
2026-09-13 04:00:00+00:00,Tabanan,16694904,58.7
2026-09-13 05:00:00+00:00,Tabanan,16694904,27.7
2026-09-13 06:00:00+00:00,Tabanan,16694904,27.2
2026-09-13 07:00:00+00:00,Tabanan,16694904,26.9
2026-09-13 08:00:00+00:00,Tabanan,16694904,30.5
2026-09-13 09:00:00+00:00,Tabanan,16694904,33.6
2026-09-13 10:00:00+00:00,Tabanan,16694904,41.5
2026-09-13 11:00:00+00:00,Tabanan,16694904,35.3
2026-09-13 12:00:00+00:00,Tabanan,16694904,29.1
2026-09-13 13:00:00+00:00,Tabanan,16694904,25.4
2026-09-13 14:00:00+00:00,Tabanan,16694904,22.4
2026-09-13 15:00:00+00:00,Tabanan,16694904,24.0
2026-09-13 16:00:00+00:00,Tabanan,16694904,24.2
2026-09-13 17:00:00+00:00,Tabanan,16694904,30.4
2026-09-13 18:00:00+00:00,Tabanan,16694904,30.5
2026-09-13 19:00:00+00:00,Tabanan,16694904,31.3
2026-09-13 20:00:00+00:00,Tabanan,16694904,26.4
2026-09-13 21:00:00+00:00,Tabanan,16694904,27.5
2026-09-13 22:00:00+00:00,Tabanan,16694904,40.8
2026-09-13 23:00:00+00:00,Tabanan,16694904,57.4
2026-09-14 00:00:00+00:00,Tabanan,16694904,42.4
2026-09-14 01:00:00+00:00,Tabanan,16694904,33.3
2026-09-14 02:00:00+00:00,Tabanan,16694904,27.0
2026-09-14 03:00:00+00:00,Tabanan,16694904,14.2
2026-09-14 04:00:00+00:00,Tabanan,16694904,12.3
2026-09-14 05:00:00+00:00,Tabanan,16694904,7.3
2026-09-14 06:00:00+00:00,Tabanan,16694904,14.3
2026-09-14 07:00:00+00:00,Tabanan,16694904,22.2
2026-09-14 08:00:00+00:00,Tabanan,16694904,19.4
2026-09-14 09:00:00+00:00,Tabanan,16694904,26.1
2026-09-14 10:00:00+00:00,Tabanan,16694904,42.2
2026-09-14 11:00:00+00:00,Tabanan,16694904,35.1
2026-09-14 12:00:00+00:00,Tabanan,16694904,24.5
2026-09-14 13:00:00+00:00,Tabanan,16694904,18.2
2026-09-14 14:00:00+00:00,Tabanan,16694904,17.7
2026-09-14 15:00:00+00:00,Tabanan,16694904,11.7
2026-09-14 16:00:00+00:00,Tabanan,16694904,12.1
2026-09-14 17:00:00+00:00,Tabanan,16694904,9.7
2026-09-14 18:00:00+00:00,Tabanan,16694904,8.0
2026-09-14 19:00:00+00:00,Tabanan,16694904,16.7
2026-09-14 20:00:00+00:00,Tabanan,16694904,25.3
2026-09-14 21:00:00+00:00,Tabanan,16694904,34.9
2026-09-14 22:00:00+00:00,Tabanan,16694904,42.6
2026-09-14 23:00:00+00:00,Tabanan,16694904,45.6
2026-09-15 00:00:00+00:00,Tabanan,16694904,14.8
2026-09-15 01:00:00+00:00,Tabanan,16694904,18.2
2026-09-15 02:00:00+00:00,Tabanan,16694904,23.8
2026-09-15 03:00:00+00:00,Tabanan,16694904,22.3
2026-09-15 04:00:00+00:00,Tabanan,16694904,15.3
2026-09-15 05:00:00+00:00,Tabanan,16694904,7.7
2026-09-15 06:00:00+00:00,Tabanan,16694904,5.9
2026-09-15 07:00:00+00:00,Tabanan,16694904,7.8
2026-09-15 08:00:00+00:00,Tabanan,16694904,12.8
2026-09-15 09:00:00+00:00,Tabanan,16694904,13.1
2026-09-15 10:00:00+00:00,Tabanan,16694904,22.5
2026-09-15 11:00:00+00:00,Tabanan,16694904,19.8
2026-09-15 12:00:00+00:00,Tabanan,16694904,15.5
2026-09-15 13:00:00+00:00,Tabanan,16694904,20.3
2026-09-15 14:00:00+00:00,Tabanan,16694904,25.0
2026-09-15 15:00:00+00:00,Tabanan,16694904,24.2
2026-09-15 16:00:00+00:00,Tabanan,16694904,27.6
2026-09-15 17:00:00+00:00,Tabanan,16694904,32.2
2026-09-15 18:00:00+00:00,Tabanan,16694904,36.9
2026-09-15 19:00:00+00:00,Tabanan,16694904,34.4
2026-09-15 20:00:00+00:00,Tabanan,16694904,31.3
2026-09-15 21:00:00+00:00,Tabanan,16694904,35.6
2026-09-15 22:00:00+00:00,Tabanan,16694904,48.5
2026-09-15 23:00:00+00:00,Tabanan,16694904,72.3
2026-09-16 00:00:00+00:00,Tabanan,16694904,28.0
2026-09-16 01:00:00+00:00,Tabanan,16694904,26.4
2026-09-16 02:00:00+00:00,Tabanan,16694904,22.8
2026-09-16 03:00:00+00:00,Tabanan,16694904,20.9
2026-09-16 04:00:00+00:00,Tabanan,16694904,15.2
2026-09-16 05:00:00+00:00,Tabanan,16694904,10.4
2026-09-16 06:00:00+00:00,Tabanan,16694904,12.9
2026-09-16 07:00:00+00:00,Tabanan,16694904,9.3
2026-09-16 08:00:00+00:00,Tabanan,16694904,10.8
2026-09-16 09:00:00+00:00,Tabanan,16694904,20.4
2026-09-16 10:00:00+00:00,Tabanan,16694904,27.6
2026-09-16 11:00:00+00:00,Tabanan,16694904,18.1
2026-09-16 12:00:00+00:00,Tabanan,16694904,15.9
2026-09-16 13:00:00+00:00,Tabanan,16694904,15.9
2026-09-16 14:00:00+00:00,Tabanan,16694904,14.5
2026-09-16 15:00:00+00:00,Tabanan,16694904,12.5
2026-09-16 16:00:00+00:00,Tabanan,16694904,14.1
2026-09-16 17:00:00+00:00,Tabanan,16694904,19.8
2026-09-16 18:00:00+00:00,Tabanan,16694904,24.7
2026-09-16 19:00:00+00:00,Tabanan,16694904,9.7
2026-09-16 20:00:00+00:00,Tabanan,16694904,9.2
2026-09-16 21:00:00+00:00,Tabanan,16694904,13.7
2026-09-16 22:00:00+00:00,Tabanan,16694904,29.8
2026-09-16 23:00:00+00:00,Tabanan,16694904,42.4
2026-09-17 00:00:00+00:00,Tabanan,16694904,33.4
2026-09-17 01:00:00+00:00,Tabanan,16694904,22.6
2026-09-17 02:00:00+00:00,Tabanan,16694904,18.6
2026-09-17 03:00:00+00:00,Tabanan,16694904,18.0
2026-09-17 04:00:00+00:00,Tabanan,16694904,14.0
2026-09-17 05:00:00+00:00,Tabanan,16694904,15.8
2026-09-17 06:00:00+00:00,Tabanan,16694904,14.0
2026-09-17 07:00:00+00:00,Tabanan,16694904,12.5
2026-09-17 08:00:00+00:00,Tabanan,16694904,12.4
2026-09-17 09:00:00+00:00,Tabanan,16694904,23.3
2026-09-17 10:00:00+00:00,Tabanan,16694904,58.5
2026-09-17 11:00:00+00:00,Tabanan,16694904,38.1
2026-09-17 12:00:00+00:00,Tabanan,16694904,36.4
2026-09-17 13:00:00+00:00,Tabanan,16694904,20.2
2026-09-17 14:00:00+00:00,Tabanan,16694904,22.6
2026-09-17 15:00:00+00:00,Tabanan,16694904,42.4
2026-09-17 16:00:00+00:00,Tabanan,16694904,40.0
2026-09-17 17:00:00+00:00,Tabanan,16694904,41.6
2026-09-17 18:00:00+00:00,Tabanan,16694904,40.1
2026-09-17 19:00:00+00:00,Tabanan,16694904,43.4
2026-09-17 20:00:00+00:00,Tabanan,16694904,41.7
2026-09-17 21:00:00+00:00,Tabanan,16694904,53.3
2026-09-17 22:00:00+00:00,Tabanan,16694904,55.4
2026-09-17 23:00:00+00:00,Tabanan,16694904,72.3
2026-09-18 00:00:00+00:00,Tabanan,16694904,45.8
2026-09-18 01:00:00+00:00,Tabanan,16694904,42.6
2026-09-18 02:00:00+00:00,Tabanan,16694904,37.3
2026-09-18 03:00:00+00:00,Tabanan,16694904,32.8
2026-09-18 04:00:00+00:00,Tabanan,16694904,29.5
2026-09-18 05:00:00+00:00,Tabanan,16694904,19.7
2026-09-18 06:00:00+00:00,Tabanan,16694904,16.5
2026-09-18 07:00:00+00:00,Tabanan,16694904,23.7
2026-09-18 08:00:00+00:00,Tabanan,16694904,19.1
2026-09-18 09:00:00+00:00,Tabanan,16694904,21.6
2026-09-18 10:00:00+00:00,Tabanan,16694904,68.0
2026-09-18 11:00:00+00:00,Tabanan,16694904,90.7
2026-09-18 12:00:00+00:00,Tabanan,16694904,85.0
2026-09-18 13:00:00+00:00,Tabanan,16694904,53.6
2026-09-18 14:00:00+00:00,Tabanan,16694904,44.3
2026-09-18 15:00:00+00:00,Tabanan,16694904,40.6
2026-09-18 16:00:00+00:00,Tabanan,16694904,25.1
2026-09-18 17:00:00+00:00,Tabanan,16694904,19.5
2026-09-18 18:00:00+00:00,Tabanan,16694904,16.2
2026-09-18 19:00:00+00:00,Tabanan,16694904,16.7
2026-09-18 20:00:00+00:00,Tabanan,16694904,29.1
2026-09-18 21:00:00+00:00,Tabanan,16694904,45.8
2026-09-18 22:00:00+00:00,Tabanan,16694904,54.7
2026-09-18 23:00:00+00:00,Tabanan,16694904,66.3
2026-09-19 00:00:00+00:00,Tabanan,16694904,41.5
2026-09-19 01:00:00+00:00,Tabanan,16694904,36.1
2026-09-19 02:00:00+00:00,Tabanan,16694904,32.4
2026-09-19 03:00:00+00:00,Tabanan,16694904,26.5
2026-09-19 04:00:00+00:00,Tabanan,16694904,20.7
2026-09-19 05:00:00+00:00,Tabanan,16694904,19.4
2026-09-19 06:00:00+00:00,Tabanan,16694904,19.3
2026-09-19 07:00:00+00:00,Tabanan,16694904,22.3
2026-09-19 08:00:00+00:00,Tabanan,16694904,20.2
2026-09-19 09:00:00+00:00,Tabanan,16694904,29.2
2026-09-19 10:00:00+00:00,Tabanan,16694904,39.9
2026-09-19 11:00:00+00:00,Tabanan,16694904,46.3
2026-09-19 12:00:00+00:00,Tabanan,16694904,36.2
2026-09-19 13:00:00+00:00,Tabanan,16694904,32.9
2026-09-19 14:00:00+00:00,Tabanan,16694904,33.3
2026-09-19 15:00:00+00:00,Tabanan,16694904,33.9
2026-09-19 16:00:00+00:00,Tabanan,16694904,33.0
2026-09-19 17:00:00+00:00,Tabanan,16694904,27.3
2026-09-19 18:00:00+00:00,Tabanan,16694904,19.2
2026-09-19 19:00:00+00:00,Tabanan,16694904,20.4
2026-09-19 20:00:00+00:00,Tabanan,16694904,32.3
2026-09-19 21:00:00+00:00,Tabanan,16694904,52.1
2026-09-19 22:00:00+00:00,Tabanan,16694904,54.4
2026-09-19 23:00:00+00:00,Tabanan,16694904,77.7
2026-09-20 00:00:00+00:00,Tabanan,16694904,43.6
2026-09-20 01:00:00+00:00,Tabanan,16694904,32.3
2026-09-20 02:00:00+00:00,Tabanan,16694904,28.3
2026-09-20 03:00:00+00:00,Tabanan,16694904,28.6
2026-09-20 04:00:00+00:00,Tabanan,16694904,24.9
2026-09-20 05:00:00+00:00,Tabanan,16694904,28.9
2026-09-20 06:00:00+00:00,Tabanan,16694904,27.2
2026-09-20 07:00:00+00:00,Tabanan,16694904,25.7
2026-09-20 08:00:00+00:00,Tabanan,16694904,24.0
2026-09-20 09:00:00+00:00,Tabanan,16694904,30.3
2026-09-20 10:00:00+00:00,Tabanan,16694904,36.9
2026-09-20 11:00:00+00:00,Tabanan,16694904,37.2
2026-09-20 12:00:00+00:00,Tabanan,16694904,36.5
2026-09-20 13:00:00+00:00,Tabanan,16694904,35.5
2026-09-20 14:00:00+00:00,Tabanan,16694904,33.4
2026-09-20 15:00:00+00:00,Tabanan,16694904,36.1
2026-09-20 16:00:00+00:00,Tabanan,16694904,39.1
2026-09-20 17:00:00+00:00,Tabanan,16694904,41.9
2026-09-20 18:00:00+00:00,Tabanan,16694904,46.3
2026-09-20 19:00:00+00:00,Tabanan,16694904,52.1
2026-09-20 20:00:00+00:00,Tabanan,16694904,47.3
2026-09-20 21:00:00+00:00,Tabanan,16694904,47.9
2026-09-20 22:00:00+00:00,Tabanan,16694904,68.7
2026-09-20 23:00:00+00:00,Tabanan,16694904,70.7
2026-09-21 00:00:00+00:00,Tabanan,16694904,45.8
2026-09-21 01:00:00+00:00,Tabanan,16694904,37.7
2026-09-21 02:00:00+00:00,Tabanan,16694904,30.7
2026-09-21 03:00:00+00:00,Tabanan,16694904,27.8
2026-09-21 04:00:00+00:00,Tabanan,16694904,25.0
2026-09-21 05:00:00+00:00,Tabanan,16694904,24.1
2026-09-21 06:00:00+00:00,Tabanan,16694904,24.6
2026-09-21 07:00:00+00:00,Tabanan,16694904,27.4
2026-09-21 08:00:00+00:00,Tabanan,16694904,30.7
2026-09-21 09:00:00+00:00,Tabanan,16694904,33.2
2026-09-21 10:00:00+00:00,Tabanan,16694904,41.7
2026-09-21 11:00:00+00:00,Tabanan,16694904,47.1
2026-09-21 12:00:00+00:00,Tabanan,16694904,53.3
2026-09-21 13:00:00+00:00,Tabanan,16694904,48.3
2026-09-21 14:00:00+00:00,Tabanan,16694904,70.7
2026-09-21 15:00:00+00:00,Tabanan,16694904,120.0
2026-09-21 16:00:00+00:00,Tabanan,16694904,132.0
2026-09-21 17:00:00+00:00,Tabanan,16694904,39.1
2026-09-21 18:00:00+00:00,Tabanan,16694904,33.4
2026-09-21 19:00:00+00:00,Tabanan,16694904,37.9
2026-09-21 20:00:00+00:00,Tabanan,16694904,44.1
2026-09-21 21:00:00+00:00,Tabanan,16694904,44.5
2026-09-21 22:00:00+00:00,Tabanan,16694904,56.1
2026-09-21 23:00:00+00:00,Tabanan,16694904,90.7
2026-09-22 00:00:00+00:00,Tabanan,16694904,56.8
2026-09-22 01:00:00+00:00,Tabanan,16694904,36.6
2026-09-22 02:00:00+00:00,Tabanan,16694904,34.7
2026-09-22 03:00:00+00:00,Tabanan,16694904,29.9
2026-09-22 04:00:00+00:00,Tabanan,16694904,29.3
2026-09-22 05:00:00+00:00,Tabanan,16694904,25.5
2026-09-22 06:00:00+00:00,Tabanan,16694904,30.7
2026-09-22 07:00:00+00:00,Tabanan,16694904,28.9
2026-09-22 08:00:00+00:00,Tabanan,16694904,31.5
2026-09-22 09:00:00+00:00,Tabanan,16694904,36.9
2026-09-22 10:00:00+00:00,Tabanan,16694904,55.6
2026-09-22 11:00:00+00:00,Tabanan,16694904,54.0
2026-09-22 12:00:00+00:00,Tabanan,16694904,47.4
2026-09-22 13:00:00+00:00,Tabanan,16694904,42.9
2026-09-22 14:00:00+00:00,Tabanan,16694904,45.2
2026-09-22 15:00:00+00:00,Tabanan,16694904,36.3
2026-09-22 16:00:00+00:00,Tabanan,16694904,36.4
2026-09-22 17:00:00+00:00,Tabanan,16694904,30.9
2026-09-22 18:00:00+00:00,Tabanan,16694904,27.9
2026-09-22 19:00:00+00:00,Tabanan,16694904,35.4
2026-09-22 20:00:00+00:00,Tabanan,16694904,46.3
2026-09-22 21:00:00+00:00,Tabanan,16694904,51.8
2026-09-22 22:00:00+00:00,Tabanan,16694904,72.6
2026-09-22 23:00:00+00:00,Tabanan,16694904,82.1
2026-09-23 00:00:00+00:00,Tabanan,16694904,49.7
2026-09-23 01:00:00+00:00,Tabanan,16694904,41.5
2026-09-23 02:00:00+00:00,Tabanan,16694904,32.3
2026-09-23 03:00:00+00:00,Tabanan,16694904,31.5
2026-09-23 04:00:00+00:00,Tabanan,16694904,29.2
2026-09-23 05:00:00+00:00,Tabanan,16694904,34.1
2026-09-23 06:00:00+00:00,Tabanan,16694904,33.3
2026-09-23 07:00:00+00:00,Tabanan,16694904,40.8
2026-09-23 08:00:00+00:00,Tabanan,16694904,33.3
2026-09-23 09:00:00+00:00,Tabanan,16694904,47.2
2026-09-23 10:00:00+00:00,Tabanan,16694904,90.0
2026-09-23 11:00:00+00:00,Tabanan,16694904,128.0
2026-09-23 12:00:00+00:00,Tabanan,16694904,61.3
2026-09-23 13:00:00+00:00,Tabanan,16694904,85.3
2026-09-23 14:00:00+00:00,Tabanan,16694904,64.1
2026-09-23 15:00:00+00:00,Tabanan,16694904,63.8
2026-09-23 16:00:00+00:00,Tabanan,16694904,69.1
2026-09-23 17:00:00+00:00,Tabanan,16694904,59.4
2026-09-23 18:00:00+00:00,Tabanan,16694904,51.9
2026-09-23 19:00:00+00:00,Tabanan,16694904,46.8
2026-09-23 20:00:00+00:00,Tabanan,16694904,43.0
2026-09-23 21:00:00+00:00,Tabanan,16694904,47.7
2026-09-23 22:00:00+00:00,Tabanan,16694904,72.2
2026-09-23 23:00:00+00:00,Tabanan,16694904,78.6
2026-09-24 00:00:00+00:00,Tabanan,16694904,45.7
2026-09-24 01:00:00+00:00,Tabanan,16694904,41.3
2026-09-24 02:00:00+00:00,Tabanan,16694904,33.1
2026-09-24 03:00:00+00:00,Tabanan,16694904,28.8
2026-09-24 04:00:00+00:00,Tabanan,16694904,30.1
2026-09-24 05:00:00+00:00,Tabanan,16694904,30.1
2026-09-24 06:00:00+00:00,Tabanan,16694904,30.7
2026-09-24 07:00:00+00:00,Tabanan,16694904,32.5
2026-09-24 08:00:00+00:00,Tabanan,16694904,32.5
2026-09-24 09:00:00+00:00,Tabanan,16694904,39.8
2026-09-24 10:00:00+00:00,Tabanan,16694904,54.5
2026-09-24 11:00:00+00:00,Tabanan,16694904,42.0
2026-09-24 12:00:00+00:00,Tabanan,16694904,41.0
2026-09-24 13:00:00+00:00,Tabanan,16694904,36.8
2026-09-24 14:00:00+00:00,Tabanan,16694904,33.2
2026-09-24 15:00:00+00:00,Tabanan,16694904,28.0
2026-09-24 16:00:00+00:00,Tabanan,16694904,26.9
2026-09-24 17:00:00+00:00,Tabanan,16694904,34.4
2026-09-24 18:00:00+00:00,Tabanan,16694904,47.3
2026-09-24 19:00:00+00:00,Tabanan,16694904,46.2
2026-09-24 20:00:00+00:00,Tabanan,16694904,45.0
2026-09-24 21:00:00+00:00,Tabanan,16694904,49.4
2026-09-24 22:00:00+00:00,Tabanan,16694904,68.1
2026-09-24 23:00:00+00:00,Tabanan,16694904,87.6
2026-09-25 00:00:00+00:00,Tabanan,16694904,49.1
2026-09-25 01:00:00+00:00,Tabanan,16694904,42.7
2026-09-25 02:00:00+00:00,Tabanan,16694904,38.2
2026-09-25 03:00:00+00:00,Tabanan,16694904,33.7
2026-09-25 04:00:00+00:00,Tabanan,16694904,29.3
2026-09-25 05:00:00+00:00,Tabanan,16694904,27.8
2026-09-25 06:00:00+00:00,Tabanan,16694904,28.9
2026-09-25 07:00:00+00:00,Tabanan,16694904,33.4
2026-09-25 08:00:00+00:00,Tabanan,16694904,34.4
2026-09-25 09:00:00+00:00,Tabanan,16694904,36.5
2026-09-25 10:00:00+00:00,Tabanan,16694904,46.9
2026-09-25 11:00:00+00:00,Tabanan,16694904,51.4
2026-09-25 12:00:00+00:00,Tabanan,16694904,49.2
2026-09-25 13:00:00+00:00,Tabanan,16694904,55.7
2026-09-25 14:00:00+00:00,Tabanan,16694904,73.6
2026-09-25 15:00:00+00:00,Tabanan,16694904,77.3
2026-09-25 16:00:00+00:00,Tabanan,16694904,77.0
2026-09-25 17:00:00+00:00,Tabanan,16694904,71.3
2026-09-25 18:00:00+00:00,Tabanan,16694904,55.7
2026-09-25 19:00:00+00:00,Tabanan,16694904,49.9
2026-09-25 20:00:00+00:00,Tabanan,16694904,47.0
2026-09-25 21:00:00+00:00,Tabanan,16694904,46.6
2026-09-25 22:00:00+00:00,Tabanan,16694904,63.9
2026-09-25 23:00:00+00:00,Tabanan,16694904,100.0
2026-09-26 00:00:00+00:00,Tabanan,16694904,55.4
2026-09-26 01:00:00+00:00,Tabanan,16694904,56.1
2026-09-26 02:00:00+00:00,Tabanan,16694904,44.4
2026-09-26 03:00:00+00:00,Tabanan,16694904,38.9
2026-09-26 04:00:00+00:00,Tabanan,16694904,33.4
2026-09-26 05:00:00+00:00,Tabanan,16694904,24.7
2026-09-26 06:00:00+00:00,Tabanan,16694904,23.1
2026-09-26 07:00:00+00:00,Tabanan,16694904,23.6
2026-09-26 08:00:00+00:00,Tabanan,16694904,45.6
2026-09-26 09:00:00+00:00,Tabanan,16694904,55.7
2026-09-26 10:00:00+00:00,Tabanan,16694904,43.8
2026-09-26 11:00:00+00:00,Tabanan,16694904,41.7
2026-09-26 12:00:00+00:00,Tabanan,16694904,42.6
2026-09-26 13:00:00+00:00,Tabanan,16694904,40.4
2026-09-26 14:00:00+00:00,Tabanan,16694904,52.4
2026-09-26 15:00:00+00:00,Tabanan,16694904,79.3
2026-09-26 16:00:00+00:00,Tabanan,16694904,75.7
2026-09-26 17:00:00+00:00,Tabanan,16694904,63.1
2026-09-26 18:00:00+00:00,Tabanan,16694904,52.3
2026-09-26 19:00:00+00:00,Tabanan,16694904,47.3
2026-09-26 20:00:00+00:00,Tabanan,16694904,45.7
2026-09-26 21:00:00+00:00,Tabanan,16694904,46.2
2026-09-26 22:00:00+00:00,Tabanan,16694904,56.3
2026-09-26 23:00:00+00:00,Tabanan,16694904,75.1
2026-09-27 00:00:00+00:00,Tabanan,16694904,57.7
2026-09-27 01:00:00+00:00,Tabanan,16694904,72.2
2026-09-27 02:00:00+00:00,Tabanan,16694904,47.7
2026-09-27 03:00:00+00:00,Tabanan,16694904,42.2
2026-09-27 04:00:00+00:00,Tabanan,16694904,34.9
2026-09-27 05:00:00+00:00,Tabanan,16694904,27.0
2026-09-27 06:00:00+00:00,Tabanan,16694904,26.1
2026-09-27 07:00:00+00:00,Tabanan,16694904,39.7
2026-09-27 08:00:00+00:00,Tabanan,16694904,33.8
2026-09-27 09:00:00+00:00,Tabanan,16694904,34.8
2026-09-27 10:00:00+00:00,Tabanan,16694904,43.0
2026-09-27 11:00:00+00:00,Tabanan,16694904,54.3
2026-09-27 12:00:00+00:00,Tabanan,16694904,57.5
2026-09-27 13:00:00+00:00,Tabanan,16694904,67.4
2026-09-27 14:00:00+00:00,Tabanan,16694904,87.7
2026-09-27 15:00:00+00:00,Tabanan,16694904,97.1
2026-09-27 16:00:00+00:00,Tabanan,16694904,85.2
2026-09-27 17:00:00+00:00,Tabanan,16694904,73.0
2026-09-27 18:00:00+00:00,Tabanan,16694904,60.4
2026-09-27 19:00:00+00:00,Tabanan,16694904,52.0
2026-09-27 20:00:00+00:00,Tabanan,16694904,47.0
2026-09-27 21:00:00+00:00,Tabanan,16694904,48.8
2026-09-27 22:00:00+00:00,Tabanan,16694904,73.8
2026-09-27 23:00:00+00:00,Tabanan,16694904,96.2
2026-09-28 00:00:00+00:00,Tabanan,16694904,75.9
2026-09-28 01:00:00+00:00,Tabanan,16694904,45.9
2026-09-28 02:00:00+00:00,Tabanan,16694904,42.5
2026-09-28 03:00:00+00:00,Tabanan,16694904,38.2
2026-09-28 04:00:00+00:00,Tabanan,16694904,33.4
2026-09-28 05:00:00+00:00,Tabanan,16694904,31.0
2026-09-28 06:00:00+00:00,Tabanan,16694904,33.7
2026-09-28 07:00:00+00:00,Tabanan,16694904,34.9
2026-09-28 08:00:00+00:00,Tabanan,16694904,31.6
2026-09-28 09:00:00+00:00,Tabanan,16694904,46.9
2026-09-28 10:00:00+00:00,Tabanan,16694904,46.5
2026-09-28 11:00:00+00:00,Tabanan,16694904,59.6
2026-09-28 12:00:00+00:00,Tabanan,16694904,130.0
2026-09-28 13:00:00+00:00,Tabanan,16694904,80.3
2026-09-28 14:00:00+00:00,Tabanan,16694904,68.5
2026-09-28 15:00:00+00:00,Tabanan,16694904,64.6
2026-09-28 16:00:00+00:00,Tabanan,16694904,67.3
2026-09-28 17:00:00+00:00,Tabanan,16694904,70.2
2026-09-28 18:00:00+00:00,Tabanan,16694904,70.2
2026-09-28 19:00:00+00:00,Tabanan,16694904,57.6
2026-09-28 20:00:00+00:00,Tabanan,16694904,49.6
2026-09-28 21:00:00+00:00,Tabanan,16694904,53.9
2026-09-28 22:00:00+00:00,Tabanan,16694904,70.8
2026-09-28 23:00:00+00:00,Tabanan,16694904,86.2
2026-09-29 00:00:00+00:00,Tabanan,16694904,63.0
2026-09-29 01:00:00+00:00,Tabanan,16694904,53.1
2026-09-29 02:00:00+00:00,Tabanan,16694904,51.8
2026-09-29 03:00:00+00:00,Tabanan,16694904,39.4
2026-09-29 04:00:00+00:00,Tabanan,16694904,37.3
2026-09-29 05:00:00+00:00,Tabanan,16694904,42.4
2026-09-29 06:00:00+00:00,Tabanan,16694904,33.2
2026-09-29 07:00:00+00:00,Tabanan,16694904,36.2
2026-09-29 08:00:00+00:00,Tabanan,16694904,41.0
2026-09-29 09:00:00+00:00,Tabanan,16694904,59.4
2026-09-29 10:00:00+00:00,Tabanan,16694904,54.0
2026-09-29 11:00:00+00:00,Tabanan,16694904,47.8
2026-09-29 12:00:00+00:00,Tabanan,16694904,49.7
2026-09-29 13:00:00+00:00,Tabanan,16694904,47.6
2026-09-29 14:00:00+00:00,Tabanan,16694904,46.4
2026-09-29 15:00:00+00:00,Tabanan,16694904,46.4
2026-09-29 16:00:00+00:00,Tabanan,16694904,45.7
2026-09-29 17:00:00+00:00,Tabanan,16694904,44.2
2026-09-29 18:00:00+00:00,Tabanan,16694904,48.4
2026-09-29 19:00:00+00:00,Tabanan,16694904,69.6
2026-09-29 20:00:00+00:00,Tabanan,16694904,71.1
2026-09-29 21:00:00+00:00,Tabanan,16694904,76.3
2026-09-29 22:00:00+00:00,Tabanan,16694904,106.0
2026-09-29 23:00:00+00:00,Tabanan,16694904,105.0
2026-09-30 00:00:00+00:00,Tabanan,16694904,74.0
2026-09-30 01:00:00+00:00,Tabanan,16694904,49.6
2026-09-30 02:00:00+00:00,Tabanan,16694904,43.0
2026-09-30 03:00:00+00:00,Tabanan,16694904,41.2
2026-09-30 04:00:00+00:00,Tabanan,16694904,37.7
2026-09-30 05:00:00+00:00,Tabanan,16694904,36.3
2026-09-30 06:00:00+00:00,Tabanan,16694904,36.4
2026-09-30 07:00:00+00:00,Tabanan,16694904,39.0
2026-09-30 08:00:00+00:00,Tabanan,16694904,42.1
2026-09-30 09:00:00+00:00,Tabanan,16694904,50.0
2026-09-30 10:00:00+00:00,Tabanan,16694904,67.9
2026-09-30 11:00:00+00:00,Tabanan,16694904,74.8
2026-09-30 12:00:00+00:00,Tabanan,16694904,67.4
2026-09-30 13:00:00+00:00,Tabanan,16694904,62.7
2026-09-30 14:00:00+00:00,Tabanan,16694904,51.0
2026-09-30 15:00:00+00:00,Tabanan,16694904,46.1
2026-09-30 16:00:00+00:00,Tabanan,16694904,45.5
2026-09-30 17:00:00+00:00,Tabanan,16694904,46.2
2026-09-30 18:00:00+00:00,Tabanan,16694904,49.0
2026-09-30 19:00:00+00:00,Tabanan,16694904,58.1
2026-09-30 20:00:00+00:00,Tabanan,16694904,81.8
2026-09-30 21:00:00+00:00,Tabanan,16694904,81.8
2026-09-30 22:00:00+00:00,Tabanan,16694904,82.1
2026-09-30 23:00:00+00:00,Tabanan,16694904,98.0
2026-10-01 00:00:00+00:00,Tabanan,16694904,50.8
2026-10-01 01:00:00+00:00,Tabanan,16694904,41.1
2026-10-01 02:00:00+00:00,Tabanan,16694904,34.9
2026-10-01 03:00:00+00:00,Tabanan,16694904,31.8
2025-02-17 02:00:00+00:00,Wedomartani,10417762,49.8
2025-02-17 03:00:00+00:00,Wedomartani,10417762,36.6
2025-02-17 04:00:00+00:00,Wedomartani,10417762,17.5
2025-02-17 05:00:00+00:00,Wedomartani,10417762,25.9
2025-02-17 06:00:00+00:00,Wedomartani,10417762,26.7
2025-02-17 07:00:00+00:00,Wedomartani,10417762,22.2
2025-02-17 08:00:00+00:00,Wedomartani,10417762,17.9
2025-02-17 09:00:00+00:00,Wedomartani,10417762,15.2
2025-02-17 10:00:00+00:00,Wedomartani,10417762,24.0
2025-02-17 11:00:00+00:00,Wedomartani,10417762,30.6
2025-02-17 12:00:00+00:00,Wedomartani,10417762,24.7
2025-02-17 13:00:00+00:00,Wedomartani,10417762,15.5
2025-02-17 14:00:00+00:00,Wedomartani,10417762,4.12
2025-02-17 15:00:00+00:00,Wedomartani,10417762,40.2
2025-02-17 16:00:00+00:00,Wedomartani,10417762,37.3
2025-02-17 17:00:00+00:00,Wedomartani,10417762,48.9
2025-02-17 18:00:00+00:00,Wedomartani,10417762,39.0
2025-02-17 19:00:00+00:00,Wedomartani,10417762,38.1
2025-02-17 20:00:00+00:00,Wedomartani,10417762,38.1
2025-02-17 21:00:00+00:00,Wedomartani,10417762,40.3
2025-02-17 22:00:00+00:00,Wedomartani,10417762,46.9
2025-02-17 23:00:00+00:00,Wedomartani,10417762,55.5
2025-02-18 00:00:00+00:00,Wedomartani,10417762,47.6
2025-02-18 01:00:00+00:00,Wedomartani,10417762,46.8
2025-02-18 02:00:00+00:00,Wedomartani,10417762,33.1
2025-02-18 03:00:00+00:00,Wedomartani,10417762,29.7
2025-02-18 04:00:00+00:00,Wedomartani,10417762,34.3
2025-02-18 05:00:00+00:00,Wedomartani,10417762,15.1
2025-02-18 06:00:00+00:00,Wedomartani,10417762,12.2
2025-02-18 07:00:00+00:00,Wedomartani,10417762,8.54
2025-02-18 08:00:00+00:00,Wedomartani,10417762,7.81
2025-02-18 09:00:00+00:00,Wedomartani,10417762,23.3
2025-02-18 10:00:00+00:00,Wedomartani,10417762,36.2
2025-02-18 11:00:00+00:00,Wedomartani,10417762,36.8
2025-02-18 12:00:00+00:00,Wedomartani,10417762,21.9
2025-02-18 13:00:00+00:00,Wedomartani,10417762,38.5
2025-02-18 14:00:00+00:00,Wedomartani,10417762,36.9
2025-02-18 15:00:00+00:00,Wedomartani,10417762,29.0
2025-02-18 16:00:00+00:00,Wedomartani,10417762,19.6
2025-02-18 17:00:00+00:00,Wedomartani,10417762,8.02
2025-02-18 18:00:00+00:00,Wedomartani,10417762,12.5
2025-02-18 19:00:00+00:00,Wedomartani,10417762,7.36
2025-02-18 20:00:00+00:00,Wedomartani,10417762,11.0
2025-02-18 21:00:00+00:00,Wedomartani,10417762,24.2
2025-02-18 22:00:00+00:00,Wedomartani,10417762,31.1
2025-02-18 23:00:00+00:00,Wedomartani,10417762,40.2
2025-02-19 00:00:00+00:00,Wedomartani,10417762,46.2
2025-02-19 01:00:00+00:00,Wedomartani,10417762,50.6
2025-02-19 02:00:00+00:00,Wedomartani,10417762,45.4
2025-02-19 03:00:00+00:00,Wedomartani,10417762,32.0
2025-02-19 04:00:00+00:00,Wedomartani,10417762,37.7
2025-02-19 05:00:00+00:00,Wedomartani,10417762,41.4
2025-02-19 06:00:00+00:00,Wedomartani,10417762,36.9
2025-02-19 07:00:00+00:00,Wedomartani,10417762,36.7
2025-02-19 08:00:00+00:00,Wedomartani,10417762,53.9
2025-02-19 09:00:00+00:00,Wedomartani,10417762,73.0
2025-02-19 10:00:00+00:00,Wedomartani,10417762,39.5
2025-02-19 11:00:00+00:00,Wedomartani,10417762,78.8
2025-02-19 12:00:00+00:00,Wedomartani,10417762,72.6
2025-02-19 13:00:00+00:00,Wedomartani,10417762,109.0
2025-02-19 14:00:00+00:00,Wedomartani,10417762,114.0
2025-02-19 15:00:00+00:00,Wedomartani,10417762,87.9
2025-02-19 16:00:00+00:00,Wedomartani,10417762,31.0
2025-02-19 17:00:00+00:00,Wedomartani,10417762,20.5
2025-02-19 18:00:00+00:00,Wedomartani,10417762,24.6
2025-02-19 19:00:00+00:00,Wedomartani,10417762,25.9
2025-02-19 20:00:00+00:00,Wedomartani,10417762,37.3
2025-02-19 21:00:00+00:00,Wedomartani,10417762,40.6
2025-02-19 22:00:00+00:00,Wedomartani,10417762,45.3
2025-02-19 23:00:00+00:00,Wedomartani,10417762,47.0
2025-02-20 00:00:00+00:00,Wedomartani,10417762,45.6
2025-02-20 01:00:00+00:00,Wedomartani,10417762,46.9
2025-02-20 02:00:00+00:00,Wedomartani,10417762,42.1
2025-02-20 03:00:00+00:00,Wedomartani,10417762,33.0
2025-02-20 04:00:00+00:00,Wedomartani,10417762,26.0
2025-02-20 05:00:00+00:00,Wedomartani,10417762,20.8
2025-02-20 06:00:00+00:00,Wedomartani,10417762,30.3
2025-02-20 07:00:00+00:00,Wedomartani,10417762,20.9
2025-02-20 08:00:00+00:00,Wedomartani,10417762,12.9
2025-02-20 09:00:00+00:00,Wedomartani,10417762,23.0
2025-02-20 10:00:00+00:00,Wedomartani,10417762,38.9
2025-02-20 11:00:00+00:00,Wedomartani,10417762,46.8
2025-02-20 12:00:00+00:00,Wedomartani,10417762,35.2
2025-02-20 13:00:00+00:00,Wedomartani,10417762,41.3
2025-02-20 14:00:00+00:00,Wedomartani,10417762,58.4
2025-02-20 15:00:00+00:00,Wedomartani,10417762,131.0
2025-02-20 16:00:00+00:00,Wedomartani,10417762,45.6
2025-02-20 17:00:00+00:00,Wedomartani,10417762,35.2
2025-02-20 18:00:00+00:00,Wedomartani,10417762,23.2
2025-02-20 19:00:00+00:00,Wedomartani,10417762,16.7
2025-02-20 20:00:00+00:00,Wedomartani,10417762,22.1
2025-02-20 21:00:00+00:00,Wedomartani,10417762,40.4
2025-02-20 22:00:00+00:00,Wedomartani,10417762,40.8
2025-02-20 23:00:00+00:00,Wedomartani,10417762,70.0
2025-02-21 00:00:00+00:00,Wedomartani,10417762,34.3
2025-02-21 01:00:00+00:00,Wedomartani,10417762,15.7
2025-02-21 02:00:00+00:00,Wedomartani,10417762,14.1
2025-02-21 03:00:00+00:00,Wedomartani,10417762,7.52
2025-02-21 04:00:00+00:00,Wedomartani,10417762,7.71
2025-02-21 05:00:00+00:00,Wedomartani,10417762,10.9
2025-02-21 06:00:00+00:00,Wedomartani,10417762,13.8
2025-02-21 07:00:00+00:00,Wedomartani,10417762,32.1
2025-02-21 08:00:00+00:00,Wedomartani,10417762,25.8
2025-02-21 09:00:00+00:00,Wedomartani,10417762,25.9
2025-02-21 10:00:00+00:00,Wedomartani,10417762,34.0
2025-02-21 11:00:00+00:00,Wedomartani,10417762,35.1
2025-02-21 12:00:00+00:00,Wedomartani,10417762,27.3
2025-02-21 13:00:00+00:00,Wedomartani,10417762,46.4
2025-02-21 14:00:00+00:00,Wedomartani,10417762,50.1
2025-02-21 15:00:00+00:00,Wedomartani,10417762,43.6
2025-02-21 16:00:00+00:00,Wedomartani,10417762,41.8
2025-02-21 17:00:00+00:00,Wedomartani,10417762,37.3
2025-02-21 18:00:00+00:00,Wedomartani,10417762,47.6
2025-02-21 19:00:00+00:00,Wedomartani,10417762,53.0
2025-02-21 20:00:00+00:00,Wedomartani,10417762,38.9
2025-02-21 21:00:00+00:00,Wedomartani,10417762,39.1
2025-02-21 22:00:00+00:00,Wedomartani,10417762,39.9
2025-02-21 23:00:00+00:00,Wedomartani,10417762,55.8
2025-02-22 00:00:00+00:00,Wedomartani,10417762,62.3
2025-02-22 01:00:00+00:00,Wedomartani,10417762,51.4
2025-02-22 02:00:00+00:00,Wedomartani,10417762,48.1
2025-02-22 03:00:00+00:00,Wedomartani,10417762,42.2
2025-02-22 04:00:00+00:00,Wedomartani,10417762,33.6
2025-02-22 05:00:00+00:00,Wedomartani,10417762,31.0
2025-02-22 06:00:00+00:00,Wedomartani,10417762,39.8
2025-02-22 07:00:00+00:00,Wedomartani,10417762,20.7
2025-02-22 08:00:00+00:00,Wedomartani,10417762,38.1
2025-02-22 09:00:00+00:00,Wedomartani,10417762,28.7
2025-02-22 10:00:00+00:00,Wedomartani,10417762,29.8
2025-02-22 11:00:00+00:00,Wedomartani,10417762,31.5
2025-02-22 12:00:00+00:00,Wedomartani,10417762,42.8
2025-02-22 13:00:00+00:00,Wedomartani,10417762,41.1
2025-02-22 14:00:00+00:00,Wedomartani,10417762,45.5
2025-02-22 15:00:00+00:00,Wedomartani,10417762,50.9
2025-02-22 16:00:00+00:00,Wedomartani,10417762,61.9
2025-02-22 17:00:00+00:00,Wedomartani,10417762,50.5
2025-02-22 18:00:00+00:00,Wedomartani,10417762,50.4
2025-02-22 19:00:00+00:00,Wedomartani,10417762,50.7
2025-02-22 20:00:00+00:00,Wedomartani,10417762,48.0
2025-02-22 21:00:00+00:00,Wedomartani,10417762,46.0
2025-02-22 22:00:00+00:00,Wedomartani,10417762,50.9
2025-02-22 23:00:00+00:00,Wedomartani,10417762,55.1
2025-02-23 00:00:00+00:00,Wedomartani,10417762,53.1
2025-02-23 01:00:00+00:00,Wedomartani,10417762,56.1
2025-02-23 02:00:00+00:00,Wedomartani,10417762,59.6
2025-02-23 03:00:00+00:00,Wedomartani,10417762,48.8
2025-02-23 04:00:00+00:00,Wedomartani,10417762,42.3
2025-02-23 05:00:00+00:00,Wedomartani,10417762,44.6
2025-02-23 06:00:00+00:00,Wedomartani,10417762,29.3
2025-02-23 07:00:00+00:00,Wedomartani,10417762,13.4
2025-02-23 08:00:00+00:00,Wedomartani,10417762,14.7
2025-02-23 09:00:00+00:00,Wedomartani,10417762,18.4
2025-02-23 10:00:00+00:00,Wedomartani,10417762,50.5
2025-02-23 11:00:00+00:00,Wedomartani,10417762,68.7
2025-02-23 12:00:00+00:00,Wedomartani,10417762,51.5
2025-02-23 13:00:00+00:00,Wedomartani,10417762,42.3
2025-02-23 14:00:00+00:00,Wedomartani,10417762,39.6
2025-02-23 15:00:00+00:00,Wedomartani,10417762,31.7
2025-02-23 16:00:00+00:00,Wedomartani,10417762,32.4
2025-02-23 17:00:00+00:00,Wedomartani,10417762,35.2
2025-02-23 18:00:00+00:00,Wedomartani,10417762,34.9
2025-02-23 19:00:00+00:00,Wedomartani,10417762,32.1
2025-02-23 20:00:00+00:00,Wedomartani,10417762,24.1
2025-02-23 21:00:00+00:00,Wedomartani,10417762,31.0
2025-02-23 22:00:00+00:00,Wedomartani,10417762,41.8
2025-02-23 23:00:00+00:00,Wedomartani,10417762,48.9
2025-02-24 00:00:00+00:00,Wedomartani,10417762,49.7
2025-02-24 01:00:00+00:00,Wedomartani,10417762,50.6
2025-02-24 02:00:00+00:00,Wedomartani,10417762,36.8
2025-02-24 03:00:00+00:00,Wedomartani,10417762,35.2
2025-02-24 04:00:00+00:00,Wedomartani,10417762,37.8
2025-02-24 05:00:00+00:00,Wedomartani,10417762,34.0
2025-02-24 06:00:00+00:00,Wedomartani,10417762,34.9
2025-02-24 07:00:00+00:00,Wedomartani,10417762,29.7
2025-02-24 08:00:00+00:00,Wedomartani,10417762,32.8
2025-02-24 09:00:00+00:00,Wedomartani,10417762,34.4
2025-02-24 10:00:00+00:00,Wedomartani,10417762,38.6
2025-02-24 11:00:00+00:00,Wedomartani,10417762,29.5
2025-02-24 12:00:00+00:00,Wedomartani,10417762,34.2
2025-02-24 13:00:00+00:00,Wedomartani,10417762,38.3
2025-02-24 14:00:00+00:00,Wedomartani,10417762,28.7
2025-02-24 15:00:00+00:00,Wedomartani,10417762,33.8
2025-02-24 16:00:00+00:00,Wedomartani,10417762,36.4
2025-02-24 17:00:00+00:00,Wedomartani,10417762,34.8
2025-02-24 18:00:00+00:00,Wedomartani,10417762,34.5
2025-02-24 19:00:00+00:00,Wedomartani,10417762,32.5
2025-02-24 20:00:00+00:00,Wedomartani,10417762,61.6
2025-02-24 21:00:00+00:00,Wedomartani,10417762,37.8
2025-02-24 22:00:00+00:00,Wedomartani,10417762,43.4
2025-02-24 23:00:00+00:00,Wedomartani,10417762,51.7
2025-02-25 00:00:00+00:00,Wedomartani,10417762,55.1
2025-02-25 01:00:00+00:00,Wedomartani,10417762,41.2
2025-02-25 02:00:00+00:00,Wedomartani,10417762,40.7
2025-02-25 03:00:00+00:00,Wedomartani,10417762,44.9
2025-02-25 04:00:00+00:00,Wedomartani,10417762,18.9
2025-02-25 05:00:00+00:00,Wedomartani,10417762,13.8
2025-02-25 06:00:00+00:00,Wedomartani,10417762,23.3
2025-02-25 07:00:00+00:00,Wedomartani,10417762,21.4
2025-02-25 08:00:00+00:00,Wedomartani,10417762,19.8
2025-02-25 09:00:00+00:00,Wedomartani,10417762,27.0
2025-02-25 10:00:00+00:00,Wedomartani,10417762,32.2
2025-02-25 11:00:00+00:00,Wedomartani,10417762,41.9
2025-02-25 12:00:00+00:00,Wedomartani,10417762,42.8
2025-02-25 13:00:00+00:00,Wedomartani,10417762,55.4
2025-02-25 14:00:00+00:00,Wedomartani,10417762,39.1
2025-02-25 15:00:00+00:00,Wedomartani,10417762,35.2
2025-02-25 16:00:00+00:00,Wedomartani,10417762,37.0
2025-02-25 17:00:00+00:00,Wedomartani,10417762,48.1
2025-02-25 18:00:00+00:00,Wedomartani,10417762,50.5
2025-02-25 19:00:00+00:00,Wedomartani,10417762,46.1
2025-02-25 20:00:00+00:00,Wedomartani,10417762,44.7
2025-02-25 21:00:00+00:00,Wedomartani,10417762,36.6
2025-02-25 22:00:00+00:00,Wedomartani,10417762,21.9
2025-02-25 23:00:00+00:00,Wedomartani,10417762,20.9
2025-02-26 00:00:00+00:00,Wedomartani,10417762,10.3
2025-02-26 01:00:00+00:00,Wedomartani,10417762,16.7
2025-02-26 02:00:00+00:00,Wedomartani,10417762,22.1
2025-02-26 03:00:00+00:00,Wedomartani,10417762,20.2
2025-02-26 04:00:00+00:00,Wedomartani,10417762,22.0
2025-02-26 05:00:00+00:00,Wedomartani,10417762,17.9
2025-02-26 06:00:00+00:00,Wedomartani,10417762,28.3
2025-02-26 07:00:00+00:00,Wedomartani,10417762,14.0
2025-02-26 08:00:00+00:00,Wedomartani,10417762,17.5
2025-02-26 09:00:00+00:00,Wedomartani,10417762,21.1
2025-02-26 10:00:00+00:00,Wedomartani,10417762,28.2
2025-02-26 11:00:00+00:00,Wedomartani,10417762,76.2
2025-02-26 12:00:00+00:00,Wedomartani,10417762,49.6
2025-02-26 13:00:00+00:00,Wedomartani,10417762,74.2
2025-02-26 14:00:00+00:00,Wedomartani,10417762,92.1
2025-02-26 15:00:00+00:00,Wedomartani,10417762,68.7
2025-02-26 16:00:00+00:00,Wedomartani,10417762,62.8
2025-02-26 17:00:00+00:00,Wedomartani,10417762,65.5
2025-02-26 18:00:00+00:00,Wedomartani,10417762,51.3
2025-02-26 19:00:00+00:00,Wedomartani,10417762,57.6
2025-02-26 20:00:00+00:00,Wedomartani,10417762,65.8
2025-02-26 21:00:00+00:00,Wedomartani,10417762,61.6
2025-02-26 22:00:00+00:00,Wedomartani,10417762,69.8
2025-02-26 23:00:00+00:00,Wedomartani,10417762,78.1
2025-02-27 00:00:00+00:00,Wedomartani,10417762,47.1
2025-02-27 01:00:00+00:00,Wedomartani,10417762,54.2
2025-02-27 02:00:00+00:00,Wedomartani,10417762,35.9
2025-02-27 03:00:00+00:00,Wedomartani,10417762,44.6
2025-02-27 04:00:00+00:00,Wedomartani,10417762,42.2
2025-02-27 05:00:00+00:00,Wedomartani,10417762,33.6
2025-02-27 06:00:00+00:00,Wedomartani,10417762,30.9
2025-02-27 07:00:00+00:00,Wedomartani,10417762,27.6
2025-02-27 08:00:00+00:00,Wedomartani,10417762,23.8
2025-02-27 09:00:00+00:00,Wedomartani,10417762,30.2
2025-02-27 10:00:00+00:00,Wedomartani,10417762,44.5
2025-02-27 11:00:00+00:00,Wedomartani,10417762,29.0
2025-02-27 12:00:00+00:00,Wedomartani,10417762,23.4
2025-02-27 13:00:00+00:00,Wedomartani,10417762,20.8
2025-02-27 14:00:00+00:00,Wedomartani,10417762,39.0
2025-02-27 15:00:00+00:00,Wedomartani,10417762,55.5
2025-02-27 16:00:00+00:00,Wedomartani,10417762,49.8
2025-02-27 17:00:00+00:00,Wedomartani,10417762,48.2
2025-02-27 18:00:00+00:00,Wedomartani,10417762,46.5
2025-02-27 19:00:00+00:00,Wedomartani,10417762,49.4
2025-02-27 20:00:00+00:00,Wedomartani,10417762,49.8
2025-02-27 21:00:00+00:00,Wedomartani,10417762,50.9
2025-02-27 22:00:00+00:00,Wedomartani,10417762,47.8
2025-02-27 23:00:00+00:00,Wedomartani,10417762,54.6
2025-02-28 00:00:00+00:00,Wedomartani,10417762,49.7
2025-02-28 01:00:00+00:00,Wedomartani,10417762,38.0
2025-02-28 02:00:00+00:00,Wedomartani,10417762,31.9
2025-02-28 03:00:00+00:00,Wedomartani,10417762,33.2
2025-02-28 04:00:00+00:00,Wedomartani,10417762,43.6
2025-02-28 05:00:00+00:00,Wedomartani,10417762,39.8
2025-02-28 06:00:00+00:00,Wedomartani,10417762,37.3
2025-02-28 07:00:00+00:00,Wedomartani,10417762,33.9
2025-02-28 08:00:00+00:00,Wedomartani,10417762,42.1
2025-02-28 09:00:00+00:00,Wedomartani,10417762,24.6
2025-02-28 10:00:00+00:00,Wedomartani,10417762,12.1
2025-02-28 11:00:00+00:00,Wedomartani,10417762,26.4
2025-02-28 12:00:00+00:00,Wedomartani,10417762,56.0
2025-02-28 13:00:00+00:00,Wedomartani,10417762,34.0
2025-02-28 14:00:00+00:00,Wedomartani,10417762,55.7
2025-02-28 15:00:00+00:00,Wedomartani,10417762,62.0
2025-02-28 16:00:00+00:00,Wedomartani,10417762,31.3
2025-02-28 17:00:00+00:00,Wedomartani,10417762,38.1
2025-02-28 18:00:00+00:00,Wedomartani,10417762,30.4
2025-02-28 19:00:00+00:00,Wedomartani,10417762,36.4
2025-02-28 20:00:00+00:00,Wedomartani,10417762,33.5
2025-02-28 21:00:00+00:00,Wedomartani,10417762,35.1
2025-02-28 22:00:00+00:00,Wedomartani,10417762,40.2
2025-02-28 23:00:00+00:00,Wedomartani,10417762,42.0
2025-03-01 00:00:00+00:00,Wedomartani,10417762,52.0
2025-03-01 01:00:00+00:00,Wedomartani,10417762,26.3
2025-03-01 02:00:00+00:00,Wedomartani,10417762,18.2
2025-03-01 03:00:00+00:00,Wedomartani,10417762,15.2
2025-03-01 04:00:00+00:00,Wedomartani,10417762,28.7
2025-03-01 05:00:00+00:00,Wedomartani,10417762,14.5
2025-03-01 06:00:00+00:00,Wedomartani,10417762,13.5
2025-03-01 07:00:00+00:00,Wedomartani,10417762,18.4
2025-03-01 08:00:00+00:00,Wedomartani,10417762,22.0
2025-03-01 09:00:00+00:00,Wedomartani,10417762,16.4
2025-03-01 10:00:00+00:00,Wedomartani,10417762,21.1
2025-03-01 11:00:00+00:00,Wedomartani,10417762,43.0
2025-03-01 12:00:00+00:00,Wedomartani,10417762,41.8
2025-03-01 13:00:00+00:00,Wedomartani,10417762,37.9
2025-03-01 14:00:00+00:00,Wedomartani,10417762,47.4
2025-03-01 15:00:00+00:00,Wedomartani,10417762,32.0
2025-03-01 16:00:00+00:00,Wedomartani,10417762,79.6
2025-03-01 17:00:00+00:00,Wedomartani,10417762,51.4
2025-03-01 18:00:00+00:00,Wedomartani,10417762,38.8
2025-03-01 19:00:00+00:00,Wedomartani,10417762,43.6
2025-03-01 20:00:00+00:00,Wedomartani,10417762,47.9
2025-03-01 21:00:00+00:00,Wedomartani,10417762,47.1
2025-03-01 22:00:00+00:00,Wedomartani,10417762,52.4
2025-03-01 23:00:00+00:00,Wedomartani,10417762,56.8
2025-03-02 00:00:00+00:00,Wedomartani,10417762,50.0
2025-03-02 01:00:00+00:00,Wedomartani,10417762,53.7
2025-03-02 02:00:00+00:00,Wedomartani,10417762,46.3
2025-03-02 03:00:00+00:00,Wedomartani,10417762,43.2
2025-03-02 04:00:00+00:00,Wedomartani,10417762,35.7
2025-03-02 05:00:00+00:00,Wedomartani,10417762,33.9
2025-03-02 06:00:00+00:00,Wedomartani,10417762,35.2
2025-03-02 07:00:00+00:00,Wedomartani,10417762,32.8
2025-03-02 08:00:00+00:00,Wedomartani,10417762,34.2
2025-03-02 09:00:00+00:00,Wedomartani,10417762,38.2
2025-03-02 10:00:00+00:00,Wedomartani,10417762,50.1
2025-03-02 11:00:00+00:00,Wedomartani,10417762,44.2
2025-03-02 12:00:00+00:00,Wedomartani,10417762,44.7
2025-03-02 13:00:00+00:00,Wedomartani,10417762,41.4
2025-03-02 14:00:00+00:00,Wedomartani,10417762,47.9
2025-03-02 15:00:00+00:00,Wedomartani,10417762,49.1
2025-03-02 16:00:00+00:00,Wedomartani,10417762,47.1
2025-03-02 17:00:00+00:00,Wedomartani,10417762,46.2
2025-03-02 18:00:00+00:00,Wedomartani,10417762,46.8
2025-03-02 19:00:00+00:00,Wedomartani,10417762,46.8
2025-03-02 20:00:00+00:00,Wedomartani,10417762,47.8
2025-03-02 21:00:00+00:00,Wedomartani,10417762,47.9
2025-03-02 22:00:00+00:00,Wedomartani,10417762,48.8
2025-03-02 23:00:00+00:00,Wedomartani,10417762,52.5
2025-03-03 00:00:00+00:00,Wedomartani,10417762,60.1
2025-03-03 01:00:00+00:00,Wedomartani,10417762,74.1
2025-03-03 02:00:00+00:00,Wedomartani,10417762,59.5
2025-03-03 03:00:00+00:00,Wedomartani,10417762,48.3
2025-03-03 04:00:00+00:00,Wedomartani,10417762,38.4
2025-03-03 05:00:00+00:00,Wedomartani,10417762,42.3
2025-03-03 06:00:00+00:00,Wedomartani,10417762,42.0
2025-03-03 07:00:00+00:00,Wedomartani,10417762,48.9
2025-03-03 08:00:00+00:00,Wedomartani,10417762,48.4
2025-03-03 09:00:00+00:00,Wedomartani,10417762,43.8
2025-03-03 10:00:00+00:00,Wedomartani,10417762,66.3
2025-03-03 11:00:00+00:00,Wedomartani,10417762,79.3
2025-03-03 12:00:00+00:00,Wedomartani,10417762,55.1
2025-03-03 13:00:00+00:00,Wedomartani,10417762,39.2
2025-03-03 14:00:00+00:00,Wedomartani,10417762,55.7
2025-03-03 15:00:00+00:00,Wedomartani,10417762,46.7
2025-03-03 16:00:00+00:00,Wedomartani,10417762,47.4
2025-03-03 17:00:00+00:00,Wedomartani,10417762,76.0
2025-03-03 18:00:00+00:00,Wedomartani,10417762,68.7
2025-03-03 19:00:00+00:00,Wedomartani,10417762,47.2
2025-03-03 20:00:00+00:00,Wedomartani,10417762,44.1
2025-03-03 21:00:00+00:00,Wedomartani,10417762,41.4
2025-03-03 22:00:00+00:00,Wedomartani,10417762,51.3
2025-03-03 23:00:00+00:00,Wedomartani,10417762,63.7
2025-03-04 00:00:00+00:00,Wedomartani,10417762,71.1
2025-03-04 01:00:00+00:00,Wedomartani,10417762,64.2
2025-03-04 02:00:00+00:00,Wedomartani,10417762,97.8
2025-03-04 03:00:00+00:00,Wedomartani,10417762,48.4
2025-03-04 04:00:00+00:00,Wedomartani,10417762,43.0
2025-03-04 05:00:00+00:00,Wedomartani,10417762,41.1
2025-03-04 06:00:00+00:00,Wedomartani,10417762,45.1
2025-03-04 07:00:00+00:00,Wedomartani,10417762,49.7
2025-03-04 08:00:00+00:00,Wedomartani,10417762,51.3
2025-03-04 09:00:00+00:00,Wedomartani,10417762,47.3
2025-03-04 10:00:00+00:00,Wedomartani,10417762,51.3
2025-03-04 11:00:00+00:00,Wedomartani,10417762,64.3
2025-03-04 12:00:00+00:00,Wedomartani,10417762,50.8
2025-03-04 13:00:00+00:00,Wedomartani,10417762,42.4
2025-03-04 14:00:00+00:00,Wedomartani,10417762,64.6
2025-03-04 15:00:00+00:00,Wedomartani,10417762,48.2
2025-03-04 16:00:00+00:00,Wedomartani,10417762,53.6
2025-03-04 17:00:00+00:00,Wedomartani,10417762,50.9
2025-03-04 18:00:00+00:00,Wedomartani,10417762,62.7
2025-03-04 19:00:00+00:00,Wedomartani,10417762,66.2
2025-03-04 20:00:00+00:00,Wedomartani,10417762,67.2
2025-03-04 21:00:00+00:00,Wedomartani,10417762,67.0
2025-03-04 22:00:00+00:00,Wedomartani,10417762,65.5
2025-03-04 23:00:00+00:00,Wedomartani,10417762,66.3
2025-03-05 00:00:00+00:00,Wedomartani,10417762,65.2
2025-03-05 01:00:00+00:00,Wedomartani,10417762,56.2
2025-03-05 02:00:00+00:00,Wedomartani,10417762,50.7
2025-03-05 03:00:00+00:00,Wedomartani,10417762,28.1
2025-03-05 04:00:00+00:00,Wedomartani,10417762,25.8
2025-03-05 05:00:00+00:00,Wedomartani,10417762,32.6
2025-03-05 06:00:00+00:00,Wedomartani,10417762,40.0
2025-03-05 07:00:00+00:00,Wedomartani,10417762,42.9
2025-03-05 08:00:00+00:00,Wedomartani,10417762,43.8
2025-03-05 09:00:00+00:00,Wedomartani,10417762,48.0
2025-03-05 10:00:00+00:00,Wedomartani,10417762,64.4
2025-03-05 11:00:00+00:00,Wedomartani,10417762,66.5
2025-03-05 12:00:00+00:00,Wedomartani,10417762,66.1
2025-03-05 13:00:00+00:00,Wedomartani,10417762,61.1
2025-03-05 14:00:00+00:00,Wedomartani,10417762,74.4
2025-03-05 15:00:00+00:00,Wedomartani,10417762,75.2
2025-03-05 16:00:00+00:00,Wedomartani,10417762,77.7
2025-03-05 17:00:00+00:00,Wedomartani,10417762,93.2
2025-03-05 18:00:00+00:00,Wedomartani,10417762,79.9
2025-03-05 19:00:00+00:00,Wedomartani,10417762,81.9
2025-03-05 20:00:00+00:00,Wedomartani,10417762,79.8
2025-03-05 21:00:00+00:00,Wedomartani,10417762,78.5
2025-03-05 22:00:00+00:00,Wedomartani,10417762,85.2
2025-03-05 23:00:00+00:00,Wedomartani,10417762,115.0
2025-03-06 00:00:00+00:00,Wedomartani,10417762,95.5
2025-03-06 01:00:00+00:00,Wedomartani,10417762,89.5
2025-03-06 02:00:00+00:00,Wedomartani,10417762,67.4
2025-03-06 03:00:00+00:00,Wedomartani,10417762,51.2
2025-03-06 04:00:00+00:00,Wedomartani,10417762,53.2
2025-03-06 05:00:00+00:00,Wedomartani,10417762,49.9
2025-03-06 06:00:00+00:00,Wedomartani,10417762,33.8
2025-03-06 07:00:00+00:00,Wedomartani,10417762,27.5
2025-03-06 08:00:00+00:00,Wedomartani,10417762,31.9
2025-03-06 09:00:00+00:00,Wedomartani,10417762,30.1
2025-03-06 10:00:00+00:00,Wedomartani,10417762,36.1
2025-03-06 11:00:00+00:00,Wedomartani,10417762,36.7
2025-03-06 12:00:00+00:00,Wedomartani,10417762,32.4
2025-03-06 13:00:00+00:00,Wedomartani,10417762,30.5
2025-03-06 14:00:00+00:00,Wedomartani,10417762,36.0
2025-03-06 15:00:00+00:00,Wedomartani,10417762,33.3
2025-03-06 16:00:00+00:00,Wedomartani,10417762,31.1
2025-03-06 17:00:00+00:00,Wedomartani,10417762,13.2
2025-03-06 18:00:00+00:00,Wedomartani,10417762,15.8
2025-03-06 19:00:00+00:00,Wedomartani,10417762,11.8
2025-03-06 20:00:00+00:00,Wedomartani,10417762,12.3
2025-03-06 21:00:00+00:00,Wedomartani,10417762,14.9
2025-03-06 22:00:00+00:00,Wedomartani,10417762,11.6
2025-03-06 23:00:00+00:00,Wedomartani,10417762,27.2
2025-03-07 00:00:00+00:00,Wedomartani,10417762,39.1
2025-03-07 01:00:00+00:00,Wedomartani,10417762,66.9
2025-03-07 02:00:00+00:00,Wedomartani,10417762,16.1
2025-03-07 03:00:00+00:00,Wedomartani,10417762,21.6
2025-03-07 04:00:00+00:00,Wedomartani,10417762,17.7
2025-03-07 05:00:00+00:00,Wedomartani,10417762,15.0
2025-03-07 06:00:00+00:00,Wedomartani,10417762,8.96
2025-03-07 07:00:00+00:00,Wedomartani,10417762,9.33
2025-03-07 08:00:00+00:00,Wedomartani,10417762,10.5
2025-03-07 09:00:00+00:00,Wedomartani,10417762,14.6
2025-03-07 10:00:00+00:00,Wedomartani,10417762,19.3
2025-03-07 11:00:00+00:00,Wedomartani,10417762,28.7
2025-03-07 12:00:00+00:00,Wedomartani,10417762,36.0
2025-03-07 13:00:00+00:00,Wedomartani,10417762,39.0
2025-03-07 14:00:00+00:00,Wedomartani,10417762,37.5
2025-03-07 15:00:00+00:00,Wedomartani,10417762,49.1
2025-03-07 16:00:00+00:00,Wedomartani,10417762,48.8
2025-03-07 17:00:00+00:00,Wedomartani,10417762,42.4
2025-03-07 18:00:00+00:00,Wedomartani,10417762,37.3
2025-03-07 19:00:00+00:00,Wedomartani,10417762,36.1
2025-03-07 20:00:00+00:00,Wedomartani,10417762,25.8
2025-03-07 21:00:00+00:00,Wedomartani,10417762,39.8
2025-03-07 22:00:00+00:00,Wedomartani,10417762,42.3
2025-03-07 23:00:00+00:00,Wedomartani,10417762,63.2
2025-03-08 00:00:00+00:00,Wedomartani,10417762,48.6
2025-03-08 01:00:00+00:00,Wedomartani,10417762,33.5
2025-03-08 02:00:00+00:00,Wedomartani,10417762,39.2
2025-03-08 03:00:00+00:00,Wedomartani,10417762,27.2
2025-03-08 04:00:00+00:00,Wedomartani,10417762,17.1
2025-03-08 05:00:00+00:00,Wedomartani,10417762,27.7
2025-03-08 06:00:00+00:00,Wedomartani,10417762,20.5
2025-03-08 07:00:00+00:00,Wedomartani,10417762,26.7
2025-03-08 08:00:00+00:00,Wedomartani,10417762,21.3
2025-03-08 09:00:00+00:00,Wedomartani,10417762,20.7
2025-03-08 10:00:00+00:00,Wedomartani,10417762,26.1
2025-03-08 11:00:00+00:00,Wedomartani,10417762,28.7
2025-03-08 12:00:00+00:00,Wedomartani,10417762,25.5
2025-03-08 13:00:00+00:00,Wedomartani,10417762,21.3
2025-03-08 14:00:00+00:00,Wedomartani,10417762,20.2
2025-03-08 15:00:00+00:00,Wedomartani,10417762,18.7
2025-03-08 16:00:00+00:00,Wedomartani,10417762,48.5
2025-03-08 17:00:00+00:00,Wedomartani,10417762,74.2
2025-03-08 18:00:00+00:00,Wedomartani,10417762,27.7
2025-03-08 19:00:00+00:00,Wedomartani,10417762,29.7
2025-03-08 20:00:00+00:00,Wedomartani,10417762,33.8
2025-03-08 21:00:00+00:00,Wedomartani,10417762,34.8
2025-03-08 22:00:00+00:00,Wedomartani,10417762,34.3
2025-03-08 23:00:00+00:00,Wedomartani,10417762,37.4
2025-03-09 00:00:00+00:00,Wedomartani,10417762,40.4
2025-03-09 01:00:00+00:00,Wedomartani,10417762,36.4
2025-03-09 02:00:00+00:00,Wedomartani,10417762,27.0
2025-03-09 03:00:00+00:00,Wedomartani,10417762,29.4
2025-03-09 04:00:00+00:00,Wedomartani,10417762,19.5
2025-03-09 05:00:00+00:00,Wedomartani,10417762,15.6
2025-03-09 06:00:00+00:00,Wedomartani,10417762,23.6
2025-03-09 07:00:00+00:00,Wedomartani,10417762,24.0
2025-03-09 08:00:00+00:00,Wedomartani,10417762,27.8
2025-03-09 09:00:00+00:00,Wedomartani,10417762,30.8
2025-03-09 10:00:00+00:00,Wedomartani,10417762,44.5
2025-03-09 11:00:00+00:00,Wedomartani,10417762,46.2
2025-03-09 12:00:00+00:00,Wedomartani,10417762,50.5
2025-03-09 13:00:00+00:00,Wedomartani,10417762,40.5
2025-03-09 14:00:00+00:00,Wedomartani,10417762,38.6
2025-03-09 15:00:00+00:00,Wedomartani,10417762,48.3
2025-03-09 16:00:00+00:00,Wedomartani,10417762,62.8
2025-03-09 17:00:00+00:00,Wedomartani,10417762,48.9
2025-03-09 18:00:00+00:00,Wedomartani,10417762,48.0
2025-03-09 19:00:00+00:00,Wedomartani,10417762,50.7
2025-03-09 20:00:00+00:00,Wedomartani,10417762,49.2
2025-03-09 21:00:00+00:00,Wedomartani,10417762,49.3
2025-03-09 22:00:00+00:00,Wedomartani,10417762,49.8
2025-03-09 23:00:00+00:00,Wedomartani,10417762,57.5
2025-03-10 00:00:00+00:00,Wedomartani,10417762,63.7
2025-03-10 01:00:00+00:00,Wedomartani,10417762,57.5
2025-03-10 02:00:00+00:00,Wedomartani,10417762,49.5
2025-03-10 03:00:00+00:00,Wedomartani,10417762,43.9
2025-03-10 04:00:00+00:00,Wedomartani,10417762,46.0
2025-03-10 05:00:00+00:00,Wedomartani,10417762,40.8
2025-03-10 06:00:00+00:00,Wedomartani,10417762,17.6
2025-03-10 07:00:00+00:00,Wedomartani,10417762,19.5
2025-03-10 08:00:00+00:00,Wedomartani,10417762,27.0
2025-03-10 09:00:00+00:00,Wedomartani,10417762,28.8
2025-03-10 10:00:00+00:00,Wedomartani,10417762,36.4
2025-03-10 11:00:00+00:00,Wedomartani,10417762,88.3
2025-03-10 12:00:00+00:00,Wedomartani,10417762,60.5
2025-03-10 13:00:00+00:00,Wedomartani,10417762,69.7
2025-03-10 14:00:00+00:00,Wedomartani,10417762,58.4
2025-03-10 15:00:00+00:00,Wedomartani,10417762,36.3
2025-03-10 16:00:00+00:00,Wedomartani,10417762,77.9
2025-03-10 17:00:00+00:00,Wedomartani,10417762,81.3
2025-03-10 18:00:00+00:00,Wedomartani,10417762,43.3
2025-03-10 19:00:00+00:00,Wedomartani,10417762,34.2
2025-03-10 20:00:00+00:00,Wedomartani,10417762,33.4
2025-03-10 21:00:00+00:00,Wedomartani,10417762,42.7
2025-03-10 22:00:00+00:00,Wedomartani,10417762,49.2
2025-03-10 23:00:00+00:00,Wedomartani,10417762,45.7
2025-03-11 00:00:00+00:00,Wedomartani,10417762,49.5
2025-03-11 01:00:00+00:00,Wedomartani,10417762,50.4
2025-03-11 02:00:00+00:00,Wedomartani,10417762,45.0
2025-03-11 03:00:00+00:00,Wedomartani,10417762,40.9
2025-03-11 04:00:00+00:00,Wedomartani,10417762,40.1
2025-03-11 05:00:00+00:00,Wedomartani,10417762,42.8
2025-03-11 06:00:00+00:00,Wedomartani,10417762,45.3
2025-03-11 07:00:00+00:00,Wedomartani,10417762,41.3
2025-03-11 08:00:00+00:00,Wedomartani,10417762,24.6
2025-03-11 09:00:00+00:00,Wedomartani,10417762,38.7
2025-03-11 10:00:00+00:00,Wedomartani,10417762,35.7
2025-03-11 11:00:00+00:00,Wedomartani,10417762,47.9
2025-03-11 12:00:00+00:00,Wedomartani,10417762,49.5
2025-03-11 13:00:00+00:00,Wedomartani,10417762,53.7
2025-03-11 14:00:00+00:00,Wedomartani,10417762,83.2
2025-03-11 15:00:00+00:00,Wedomartani,10417762,107.0
2025-03-11 16:00:00+00:00,Wedomartani,10417762,100.0
2025-03-11 17:00:00+00:00,Wedomartani,10417762,82.2
2025-03-11 18:00:00+00:00,Wedomartani,10417762,56.8
2025-03-11 19:00:00+00:00,Wedomartani,10417762,55.1
2025-03-11 20:00:00+00:00,Wedomartani,10417762,51.9
2025-03-11 21:00:00+00:00,Wedomartani,10417762,51.6
2025-03-11 22:00:00+00:00,Wedomartani,10417762,51.4
2025-03-11 23:00:00+00:00,Wedomartani,10417762,53.2
2025-03-12 00:00:00+00:00,Wedomartani,10417762,51.4
2025-03-12 01:00:00+00:00,Wedomartani,10417762,87.8
2025-03-12 02:00:00+00:00,Wedomartani,10417762,56.5
2025-03-12 03:00:00+00:00,Wedomartani,10417762,35.8
2025-03-12 04:00:00+00:00,Wedomartani,10417762,40.1
2025-03-12 05:00:00+00:00,Wedomartani,10417762,41.1
2025-03-12 06:00:00+00:00,Wedomartani,10417762,54.1
2025-03-12 07:00:00+00:00,Wedomartani,10417762,50.0
2025-03-12 08:00:00+00:00,Wedomartani,10417762,64.6
2025-03-12 09:00:00+00:00,Wedomartani,10417762,69.4
2025-03-12 10:00:00+00:00,Wedomartani,10417762,98.3
2025-03-12 11:00:00+00:00,Wedomartani,10417762,87.0
2025-03-12 12:00:00+00:00,Wedomartani,10417762,85.4
2025-03-12 13:00:00+00:00,Wedomartani,10417762,87.2
2025-03-12 14:00:00+00:00,Wedomartani,10417762,99.5
2025-03-12 15:00:00+00:00,Wedomartani,10417762,66.0
2025-03-12 16:00:00+00:00,Wedomartani,10417762,61.0
2025-03-12 17:00:00+00:00,Wedomartani,10417762,65.1
2025-03-12 18:00:00+00:00,Wedomartani,10417762,65.6
2025-03-12 19:00:00+00:00,Wedomartani,10417762,51.2
2025-03-12 20:00:00+00:00,Wedomartani,10417762,49.2
2025-03-12 21:00:00+00:00,Wedomartani,10417762,49.2
2025-03-12 22:00:00+00:00,Wedomartani,10417762,72.0
2025-03-12 23:00:00+00:00,Wedomartani,10417762,63.8
2025-03-13 01:00:00+00:00,Wedomartani,10417762,81.3
2025-03-13 02:00:00+00:00,Wedomartani,10417762,59.2
2025-03-13 03:00:00+00:00,Wedomartani,10417762,41.0
2025-03-13 04:00:00+00:00,Wedomartani,10417762,35.6
2025-03-13 05:00:00+00:00,Wedomartani,10417762,34.2
2025-03-13 06:00:00+00:00,Wedomartani,10417762,46.8
2025-03-13 07:00:00+00:00,Wedomartani,10417762,44.2
2025-03-13 08:00:00+00:00,Wedomartani,10417762,38.1
2025-03-13 09:00:00+00:00,Wedomartani,10417762,39.7
2025-03-13 10:00:00+00:00,Wedomartani,10417762,48.7
2025-03-13 11:00:00+00:00,Wedomartani,10417762,42.2
2025-03-13 12:00:00+00:00,Wedomartani,10417762,52.4
2025-03-13 13:00:00+00:00,Wedomartani,10417762,80.7
2025-03-13 14:00:00+00:00,Wedomartani,10417762,53.0
2025-03-13 15:00:00+00:00,Wedomartani,10417762,72.3
2025-03-13 16:00:00+00:00,Wedomartani,10417762,58.3
2025-03-13 17:00:00+00:00,Wedomartani,10417762,46.9
2025-03-13 18:00:00+00:00,Wedomartani,10417762,26.0
2025-03-13 19:00:00+00:00,Wedomartani,10417762,9.15
2025-03-13 20:00:00+00:00,Wedomartani,10417762,16.2
2025-03-13 21:00:00+00:00,Wedomartani,10417762,21.2
2025-03-13 22:00:00+00:00,Wedomartani,10417762,29.4
2025-03-13 23:00:00+00:00,Wedomartani,10417762,84.6
2025-03-14 00:00:00+00:00,Wedomartani,10417762,52.9
2025-03-14 01:00:00+00:00,Wedomartani,10417762,21.5
2025-03-14 02:00:00+00:00,Wedomartani,10417762,23.0
2025-03-14 03:00:00+00:00,Wedomartani,10417762,12.4
2025-03-14 04:00:00+00:00,Wedomartani,10417762,9.21
2025-03-14 05:00:00+00:00,Wedomartani,10417762,14.3
2025-03-14 06:00:00+00:00,Wedomartani,10417762,32.3
2025-03-14 07:00:00+00:00,Wedomartani,10417762,29.1
2025-03-14 08:00:00+00:00,Wedomartani,10417762,23.9
2025-03-14 09:00:00+00:00,Wedomartani,10417762,31.3
2025-03-14 10:00:00+00:00,Wedomartani,10417762,39.2
2025-03-14 11:00:00+00:00,Wedomartani,10417762,43.3
2025-03-14 12:00:00+00:00,Wedomartani,10417762,62.1
2025-03-14 13:00:00+00:00,Wedomartani,10417762,71.4
2025-03-14 14:00:00+00:00,Wedomartani,10417762,130.0
2025-03-14 15:00:00+00:00,Wedomartani,10417762,61.1
2025-03-14 16:00:00+00:00,Wedomartani,10417762,56.4
2025-03-14 17:00:00+00:00,Wedomartani,10417762,51.5
2025-03-14 18:00:00+00:00,Wedomartani,10417762,20.1
2025-03-14 19:00:00+00:00,Wedomartani,10417762,8.66
2025-03-14 20:00:00+00:00,Wedomartani,10417762,5.81
2025-03-14 21:00:00+00:00,Wedomartani,10417762,11.1
2025-03-14 22:00:00+00:00,Wedomartani,10417762,11.3
2025-03-14 23:00:00+00:00,Wedomartani,10417762,28.8
2025-03-15 00:00:00+00:00,Wedomartani,10417762,28.7
2025-03-15 01:00:00+00:00,Wedomartani,10417762,24.9
2025-03-15 02:00:00+00:00,Wedomartani,10417762,7.77
2025-03-15 03:00:00+00:00,Wedomartani,10417762,7.81
2025-03-15 04:00:00+00:00,Wedomartani,10417762,13.9
2025-03-15 05:00:00+00:00,Wedomartani,10417762,19.1
2025-03-15 06:00:00+00:00,Wedomartani,10417762,19.4
2025-03-15 07:00:00+00:00,Wedomartani,10417762,15.8
2025-03-15 08:00:00+00:00,Wedomartani,10417762,21.5
2025-03-15 09:00:00+00:00,Wedomartani,10417762,19.4
2025-03-15 10:00:00+00:00,Wedomartani,10417762,28.5
2025-03-15 11:00:00+00:00,Wedomartani,10417762,37.3
2025-03-15 12:00:00+00:00,Wedomartani,10417762,40.8
2025-03-15 13:00:00+00:00,Wedomartani,10417762,25.3
2025-03-15 14:00:00+00:00,Wedomartani,10417762,27.1
2025-03-15 15:00:00+00:00,Wedomartani,10417762,27.0
2025-03-15 16:00:00+00:00,Wedomartani,10417762,37.1
2025-03-15 17:00:00+00:00,Wedomartani,10417762,50.3
2025-03-15 18:00:00+00:00,Wedomartani,10417762,25.8
2025-03-15 19:00:00+00:00,Wedomartani,10417762,22.7
2025-03-15 20:00:00+00:00,Wedomartani,10417762,26.6
2025-03-15 21:00:00+00:00,Wedomartani,10417762,29.7
2025-03-15 22:00:00+00:00,Wedomartani,10417762,30.3
2025-03-15 23:00:00+00:00,Wedomartani,10417762,39.0
2025-03-16 00:00:00+00:00,Wedomartani,10417762,47.2
2025-03-16 01:00:00+00:00,Wedomartani,10417762,36.2
2025-03-16 02:00:00+00:00,Wedomartani,10417762,36.8
2025-03-16 03:00:00+00:00,Wedomartani,10417762,28.3
2025-03-16 04:00:00+00:00,Wedomartani,10417762,18.7
2025-03-16 05:00:00+00:00,Wedomartani,10417762,12.8
2025-03-16 06:00:00+00:00,Wedomartani,10417762,8.12
2025-03-16 07:00:00+00:00,Wedomartani,10417762,9.83
2025-03-16 08:00:00+00:00,Wedomartani,10417762,12.4
2025-03-16 09:00:00+00:00,Wedomartani,10417762,18.9
2025-03-16 10:00:00+00:00,Wedomartani,10417762,23.8
2025-03-16 11:00:00+00:00,Wedomartani,10417762,24.8
2025-03-16 12:00:00+00:00,Wedomartani,10417762,34.7
2025-03-16 13:00:00+00:00,Wedomartani,10417762,27.3
2025-03-16 14:00:00+00:00,Wedomartani,10417762,31.7
2025-03-16 15:00:00+00:00,Wedomartani,10417762,42.2
2025-03-16 16:00:00+00:00,Wedomartani,10417762,40.8
2025-03-16 17:00:00+00:00,Wedomartani,10417762,46.3
2025-03-16 18:00:00+00:00,Wedomartani,10417762,50.9
2025-03-16 19:00:00+00:00,Wedomartani,10417762,54.3
2025-03-16 20:00:00+00:00,Wedomartani,10417762,45.2
2025-03-16 21:00:00+00:00,Wedomartani,10417762,47.4
2025-03-16 22:00:00+00:00,Wedomartani,10417762,47.6
2025-03-16 23:00:00+00:00,Wedomartani,10417762,48.5
2025-03-17 00:00:00+00:00,Wedomartani,10417762,81.0
2025-03-17 01:00:00+00:00,Wedomartani,10417762,97.8
2025-03-17 02:00:00+00:00,Wedomartani,10417762,60.2
2025-03-17 03:00:00+00:00,Wedomartani,10417762,60.2
2025-03-17 04:00:00+00:00,Wedomartani,10417762,55.2
2025-03-17 05:00:00+00:00,Wedomartani,10417762,48.7
2025-03-17 06:00:00+00:00,Wedomartani,10417762,43.8
2025-03-17 07:00:00+00:00,Wedomartani,10417762,41.6
2025-03-17 08:00:00+00:00,Wedomartani,10417762,44.9
2025-03-17 09:00:00+00:00,Wedomartani,10417762,39.8
2025-03-17 10:00:00+00:00,Wedomartani,10417762,30.9
2025-03-17 11:00:00+00:00,Wedomartani,10417762,26.3
2025-03-17 12:00:00+00:00,Wedomartani,10417762,58.8
2025-03-17 13:00:00+00:00,Wedomartani,10417762,79.5
2025-03-17 14:00:00+00:00,Wedomartani,10417762,25.8
2025-03-17 15:00:00+00:00,Wedomartani,10417762,35.4
2025-03-17 16:00:00+00:00,Wedomartani,10417762,43.1
2025-03-17 17:00:00+00:00,Wedomartani,10417762,38.1
2025-03-17 18:00:00+00:00,Wedomartani,10417762,35.7
2025-03-17 19:00:00+00:00,Wedomartani,10417762,36.9
2025-03-17 20:00:00+00:00,Wedomartani,10417762,38.4
2025-03-17 21:00:00+00:00,Wedomartani,10417762,41.5
2025-03-17 22:00:00+00:00,Wedomartani,10417762,44.1
2025-03-17 23:00:00+00:00,Wedomartani,10417762,33.2
2025-03-18 00:00:00+00:00,Wedomartani,10417762,59.2
2025-03-18 01:00:00+00:00,Wedomartani,10417762,38.1
2025-03-18 02:00:00+00:00,Wedomartani,10417762,40.0
2025-03-18 03:00:00+00:00,Wedomartani,10417762,44.1
2025-03-18 04:00:00+00:00,Wedomartani,10417762,39.8
2025-03-18 05:00:00+00:00,Wedomartani,10417762,30.5
2025-03-18 06:00:00+00:00,Wedomartani,10417762,29.0
2025-03-18 07:00:00+00:00,Wedomartani,10417762,32.9
2025-03-18 08:00:00+00:00,Wedomartani,10417762,39.0
2025-03-18 09:00:00+00:00,Wedomartani,10417762,31.3
2025-03-18 10:00:00+00:00,Wedomartani,10417762,30.4
2025-03-18 11:00:00+00:00,Wedomartani,10417762,15.2
2025-03-18 12:00:00+00:00,Wedomartani,10417762,27.3
2025-03-18 13:00:00+00:00,Wedomartani,10417762,36.9
2025-03-18 14:00:00+00:00,Wedomartani,10417762,86.4
2025-03-18 15:00:00+00:00,Wedomartani,10417762,48.9
2025-03-18 16:00:00+00:00,Wedomartani,10417762,37.6
2025-03-18 17:00:00+00:00,Wedomartani,10417762,40.6
2025-03-18 18:00:00+00:00,Wedomartani,10417762,38.1
2025-03-18 19:00:00+00:00,Wedomartani,10417762,50.0
2025-03-18 20:00:00+00:00,Wedomartani,10417762,40.1
2025-03-18 21:00:00+00:00,Wedomartani,10417762,35.9
2025-03-18 22:00:00+00:00,Wedomartani,10417762,39.7
2025-03-18 23:00:00+00:00,Wedomartani,10417762,65.0
2025-03-19 00:00:00+00:00,Wedomartani,10417762,91.8
2025-03-19 01:00:00+00:00,Wedomartani,10417762,52.4
