datetime,location_id,location_name,sensor_id,pm25,unit
2026-08-29 00:00:00+00:00,6496264,Nyambu,17301510,121.0,µg/m³
2026-08-29 01:00:00+00:00,6496264,Nyambu,17301510,47.4,µg/m³
2026-08-29 02:00:00+00:00,6496264,Nyambu,17301510,52.1,µg/m³
2026-08-29 03:00:00+00:00,6496264,Nyambu,17301510,46.8,µg/m³
2026-08-29 04:00:00+00:00,6496264,Nyambu,17301510,41.7,µg/m³
2026-08-29 05:00:00+00:00,6496264,Nyambu,17301510,37.3,µg/m³
2026-08-29 06:00:00+00:00,6496264,Nyambu,17301510,38.8,µg/m³
2026-08-29 07:00:00+00:00,6496264,Nyambu,17301510,33.8,µg/m³
2026-08-29 08:00:00+00:00,6496264,Nyambu,17301510,38.7,µg/m³
2026-08-29 09:00:00+00:00,6496264,Nyambu,17301510,38.9,µg/m³
2026-08-29 10:00:00+00:00,6496264,Nyambu,17301510,43.9,µg/m³
2026-08-29 11:00:00+00:00,6496264,Nyambu,17301510,45.3,µg/m³
2026-08-29 12:00:00+00:00,6496264,Nyambu,17301510,49.4,µg/m³
2026-08-29 13:00:00+00:00,6496264,Nyambu,17301510,45.0,µg/m³
2026-08-29 14:00:00+00:00,6496264,Nyambu,17301510,42.2,µg/m³
2026-08-29 15:00:00+00:00,6496264,Nyambu,17301510,44.8,µg/m³
2026-08-29 16:00:00+00:00,6496264,Nyambu,17301510,63.4,µg/m³
2026-08-29 17:00:00+00:00,6496264,Nyambu,17301510,65.2,µg/m³
2026-08-29 18:00:00+00:00,6496264,Nyambu,17301510,59.5,µg/m³
2026-08-29 19:00:00+00:00,6496264,Nyambu,17301510,52.9,µg/m³
2026-08-29 20:00:00+00:00,6496264,Nyambu,17301510,48.7,µg/m³
2026-08-29 21:00:00+00:00,6496264,Nyambu,17301510,49.6,µg/m³
2026-08-29 22:00:00+00:00,6496264,Nyambu,17301510,49.7,µg/m³
2026-08-29 23:00:00+00:00,6496264,Nyambu,17301510,82.7,µg/m³
2026-08-30 00:00:00+00:00,6496264,Nyambu,17301510,65.0,µg/m³
2026-08-30 01:00:00+00:00,6496264,Nyambu,17301510,47.2,µg/m³
2026-08-30 02:00:00+00:00,6496264,Nyambu,17301510,39.8,µg/m³
2026-08-30 03:00:00+00:00,6496264,Nyambu,17301510,37.4,µg/m³
2026-08-30 04:00:00+00:00,6496264,Nyambu,17301510,30.3,µg/m³
2026-08-30 05:00:00+00:00,6496264,Nyambu,17301510,26.0,µg/m³
2026-08-30 06:00:00+00:00,6496264,Nyambu,17301510,26.0,µg/m³
2026-08-30 07:00:00+00:00,6496264,Nyambu,17301510,25.6,µg/m³
2026-08-30 08:00:00+00:00,6496264,Nyambu,17301510,28.8,µg/m³
2026-08-30 09:00:00+00:00,6496264,Nyambu,17301510,36.2,µg/m³
2026-08-30 10:00:00+00:00,6496264,Nyambu,17301510,43.0,µg/m³
2026-08-30 11:00:00+00:00,6496264,Nyambu,17301510,57.9,µg/m³
2026-08-30 12:00:00+00:00,6496264,Nyambu,17301510,55.1,µg/m³
2026-08-30 13:00:00+00:00,6496264,Nyambu,17301510,52.5,µg/m³
2026-08-30 14:00:00+00:00,6496264,Nyambu,17301510,51.9,µg/m³
2026-08-30 15:00:00+00:00,6496264,Nyambu,17301510,56.7,µg/m³
2026-08-30 16:00:00+00:00,6496264,Nyambu,17301510,50.1,µg/m³
2026-08-30 17:00:00+00:00,6496264,Nyambu,17301510,49.2,µg/m³
2026-08-30 18:00:00+00:00,6496264,Nyambu,17301510,52.3,µg/m³
2026-08-30 19:00:00+00:00,6496264,Nyambu,17301510,46.4,µg/m³
2026-08-30 20:00:00+00:00,6496264,Nyambu,17301510,40.7,µg/m³
2026-08-30 21:00:00+00:00,6496264,Nyambu,17301510,48.9,µg/m³
2026-08-30 22:00:00+00:00,6496264,Nyambu,17301510,74.0,µg/m³
2026-08-30 23:00:00+00:00,6496264,Nyambu,17301510,121.0,µg/m³
2026-08-31 00:00:00+00:00,6496264,Nyambu,17301510,95.5,µg/m³
2026-08-31 01:00:00+00:00,6496264,Nyambu,17301510,45.2,µg/m³
2026-08-31 02:00:00+00:00,6496264,Nyambu,17301510,38.9,µg/m³
2026-08-31 03:00:00+00:00,6496264,Nyambu,17301510,31.4,µg/m³
2026-08-31 04:00:00+00:00,6496264,Nyambu,17301510,30.1,µg/m³
2026-08-31 05:00:00+00:00,6496264,Nyambu,17301510,25.7,µg/m³
2026-08-31 06:00:00+00:00,6496264,Nyambu,17301510,35.9,µg/m³
2026-08-31 07:00:00+00:00,6496264,Nyambu,17301510,30.3,µg/m³
2026-08-31 08:00:00+00:00,6496264,Nyambu,17301510,34.8,µg/m³
2026-08-31 09:00:00+00:00,6496264,Nyambu,17301510,33.6,µg/m³
2026-08-31 10:00:00+00:00,6496264,Nyambu,17301510,45.1,µg/m³
2026-08-31 11:00:00+00:00,6496264,Nyambu,17301510,37.5,µg/m³
2026-08-31 12:00:00+00:00,6496264,Nyambu,17301510,37.8,µg/m³
2026-08-31 13:00:00+00:00,6496264,Nyambu,17301510,44.8,µg/m³
2026-08-31 14:00:00+00:00,6496264,Nyambu,17301510,56.5,µg/m³
2026-08-31 15:00:00+00:00,6496264,Nyambu,17301510,67.1,µg/m³
2026-08-31 16:00:00+00:00,6496264,Nyambu,17301510,55.5,µg/m³
2026-08-31 17:00:00+00:00,6496264,Nyambu,17301510,51.1,µg/m³
2026-08-31 18:00:00+00:00,6496264,Nyambu,17301510,47.2,µg/m³
2026-08-31 19:00:00+00:00,6496264,Nyambu,17301510,41.9,µg/m³
2026-08-31 20:00:00+00:00,6496264,Nyambu,17301510,40.3,µg/m³
2026-08-31 21:00:00+00:00,6496264,Nyambu,17301510,41.6,µg/m³
2026-08-31 22:00:00+00:00,6496264,Nyambu,17301510,62.7,µg/m³
2026-08-31 23:00:00+00:00,6496264,Nyambu,17301510,75.3,µg/m³
2026-09-01 00:00:00+00:00,6496264,Nyambu,17301510,56.8,µg/m³
2026-09-01 01:00:00+00:00,6496264,Nyambu,17301510,39.2,µg/m³
2026-09-01 02:00:00+00:00,6496264,Nyambu,17301510,30.8,µg/m³
2026-09-01 03:00:00+00:00,6496264,Nyambu,17301510,29.8,µg/m³
2026-09-01 04:00:00+00:00,6496264,Nyambu,17301510,23.8,µg/m³
2026-09-01 05:00:00+00:00,6496264,Nyambu,17301510,21.6,µg/m³
2026-09-01 06:00:00+00:00,6496264,Nyambu,17301510,21.0,µg/m³
2026-09-01 07:00:00+00:00,6496264,Nyambu,17301510,24.3,µg/m³
2026-09-01 08:00:00+00:00,6496264,Nyambu,17301510,22.2,µg/m³
2026-09-01 09:00:00+00:00,6496264,Nyambu,17301510,28.4,µg/m³
2026-09-01 10:00:00+00:00,6496264,Nyambu,17301510,31.6,µg/m³
2026-09-01 11:00:00+00:00,6496264,Nyambu,17301510,30.1,µg/m³
2026-09-01 12:00:00+00:00,6496264,Nyambu,17301510,27.7,µg/m³
2026-09-01 13:00:00+00:00,6496264,Nyambu,17301510,23.5,µg/m³
2026-09-01 14:00:00+00:00,6496264,Nyambu,17301510,24.8,µg/m³
2026-09-01 15:00:00+00:00,6496264,Nyambu,17301510,32.5,µg/m³
2026-09-01 16:00:00+00:00,6496264,Nyambu,17301510,32.7,µg/m³
2026-09-01 17:00:00+00:00,6496264,Nyambu,17301510,40.5,µg/m³
2026-09-01 18:00:00+00:00,6496264,Nyambu,17301510,39.1,µg/m³
2026-09-01 19:00:00+00:00,6496264,Nyambu,17301510,44.4,µg/m³
2026-09-01 20:00:00+00:00,6496264,Nyambu,17301510,38.8,µg/m³
2026-09-01 21:00:00+00:00,6496264,Nyambu,17301510,40.9,µg/m³
2026-09-01 22:00:00+00:00,6496264,Nyambu,17301510,52.7,µg/m³
2026-09-01 23:00:00+00:00,6496264,Nyambu,17301510,65.7,µg/m³
2026-09-02 00:00:00+00:00,6496264,Nyambu,17301510,37.7,µg/m³
2026-09-02 01:00:00+00:00,6496264,Nyambu,17301510,29.6,µg/m³
2026-09-02 02:00:00+00:00,6496264,Nyambu,17301510,28.7,µg/m³
2026-09-02 03:00:00+00:00,6496264,Nyambu,17301510,22.9,µg/m³
2026-09-02 04:00:00+00:00,6496264,Nyambu,17301510,20.8,µg/m³
2026-09-02 05:00:00+00:00,6496264,Nyambu,17301510,20.1,µg/m³
2026-09-02 06:00:00+00:00,6496264,Nyambu,17301510,24.6,µg/m³
2026-09-02 07:00:00+00:00,6496264,Nyambu,17301510,28.9,µg/m³
2026-09-02 08:00:00+00:00,6496264,Nyambu,17301510,18.8,µg/m³
2026-09-02 09:00:00+00:00,6496264,Nyambu,17301510,29.6,µg/m³
2026-09-02 10:00:00+00:00,6496264,Nyambu,17301510,34.4,µg/m³
2026-09-02 11:00:00+00:00,6496264,Nyambu,17301510,26.3,µg/m³
2026-09-02 12:00:00+00:00,6496264,Nyambu,17301510,22.7,µg/m³
2026-09-02 13:00:00+00:00,6496264,Nyambu,17301510,18.2,µg/m³
2026-09-02 14:00:00+00:00,6496264,Nyambu,17301510,19.7,µg/m³
2026-09-02 15:00:00+00:00,6496264,Nyambu,17301510,15.7,µg/m³
2026-09-02 16:00:00+00:00,6496264,Nyambu,17301510,25.0,µg/m³
2026-09-02 17:00:00+00:00,6496264,Nyambu,17301510,36.3,µg/m³
2026-09-02 18:00:00+00:00,6496264,Nyambu,17301510,35.6,µg/m³
2026-09-02 19:00:00+00:00,6496264,Nyambu,17301510,41.4,µg/m³
2026-09-02 20:00:00+00:00,6496264,Nyambu,17301510,35.5,µg/m³
2026-09-02 21:00:00+00:00,6496264,Nyambu,17301510,35.5,µg/m³
2026-09-02 22:00:00+00:00,6496264,Nyambu,17301510,48.4,µg/m³
2026-09-02 23:00:00+00:00,6496264,Nyambu,17301510,52.2,µg/m³
2026-09-03 00:00:00+00:00,6496264,Nyambu,17301510,43.3,µg/m³
2026-09-03 01:00:00+00:00,6496264,Nyambu,17301510,31.4,µg/m³
2026-09-03 02:00:00+00:00,6496264,Nyambu,17301510,23.7,µg/m³
2026-09-03 03:00:00+00:00,6496264,Nyambu,17301510,21.7,µg/m³
2026-09-03 04:00:00+00:00,6496264,Nyambu,17301510,19.4,µg/m³
2026-09-03 05:00:00+00:00,6496264,Nyambu,17301510,15.3,µg/m³
2026-09-03 06:00:00+00:00,6496264,Nyambu,17301510,15.6,µg/m³
2026-09-03 07:00:00+00:00,6496264,Nyambu,17301510,21.5,µg/m³
2026-09-03 08:00:00+00:00,6496264,Nyambu,17301510,18.1,µg/m³
2026-09-03 09:00:00+00:00,6496264,Nyambu,17301510,26.6,µg/m³
2026-09-03 10:00:00+00:00,6496264,Nyambu,17301510,33.4,µg/m³
2026-09-03 11:00:00+00:00,6496264,Nyambu,17301510,27.1,µg/m³
2026-09-03 12:00:00+00:00,6496264,Nyambu,17301510,27.1,µg/m³
2026-09-03 13:00:00+00:00,6496264,Nyambu,17301510,33.6,µg/m³
2026-09-03 14:00:00+00:00,6496264,Nyambu,17301510,40.4,µg/m³
2026-09-03 15:00:00+00:00,6496264,Nyambu,17301510,50.1,µg/m³
2026-09-03 16:00:00+00:00,6496264,Nyambu,17301510,44.5,µg/m³
2026-09-03 17:00:00+00:00,6496264,Nyambu,17301510,39.4,µg/m³
2026-09-03 18:00:00+00:00,6496264,Nyambu,17301510,40.0,µg/m³
2026-09-03 19:00:00+00:00,6496264,Nyambu,17301510,36.8,µg/m³
2026-09-03 20:00:00+00:00,6496264,Nyambu,17301510,36.1,µg/m³
2026-09-03 21:00:00+00:00,6496264,Nyambu,17301510,36.1,µg/m³
2026-09-03 22:00:00+00:00,6496264,Nyambu,17301510,49.1,µg/m³
2026-09-03 23:00:00+00:00,6496264,Nyambu,17301510,51.0,µg/m³
2026-09-04 00:00:00+00:00,6496264,Nyambu,17301510,40.6,µg/m³
2026-09-04 01:00:00+00:00,6496264,Nyambu,17301510,32.8,µg/m³
2026-09-04 02:00:00+00:00,6496264,Nyambu,17301510,25.3,µg/m³
2026-09-04 03:00:00+00:00,6496264,Nyambu,17301510,20.9,µg/m³
2026-09-04 04:00:00+00:00,6496264,Nyambu,17301510,18.0,µg/m³
2026-09-04 05:00:00+00:00,6496264,Nyambu,17301510,16.1,µg/m³
2026-09-04 06:00:00+00:00,6496264,Nyambu,17301510,20.2,µg/m³
2026-09-04 07:00:00+00:00,6496264,Nyambu,17301510,20.9,µg/m³
2026-09-04 08:00:00+00:00,6496264,Nyambu,17301510,23.6,µg/m³
2026-09-04 09:00:00+00:00,6496264,Nyambu,17301510,30.8,µg/m³
2026-09-04 10:00:00+00:00,6496264,Nyambu,17301510,45.4,µg/m³
2026-09-04 11:00:00+00:00,6496264,Nyambu,17301510,31.7,µg/m³
2026-09-04 12:00:00+00:00,6496264,Nyambu,17301510,33.3,µg/m³
2026-09-04 13:00:00+00:00,6496264,Nyambu,17301510,43.0,µg/m³
2026-09-04 14:00:00+00:00,6496264,Nyambu,17301510,42.9,µg/m³
2026-09-04 15:00:00+00:00,6496264,Nyambu,17301510,45.9,µg/m³
2026-09-04 16:00:00+00:00,6496264,Nyambu,17301510,43.0,µg/m³
2026-09-04 17:00:00+00:00,6496264,Nyambu,17301510,37.4,µg/m³
2026-09-04 18:00:00+00:00,6496264,Nyambu,17301510,34.9,µg/m³
2026-09-04 19:00:00+00:00,6496264,Nyambu,17301510,26.5,µg/m³
2026-09-04 20:00:00+00:00,6496264,Nyambu,17301510,29.4,µg/m³
2026-09-04 21:00:00+00:00,6496264,Nyambu,17301510,41.6,µg/m³
2026-09-04 22:00:00+00:00,6496264,Nyambu,17301510,63.7,µg/m³
2026-09-04 23:00:00+00:00,6496264,Nyambu,17301510,74.5,µg/m³
2026-09-05 00:00:00+00:00,6496264,Nyambu,17301510,62.7,µg/m³
2026-09-05 01:00:00+00:00,6496264,Nyambu,17301510,37.1,µg/m³
2026-09-05 02:00:00+00:00,6496264,Nyambu,17301510,12.6,µg/m³
2026-09-05 03:00:00+00:00,6496264,Nyambu,17301510,9.2,µg/m³
2026-09-05 04:00:00+00:00,6496264,Nyambu,17301510,7.2,µg/m³
2026-09-05 05:00:00+00:00,6496264,Nyambu,17301510,7.8,µg/m³
2026-09-05 06:00:00+00:00,6496264,Nyambu,17301510,9.4,µg/m³
2026-09-05 07:00:00+00:00,6496264,Nyambu,17301510,7.3,µg/m³
2026-09-05 08:00:00+00:00,6496264,Nyambu,17301510,20.9,µg/m³
2026-09-05 09:00:00+00:00,6496264,Nyambu,17301510,29.8,µg/m³
2026-09-05 10:00:00+00:00,6496264,Nyambu,17301510,25.3,µg/m³
2026-09-05 11:00:00+00:00,6496264,Nyambu,17301510,28.0,µg/m³
2026-09-05 12:00:00+00:00,6496264,Nyambu,17301510,26.2,µg/m³
2026-09-05 13:00:00+00:00,6496264,Nyambu,17301510,35.6,µg/m³
2026-09-05 14:00:00+00:00,6496264,Nyambu,17301510,39.8,µg/m³
2026-09-05 15:00:00+00:00,6496264,Nyambu,17301510,44.8,µg/m³
2026-09-05 16:00:00+00:00,6496264,Nyambu,17301510,37.7,µg/m³
2026-09-05 17:00:00+00:00,6496264,Nyambu,17301510,30.7,µg/m³
2026-09-05 18:00:00+00:00,6496264,Nyambu,17301510,31.0,µg/m³
2026-09-05 19:00:00+00:00,6496264,Nyambu,17301510,29.5,µg/m³
2026-09-05 20:00:00+00:00,6496264,Nyambu,17301510,30.0,µg/m³
2026-09-05 21:00:00+00:00,6496264,Nyambu,17301510,38.9,µg/m³
2026-09-05 22:00:00+00:00,6496264,Nyambu,17301510,67.8,µg/m³
2026-09-05 23:00:00+00:00,6496264,Nyambu,17301510,106.0,µg/m³
2026-09-06 00:00:00+00:00,6496264,Nyambu,17301510,101.0,µg/m³
2026-09-06 01:00:00+00:00,6496264,Nyambu,17301510,48.3,µg/m³
2026-09-06 02:00:00+00:00,6496264,Nyambu,17301510,41.6,µg/m³
2026-09-06 03:00:00+00:00,6496264,Nyambu,17301510,23.1,µg/m³
2026-09-06 04:00:00+00:00,6496264,Nyambu,17301510,11.0,µg/m³
2026-09-06 05:00:00+00:00,6496264,Nyambu,17301510,12.8,µg/m³
2026-09-06 06:00:00+00:00,6496264,Nyambu,17301510,13.3,µg/m³
2026-09-06 07:00:00+00:00,6496264,Nyambu,17301510,10.8,µg/m³
2026-09-06 08:00:00+00:00,6496264,Nyambu,17301510,12.4,µg/m³
2026-09-06 09:00:00+00:00,6496264,Nyambu,17301510,36.6,µg/m³
2026-09-06 10:00:00+00:00,6496264,Nyambu,17301510,40.3,µg/m³
2026-09-06 11:00:00+00:00,6496264,Nyambu,17301510,28.8,µg/m³
2026-09-06 12:00:00+00:00,6496264,Nyambu,17301510,21.1,µg/m³
2026-09-06 13:00:00+00:00,6496264,Nyambu,17301510,26.0,µg/m³
2026-09-06 14:00:00+00:00,6496264,Nyambu,17301510,31.7,µg/m³
2026-09-06 15:00:00+00:00,6496264,Nyambu,17301510,24.7,µg/m³
2026-09-06 16:00:00+00:00,6496264,Nyambu,17301510,25.3,µg/m³
2026-09-06 17:00:00+00:00,6496264,Nyambu,17301510,46.7,µg/m³
2026-09-06 18:00:00+00:00,6496264,Nyambu,17301510,36.0,µg/m³
2026-09-06 19:00:00+00:00,6496264,Nyambu,17301510,37.3,µg/m³
2026-09-06 20:00:00+00:00,6496264,Nyambu,17301510,47.4,µg/m³
2026-09-06 21:00:00+00:00,6496264,Nyambu,17301510,40.0,µg/m³
2026-09-06 22:00:00+00:00,6496264,Nyambu,17301510,43.3,µg/m³
2026-09-06 23:00:00+00:00,6496264,Nyambu,17301510,136.0,µg/m³
2026-09-07 00:00:00+00:00,6496264,Nyambu,17301510,50.2,µg/m³
2026-09-07 01:00:00+00:00,6496264,Nyambu,17301510,32.2,µg/m³
2026-09-07 02:00:00+00:00,6496264,Nyambu,17301510,16.4,µg/m³
2026-09-07 03:00:00+00:00,6496264,Nyambu,17301510,16.8,µg/m³
2026-09-07 04:00:00+00:00,6496264,Nyambu,17301510,9.4,µg/m³
2026-09-07 05:00:00+00:00,6496264,Nyambu,17301510,9.9,µg/m³
2026-09-07 06:00:00+00:00,6496264,Nyambu,17301510,12.4,µg/m³
2026-09-07 07:00:00+00:00,6496264,Nyambu,17301510,24.0,µg/m³
2026-09-07 08:00:00+00:00,6496264,Nyambu,17301510,17.3,µg/m³
2026-09-07 09:00:00+00:00,6496264,Nyambu,17301510,21.4,µg/m³
2026-09-07 10:00:00+00:00,6496264,Nyambu,17301510,30.0,µg/m³
2026-09-07 11:00:00+00:00,6496264,Nyambu,17301510,27.4,µg/m³
2026-09-07 12:00:00+00:00,6496264,Nyambu,17301510,25.0,µg/m³
2026-09-07 13:00:00+00:00,6496264,Nyambu,17301510,20.5,µg/m³
2026-09-07 14:00:00+00:00,6496264,Nyambu,17301510,8.8,µg/m³
2026-09-07 15:00:00+00:00,6496264,Nyambu,17301510,10.3,µg/m³
2026-09-07 16:00:00+00:00,6496264,Nyambu,17301510,8.9,µg/m³
2026-09-07 17:00:00+00:00,6496264,Nyambu,17301510,13.9,µg/m³
2026-09-07 18:00:00+00:00,6496264,Nyambu,17301510,24.5,µg/m³
2026-09-07 19:00:00+00:00,6496264,Nyambu,17301510,49.7,µg/m³
2026-09-07 20:00:00+00:00,6496264,Nyambu,17301510,34.2,µg/m³
2026-09-07 21:00:00+00:00,6496264,Nyambu,17301510,37.8,µg/m³
2026-09-07 22:00:00+00:00,6496264,Nyambu,17301510,46.8,µg/m³
2026-09-07 23:00:00+00:00,6496264,Nyambu,17301510,54.2,µg/m³
2026-09-08 00:00:00+00:00,6496264,Nyambu,17301510,45.9,µg/m³
2026-09-08 01:00:00+00:00,6496264,Nyambu,17301510,22.9,µg/m³
2026-09-08 02:00:00+00:00,6496264,Nyambu,17301510,23.8,µg/m³
2026-09-08 03:00:00+00:00,6496264,Nyambu,17301510,14.0,µg/m³
2026-09-08 04:00:00+00:00,6496264,Nyambu,17301510,15.4,µg/m³
2026-09-08 05:00:00+00:00,6496264,Nyambu,17301510,10.6,µg/m³
2026-09-08 06:00:00+00:00,6496264,Nyambu,17301510,15.1,µg/m³
2026-09-08 07:00:00+00:00,6496264,Nyambu,17301510,19.4,µg/m³
2026-09-08 08:00:00+00:00,6496264,Nyambu,17301510,45.3,µg/m³
2026-09-08 09:00:00+00:00,6496264,Nyambu,17301510,45.6,µg/m³
2026-09-08 10:00:00+00:00,6496264,Nyambu,17301510,34.0,µg/m³
2026-09-08 11:00:00+00:00,6496264,Nyambu,17301510,31.4,µg/m³
2026-09-08 12:00:00+00:00,6496264,Nyambu,17301510,21.1,µg/m³
2026-09-08 13:00:00+00:00,6496264,Nyambu,17301510,20.7,µg/m³
2026-09-08 14:00:00+00:00,6496264,Nyambu,17301510,15.7,µg/m³
2026-09-08 15:00:00+00:00,6496264,Nyambu,17301510,9.1,µg/m³
2026-09-08 16:00:00+00:00,6496264,Nyambu,17301510,9.3,µg/m³
2026-09-08 17:00:00+00:00,6496264,Nyambu,17301510,7.5,µg/m³
2026-09-08 18:00:00+00:00,6496264,Nyambu,17301510,6.9,µg/m³
2026-09-08 19:00:00+00:00,6496264,Nyambu,17301510,10.0,µg/m³
2026-09-08 20:00:00+00:00,6496264,Nyambu,17301510,19.7,µg/m³
2026-09-08 21:00:00+00:00,6496264,Nyambu,17301510,34.3,µg/m³
2026-09-08 22:00:00+00:00,6496264,Nyambu,17301510,44.1,µg/m³
2026-09-08 23:00:00+00:00,6496264,Nyambu,17301510,54.4,µg/m³
2026-09-09 00:00:00+00:00,6496264,Nyambu,17301510,32.1,µg/m³
2026-09-09 01:00:00+00:00,6496264,Nyambu,17301510,23.9,µg/m³
2026-09-09 02:00:00+00:00,6496264,Nyambu,17301510,16.6,µg/m³
2026-09-09 03:00:00+00:00,6496264,Nyambu,17301510,13.8,µg/m³
2026-09-09 04:00:00+00:00,6496264,Nyambu,17301510,12.3,µg/m³
2026-09-09 05:00:00+00:00,6496264,Nyambu,17301510,11.7,µg/m³
2026-09-09 06:00:00+00:00,6496264,Nyambu,17301510,14.8,µg/m³
2026-09-09 07:00:00+00:00,6496264,Nyambu,17301510,14.6,µg/m³
2026-09-09 08:00:00+00:00,6496264,Nyambu,17301510,11.4,µg/m³
2026-09-09 09:00:00+00:00,6496264,Nyambu,17301510,18.7,µg/m³
2026-09-09 10:00:00+00:00,6496264,Nyambu,17301510,35.1,µg/m³
2026-09-09 11:00:00+00:00,6496264,Nyambu,17301510,39.0,µg/m³
2026-09-09 12:00:00+00:00,6496264,Nyambu,17301510,17.0,µg/m³
2026-09-09 13:00:00+00:00,6496264,Nyambu,17301510,18.2,µg/m³
2026-09-09 14:00:00+00:00,6496264,Nyambu,17301510,15.3,µg/m³
2026-09-09 15:00:00+00:00,6496264,Nyambu,17301510,16.8,µg/m³
2026-09-09 16:00:00+00:00,6496264,Nyambu,17301510,15.7,µg/m³
2026-09-09 17:00:00+00:00,6496264,Nyambu,17301510,23.5,µg/m³
2026-09-09 18:00:00+00:00,6496264,Nyambu,17301510,29.0,µg/m³
2026-09-09 19:00:00+00:00,6496264,Nyambu,17301510,27.3,µg/m³
2026-09-09 20:00:00+00:00,6496264,Nyambu,17301510,27.9,µg/m³
2026-09-09 21:00:00+00:00,6496264,Nyambu,17301510,42.9,µg/m³
2026-09-09 22:00:00+00:00,6496264,Nyambu,17301510,60.9,µg/m³
2026-09-09 23:00:00+00:00,6496264,Nyambu,17301510,66.5,µg/m³
2026-09-10 00:00:00+00:00,6496264,Nyambu,17301510,45.2,µg/m³
2026-09-10 01:00:00+00:00,6496264,Nyambu,17301510,38.5,µg/m³
2026-09-10 02:00:00+00:00,6496264,Nyambu,17301510,21.9,µg/m³
2026-09-10 03:00:00+00:00,6496264,Nyambu,17301510,18.0,µg/m³
2026-09-10 04:00:00+00:00,6496264,Nyambu,17301510,23.8,µg/m³
2026-09-10 05:00:00+00:00,6496264,Nyambu,17301510,21.0,µg/m³
2026-09-10 06:00:00+00:00,6496264,Nyambu,17301510,23.6,µg/m³
2026-09-10 07:00:00+00:00,6496264,Nyambu,17301510,22.2,µg/m³
2026-09-10 08:00:00+00:00,6496264,Nyambu,17301510,26.0,µg/m³
2026-09-10 09:00:00+00:00,6496264,Nyambu,17301510,45.6,µg/m³
2026-09-10 10:00:00+00:00,6496264,Nyambu,17301510,40.3,µg/m³
2026-09-10 11:00:00+00:00,6496264,Nyambu,17301510,37.0,µg/m³
2026-09-10 12:00:00+00:00,6496264,Nyambu,17301510,34.6,µg/m³
2026-09-10 13:00:00+00:00,6496264,Nyambu,17301510,36.9,µg/m³
2026-09-10 14:00:00+00:00,6496264,Nyambu,17301510,26.6,µg/m³
2026-09-10 15:00:00+00:00,6496264,Nyambu,17301510,27.3,µg/m³
2026-09-10 16:00:00+00:00,6496264,Nyambu,17301510,35.8,µg/m³
2026-09-10 17:00:00+00:00,6496264,Nyambu,17301510,17.5,µg/m³
2026-09-10 18:00:00+00:00,6496264,Nyambu,17301510,20.5,µg/m³
2026-09-10 19:00:00+00:00,6496264,Nyambu,17301510,27.6,µg/m³
2026-09-10 20:00:00+00:00,6496264,Nyambu,17301510,32.2,µg/m³
2026-09-10 21:00:00+00:00,6496264,Nyambu,17301510,36.9,µg/m³
2026-09-10 22:00:00+00:00,6496264,Nyambu,17301510,50.2,µg/m³
2026-09-10 23:00:00+00:00,6496264,Nyambu,17301510,61.9,µg/m³
2026-09-11 00:00:00+00:00,6496264,Nyambu,17301510,40.0,µg/m³
2026-09-11 01:00:00+00:00,6496264,Nyambu,17301510,41.8,µg/m³
2026-09-11 02:00:00+00:00,6496264,Nyambu,17301510,40.0,µg/m³
2026-09-11 03:00:00+00:00,6496264,Nyambu,17301510,31.2,µg/m³
2026-09-11 04:00:00+00:00,6496264,Nyambu,17301510,28.1,µg/m³
2026-09-11 05:00:00+00:00,6496264,Nyambu,17301510,29.2,µg/m³
2026-09-11 06:00:00+00:00,6496264,Nyambu,17301510,28.4,µg/m³
2026-09-11 07:00:00+00:00,6496264,Nyambu,17301510,28.3,µg/m³
2026-09-11 08:00:00+00:00,6496264,Nyambu,17301510,29.1,µg/m³
2026-09-11 09:00:00+00:00,6496264,Nyambu,17301510,34.6,µg/m³
2026-09-11 10:00:00+00:00,6496264,Nyambu,17301510,35.3,µg/m³
2026-09-11 11:00:00+00:00,6496264,Nyambu,17301510,33.9,µg/m³
2026-09-11 12:00:00+00:00,6496264,Nyambu,17301510,29.9,µg/m³
2026-09-11 13:00:00+00:00,6496264,Nyambu,17301510,27.7,µg/m³
2026-09-11 14:00:00+00:00,6496264,Nyambu,17301510,24.9,µg/m³
2026-09-11 15:00:00+00:00,6496264,Nyambu,17301510,23.0,µg/m³
2026-09-11 16:00:00+00:00,6496264,Nyambu,17301510,27.0,µg/m³
2026-09-11 17:00:00+00:00,6496264,Nyambu,17301510,35.6,µg/m³
2026-09-11 18:00:00+00:00,6496264,Nyambu,17301510,36.1,µg/m³
2026-09-11 19:00:00+00:00,6496264,Nyambu,17301510,31.8,µg/m³
2026-09-11 20:00:00+00:00,6496264,Nyambu,17301510,38.7,µg/m³
2026-09-11 21:00:00+00:00,6496264,Nyambu,17301510,46.9,µg/m³
2026-09-11 22:00:00+00:00,6496264,Nyambu,17301510,74.0,µg/m³
2026-09-11 23:00:00+00:00,6496264,Nyambu,17301510,99.2,µg/m³
2026-09-12 00:00:00+00:00,6496264,Nyambu,17301510,55.3,µg/m³
2026-09-12 01:00:00+00:00,6496264,Nyambu,17301510,34.9,µg/m³
2026-09-12 02:00:00+00:00,6496264,Nyambu,17301510,33.7,µg/m³
2026-09-12 03:00:00+00:00,6496264,Nyambu,17301510,26.0,µg/m³
2026-09-12 04:00:00+00:00,6496264,Nyambu,17301510,23.1,µg/m³
2026-09-12 05:00:00+00:00,6496264,Nyambu,17301510,22.0,µg/m³
2026-09-12 06:00:00+00:00,6496264,Nyambu,17301510,23.2,µg/m³
2026-09-12 07:00:00+00:00,6496264,Nyambu,17301510,24.6,µg/m³
2026-09-12 08:00:00+00:00,6496264,Nyambu,17301510,27.6,µg/m³
2026-09-12 09:00:00+00:00,6496264,Nyambu,17301510,38.2,µg/m³
2026-09-12 10:00:00+00:00,6496264,Nyambu,17301510,48.1,µg/m³
2026-09-12 11:00:00+00:00,6496264,Nyambu,17301510,64.7,µg/m³
2026-09-12 12:00:00+00:00,6496264,Nyambu,17301510,53.7,µg/m³
2026-09-12 13:00:00+00:00,6496264,Nyambu,17301510,48.2,µg/m³
2026-09-12 14:00:00+00:00,6496264,Nyambu,17301510,41.5,µg/m³
2026-09-12 15:00:00+00:00,6496264,Nyambu,17301510,31.7,µg/m³
2026-09-12 16:00:00+00:00,6496264,Nyambu,17301510,31.0,µg/m³
2026-09-12 17:00:00+00:00,6496264,Nyambu,17301510,31.7,µg/m³
2026-09-12 18:00:00+00:00,6496264,Nyambu,17301510,32.2,µg/m³
2026-09-12 19:00:00+00:00,6496264,Nyambu,17301510,29.7,µg/m³
2026-09-12 20:00:00+00:00,6496264,Nyambu,17301510,35.4,µg/m³
2026-09-12 21:00:00+00:00,6496264,Nyambu,17301510,48.8,µg/m³
2026-09-12 22:00:00+00:00,6496264,Nyambu,17301510,65.9,µg/m³
2026-09-12 23:00:00+00:00,6496264,Nyambu,17301510,76.5,µg/m³
2026-09-13 00:00:00+00:00,6496264,Nyambu,17301510,45.5,µg/m³
2026-09-13 01:00:00+00:00,6496264,Nyambu,17301510,42.4,µg/m³
2026-09-13 02:00:00+00:00,6496264,Nyambu,17301510,35.2,µg/m³
2026-09-13 03:00:00+00:00,6496264,Nyambu,17301510,30.3,µg/m³
2026-09-13 04:00:00+00:00,6496264,Nyambu,17301510,27.3,µg/m³
2026-09-13 05:00:00+00:00,6496264,Nyambu,17301510,25.2,µg/m³
2026-09-13 06:00:00+00:00,6496264,Nyambu,17301510,25.7,µg/m³
2026-09-13 07:00:00+00:00,6496264,Nyambu,17301510,29.0,µg/m³
2026-09-13 08:00:00+00:00,6496264,Nyambu,17301510,48.2,µg/m³
2026-09-13 09:00:00+00:00,6496264,Nyambu,17301510,99.0,µg/m³
2026-09-13 10:00:00+00:00,6496264,Nyambu,17301510,51.0,µg/m³
2026-09-13 11:00:00+00:00,6496264,Nyambu,17301510,36.0,µg/m³
2026-09-13 12:00:00+00:00,6496264,Nyambu,17301510,31.5,µg/m³
2026-09-13 13:00:00+00:00,6496264,Nyambu,17301510,24.2,µg/m³
2026-09-13 14:00:00+00:00,6496264,Nyambu,17301510,23.2,µg/m³
2026-09-13 15:00:00+00:00,6496264,Nyambu,17301510,23.8,µg/m³
2026-09-13 16:00:00+00:00,6496264,Nyambu,17301510,34.4,µg/m³
2026-09-13 17:00:00+00:00,6496264,Nyambu,17301510,37.9,µg/m³
2026-09-13 18:00:00+00:00,6496264,Nyambu,17301510,41.0,µg/m³
2026-09-13 19:00:00+00:00,6496264,Nyambu,17301510,32.8,µg/m³
2026-09-13 20:00:00+00:00,6496264,Nyambu,17301510,27.0,µg/m³
2026-09-13 21:00:00+00:00,6496264,Nyambu,17301510,27.3,µg/m³
2026-09-13 22:00:00+00:00,6496264,Nyambu,17301510,37.9,µg/m³
2026-09-13 23:00:00+00:00,6496264,Nyambu,17301510,60.8,µg/m³
2026-09-14 00:00:00+00:00,6496264,Nyambu,17301510,53.7,µg/m³
2026-09-14 01:00:00+00:00,6496264,Nyambu,17301510,40.1,µg/m³
2026-09-14 02:00:00+00:00,6496264,Nyambu,17301510,21.5,µg/m³
2026-09-14 03:00:00+00:00,6496264,Nyambu,17301510,18.3,µg/m³
2026-09-14 04:00:00+00:00,6496264,Nyambu,17301510,15.7,µg/m³
2026-09-14 05:00:00+00:00,6496264,Nyambu,17301510,13.5,µg/m³
2026-09-14 06:00:00+00:00,6496264,Nyambu,17301510,25.5,µg/m³
2026-09-14 07:00:00+00:00,6496264,Nyambu,17301510,35.0,µg/m³
2026-09-14 08:00:00+00:00,6496264,Nyambu,17301510,33.4,µg/m³
2026-09-14 09:00:00+00:00,6496264,Nyambu,17301510,34.9,µg/m³
2026-09-14 10:00:00+00:00,6496264,Nyambu,17301510,33.5,µg/m³
2026-09-14 11:00:00+00:00,6496264,Nyambu,17301510,27.4,µg/m³
2026-09-14 12:00:00+00:00,6496264,Nyambu,17301510,21.2,µg/m³
2026-09-14 13:00:00+00:00,6496264,Nyambu,17301510,15.4,µg/m³
2026-09-14 14:00:00+00:00,6496264,Nyambu,17301510,12.4,µg/m³
2026-09-14 15:00:00+00:00,6496264,Nyambu,17301510,11.2,µg/m³
2026-09-14 16:00:00+00:00,6496264,Nyambu,17301510,9.7,µg/m³
2026-09-14 17:00:00+00:00,6496264,Nyambu,17301510,8.3,µg/m³
2026-09-14 18:00:00+00:00,6496264,Nyambu,17301510,15.9,µg/m³
2026-09-14 19:00:00+00:00,6496264,Nyambu,17301510,28.4,µg/m³
2026-09-14 20:00:00+00:00,6496264,Nyambu,17301510,25.1,µg/m³
2026-09-14 21:00:00+00:00,6496264,Nyambu,17301510,49.0,µg/m³
2026-09-14 22:00:00+00:00,6496264,Nyambu,17301510,58.8,µg/m³
2026-09-14 23:00:00+00:00,6496264,Nyambu,17301510,61.2,µg/m³
2026-09-15 00:00:00+00:00,6496264,Nyambu,17301510,24.6,µg/m³
2026-09-15 01:00:00+00:00,6496264,Nyambu,17301510,25.9,µg/m³
2026-09-15 02:00:00+00:00,6496264,Nyambu,17301510,19.5,µg/m³
2026-09-15 03:00:00+00:00,6496264,Nyambu,17301510,13.8,µg/m³
2026-09-15 04:00:00+00:00,6496264,Nyambu,17301510,22.8,µg/m³
2026-09-15 05:00:00+00:00,6496264,Nyambu,17301510,21.1,µg/m³
2026-09-15 06:00:00+00:00,6496264,Nyambu,17301510,23.1,µg/m³
2026-09-15 07:00:00+00:00,6496264,Nyambu,17301510,12.4,µg/m³
2026-09-15 08:00:00+00:00,6496264,Nyambu,17301510,15.0,µg/m³
2026-09-15 09:00:00+00:00,6496264,Nyambu,17301510,22.7,µg/m³
2026-09-15 10:00:00+00:00,6496264,Nyambu,17301510,31.8,µg/m³
2026-09-15 11:00:00+00:00,6496264,Nyambu,17301510,23.2,µg/m³
2026-09-15 12:00:00+00:00,6496264,Nyambu,17301510,27.0,µg/m³
2026-09-15 13:00:00+00:00,6496264,Nyambu,17301510,32.5,µg/m³
2026-09-15 14:00:00+00:00,6496264,Nyambu,17301510,27.7,µg/m³
2026-09-15 15:00:00+00:00,6496264,Nyambu,17301510,33.1,µg/m³
2026-09-15 16:00:00+00:00,6496264,Nyambu,17301510,40.6,µg/m³
2026-09-15 17:00:00+00:00,6496264,Nyambu,17301510,41.2,µg/m³
2026-09-15 18:00:00+00:00,6496264,Nyambu,17301510,43.3,µg/m³
2026-09-15 19:00:00+00:00,6496264,Nyambu,17301510,32.8,µg/m³
2026-09-15 20:00:00+00:00,6496264,Nyambu,17301510,35.7,µg/m³
2026-09-15 21:00:00+00:00,6496264,Nyambu,17301510,41.5,µg/m³
2026-09-15 22:00:00+00:00,6496264,Nyambu,17301510,44.0,µg/m³
2026-09-15 23:00:00+00:00,6496264,Nyambu,17301510,47.3,µg/m³
2026-09-16 00:00:00+00:00,6496264,Nyambu,17301510,37.7,µg/m³
2026-09-16 01:00:00+00:00,6496264,Nyambu,17301510,33.7,µg/m³
2026-09-16 02:00:00+00:00,6496264,Nyambu,17301510,149.0,µg/m³
2026-09-16 03:00:00+00:00,6496264,Nyambu,17301510,52.7,µg/m³
2026-09-16 04:00:00+00:00,6496264,Nyambu,17301510,25.0,µg/m³
2026-09-16 05:00:00+00:00,6496264,Nyambu,17301510,18.6,µg/m³
2026-09-16 06:00:00+00:00,6496264,Nyambu,17301510,38.8,µg/m³
2026-09-16 07:00:00+00:00,6496264,Nyambu,17301510,48.2,µg/m³
2026-09-16 08:00:00+00:00,6496264,Nyambu,17301510,30.8,µg/m³
2026-09-16 09:00:00+00:00,6496264,Nyambu,17301510,25.0,µg/m³
2026-09-16 10:00:00+00:00,6496264,Nyambu,17301510,28.6,µg/m³
2026-09-16 11:00:00+00:00,6496264,Nyambu,17301510,25.1,µg/m³
2026-09-16 12:00:00+00:00,6496264,Nyambu,17301510,18.9,µg/m³
2026-09-16 13:00:00+00:00,6496264,Nyambu,17301510,18.0,µg/m³
2026-09-16 14:00:00+00:00,6496264,Nyambu,17301510,19.7,µg/m³
2026-09-16 15:00:00+00:00,6496264,Nyambu,17301510,20.5,µg/m³
2026-09-16 16:00:00+00:00,6496264,Nyambu,17301510,24.0,µg/m³
2026-09-16 17:00:00+00:00,6496264,Nyambu,17301510,26.0,µg/m³
2026-09-16 18:00:00+00:00,6496264,Nyambu,17301510,18.9,µg/m³
2026-09-16 19:00:00+00:00,6496264,Nyambu,17301510,6.9,µg/m³
2026-09-16 20:00:00+00:00,6496264,Nyambu,17301510,9.1,µg/m³
2026-09-16 21:00:00+00:00,6496264,Nyambu,17301510,20.1,µg/m³
2026-09-16 22:00:00+00:00,6496264,Nyambu,17301510,42.9,µg/m³
2026-09-16 23:00:00+00:00,6496264,Nyambu,17301510,52.4,µg/m³
2026-09-17 00:00:00+00:00,6496264,Nyambu,17301510,105.0,µg/m³
2026-09-17 01:00:00+00:00,6496264,Nyambu,17301510,138.0,µg/m³
2026-09-17 02:00:00+00:00,6496264,Nyambu,17301510,46.4,µg/m³
2026-09-17 03:00:00+00:00,6496264,Nyambu,17301510,35.5,µg/m³
2026-09-17 04:00:00+00:00,6496264,Nyambu,17301510,29.9,µg/m³
2026-09-17 05:00:00+00:00,6496264,Nyambu,17301510,21.6,µg/m³
2026-09-17 06:00:00+00:00,6496264,Nyambu,17301510,32.6,µg/m³
2026-09-17 07:00:00+00:00,6496264,Nyambu,17301510,19.9,µg/m³
2026-09-17 08:00:00+00:00,6496264,Nyambu,17301510,19.8,µg/m³
2026-09-17 09:00:00+00:00,6496264,Nyambu,17301510,29.7,µg/m³
2026-09-17 10:00:00+00:00,6496264,Nyambu,17301510,40.4,µg/m³
2026-09-17 11:00:00+00:00,6496264,Nyambu,17301510,41.9,µg/m³
2026-09-17 12:00:00+00:00,6496264,Nyambu,17301510,39.1,µg/m³
2026-09-17 13:00:00+00:00,6496264,Nyambu,17301510,32.8,µg/m³
2026-09-17 14:00:00+00:00,6496264,Nyambu,17301510,33.0,µg/m³
2026-09-17 15:00:00+00:00,6496264,Nyambu,17301510,41.1,µg/m³
2026-09-17 16:00:00+00:00,6496264,Nyambu,17301510,42.8,µg/m³
2026-09-17 17:00:00+00:00,6496264,Nyambu,17301510,40.0,µg/m³
2026-09-17 18:00:00+00:00,6496264,Nyambu,17301510,39.0,µg/m³
2026-09-17 19:00:00+00:00,6496264,Nyambu,17301510,35.3,µg/m³
2026-09-17 20:00:00+00:00,6496264,Nyambu,17301510,36.7,µg/m³
2026-09-17 21:00:00+00:00,6496264,Nyambu,17301510,39.8,µg/m³
2026-09-17 22:00:00+00:00,6496264,Nyambu,17301510,55.8,µg/m³
2026-09-17 23:00:00+00:00,6496264,Nyambu,17301510,82.1,µg/m³
2026-09-18 00:00:00+00:00,6496264,Nyambu,17301510,47.7,µg/m³
2026-09-18 01:00:00+00:00,6496264,Nyambu,17301510,38.3,µg/m³
2026-09-18 02:00:00+00:00,6496264,Nyambu,17301510,39.0,µg/m³
2026-09-18 03:00:00+00:00,6496264,Nyambu,17301510,33.0,µg/m³
2026-09-18 04:00:00+00:00,6496264,Nyambu,17301510,30.7,µg/m³
2026-09-18 05:00:00+00:00,6496264,Nyambu,17301510,24.6,µg/m³
2026-09-18 06:00:00+00:00,6496264,Nyambu,17301510,23.3,µg/m³
2026-09-18 07:00:00+00:00,6496264,Nyambu,17301510,20.5,µg/m³
2026-09-18 08:00:00+00:00,6496264,Nyambu,17301510,24.4,µg/m³
2026-09-18 09:00:00+00:00,6496264,Nyambu,17301510,49.7,µg/m³
2026-09-18 10:00:00+00:00,6496264,Nyambu,17301510,55.8,µg/m³
2026-09-18 11:00:00+00:00,6496264,Nyambu,17301510,51.2,µg/m³
2026-09-18 12:00:00+00:00,6496264,Nyambu,17301510,47.4,µg/m³
2026-09-18 13:00:00+00:00,6496264,Nyambu,17301510,52.4,µg/m³
2026-09-18 14:00:00+00:00,6496264,Nyambu,17301510,46.1,µg/m³
2026-09-18 15:00:00+00:00,6496264,Nyambu,17301510,43.3,µg/m³
2026-09-18 16:00:00+00:00,6496264,Nyambu,17301510,24.5,µg/m³
2026-09-18 17:00:00+00:00,6496264,Nyambu,17301510,19.9,µg/m³
2026-09-18 18:00:00+00:00,6496264,Nyambu,17301510,17.7,µg/m³
2026-09-18 19:00:00+00:00,6496264,Nyambu,17301510,23.3,µg/m³
2026-09-18 20:00:00+00:00,6496264,Nyambu,17301510,47.9,µg/m³
2026-09-18 21:00:00+00:00,6496264,Nyambu,17301510,49.3,µg/m³
2026-09-18 22:00:00+00:00,6496264,Nyambu,17301510,53.7,µg/m³
2026-09-18 23:00:00+00:00,6496264,Nyambu,17301510,59.7,µg/m³
2026-09-19 00:00:00+00:00,6496264,Nyambu,17301510,43.8,µg/m³
2026-09-19 01:00:00+00:00,6496264,Nyambu,17301510,38.6,µg/m³
2026-09-19 02:00:00+00:00,6496264,Nyambu,17301510,34.4,µg/m³
2026-09-19 03:00:00+00:00,6496264,Nyambu,17301510,30.2,µg/m³
2026-09-19 04:00:00+00:00,6496264,Nyambu,17301510,26.5,µg/m³
2026-09-19 05:00:00+00:00,6496264,Nyambu,17301510,24.2,µg/m³
2026-09-19 06:00:00+00:00,6496264,Nyambu,17301510,27.4,µg/m³
2026-09-19 07:00:00+00:00,6496264,Nyambu,17301510,78.4,µg/m³
2026-09-19 08:00:00+00:00,6496264,Nyambu,17301510,68.8,µg/m³
2026-09-19 09:00:00+00:00,6496264,Nyambu,17301510,58.6,µg/m³
2026-09-19 10:00:00+00:00,6496264,Nyambu,17301510,60.9,µg/m³
2026-09-19 11:00:00+00:00,6496264,Nyambu,17301510,46.0,µg/m³
2026-09-19 12:00:00+00:00,6496264,Nyambu,17301510,72.2,µg/m³
2026-09-19 13:00:00+00:00,6496264,Nyambu,17301510,65.4,µg/m³
2026-09-19 14:00:00+00:00,6496264,Nyambu,17301510,67.7,µg/m³
2026-09-19 15:00:00+00:00,6496264,Nyambu,17301510,60.6,µg/m³
2026-09-19 16:00:00+00:00,6496264,Nyambu,17301510,42.6,µg/m³
2026-09-19 17:00:00+00:00,6496264,Nyambu,17301510,38.8,µg/m³
2026-09-19 18:00:00+00:00,6496264,Nyambu,17301510,36.2,µg/m³
2026-09-19 19:00:00+00:00,6496264,Nyambu,17301510,22.6,µg/m³
2026-09-19 20:00:00+00:00,6496264,Nyambu,17301510,36.0,µg/m³
2026-09-19 21:00:00+00:00,6496264,Nyambu,17301510,52.9,µg/m³
2026-09-19 22:00:00+00:00,6496264,Nyambu,17301510,51.7,µg/m³
2026-09-19 23:00:00+00:00,6496264,Nyambu,17301510,87.1,µg/m³
2026-09-20 00:00:00+00:00,6496264,Nyambu,17301510,67.3,µg/m³
2026-09-20 01:00:00+00:00,6496264,Nyambu,17301510,36.3,µg/m³
2026-09-20 02:00:00+00:00,6496264,Nyambu,17301510,39.0,µg/m³
2026-09-20 03:00:00+00:00,6496264,Nyambu,17301510,32.4,µg/m³
2026-09-20 04:00:00+00:00,6496264,Nyambu,17301510,30.5,µg/m³
2026-09-20 05:00:00+00:00,6496264,Nyambu,17301510,30.6,µg/m³
2026-09-20 06:00:00+00:00,6496264,Nyambu,17301510,40.3,µg/m³
2026-09-20 07:00:00+00:00,6496264,Nyambu,17301510,36.2,µg/m³
2026-09-20 08:00:00+00:00,6496264,Nyambu,17301510,45.8,µg/m³
2026-09-20 09:00:00+00:00,6496264,Nyambu,17301510,50.6,µg/m³
2026-09-20 10:00:00+00:00,6496264,Nyambu,17301510,65.2,µg/m³
2026-09-20 11:00:00+00:00,6496264,Nyambu,17301510,56.4,µg/m³
2026-09-20 12:00:00+00:00,6496264,Nyambu,17301510,43.0,µg/m³
2026-09-20 13:00:00+00:00,6496264,Nyambu,17301510,46.0,µg/m³
2026-09-20 14:00:00+00:00,6496264,Nyambu,17301510,34.0,µg/m³
2026-09-20 15:00:00+00:00,6496264,Nyambu,17301510,36.6,µg/m³
2026-09-20 16:00:00+00:00,6496264,Nyambu,17301510,40.2,µg/m³
2026-09-20 17:00:00+00:00,6496264,Nyambu,17301510,48.5,µg/m³
2026-09-20 18:00:00+00:00,6496264,Nyambu,17301510,56.6,µg/m³
2026-09-20 19:00:00+00:00,6496264,Nyambu,17301510,54.2,µg/m³
2026-09-20 20:00:00+00:00,6496264,Nyambu,17301510,48.9,µg/m³
2026-09-20 21:00:00+00:00,6496264,Nyambu,17301510,54.5,µg/m³
2026-09-20 22:00:00+00:00,6496264,Nyambu,17301510,65.9,µg/m³
2026-09-20 23:00:00+00:00,6496264,Nyambu,17301510,68.4,µg/m³
2026-09-21 00:00:00+00:00,6496264,Nyambu,17301510,39.6,µg/m³
2026-09-21 01:00:00+00:00,6496264,Nyambu,17301510,37.6,µg/m³
2026-09-21 02:00:00+00:00,6496264,Nyambu,17301510,33.5,µg/m³
2026-09-21 03:00:00+00:00,6496264,Nyambu,17301510,31.1,µg/m³
2026-09-21 04:00:00+00:00,6496264,Nyambu,17301510,30.9,µg/m³
2026-09-21 05:00:00+00:00,6496264,Nyambu,17301510,30.3,µg/m³
2026-09-21 06:00:00+00:00,6496264,Nyambu,17301510,32.6,µg/m³
2026-09-21 07:00:00+00:00,6496264,Nyambu,17301510,33.4,µg/m³
2026-09-21 08:00:00+00:00,6496264,Nyambu,17301510,35.6,µg/m³
2026-09-21 09:00:00+00:00,6496264,Nyambu,17301510,39.4,µg/m³
2026-09-21 10:00:00+00:00,6496264,Nyambu,17301510,50.1,µg/m³
2026-09-21 11:00:00+00:00,6496264,Nyambu,17301510,47.8,µg/m³
2026-09-21 12:00:00+00:00,6496264,Nyambu,17301510,44.8,µg/m³
2026-09-21 13:00:00+00:00,6496264,Nyambu,17301510,42.9,µg/m³
2026-09-21 14:00:00+00:00,6496264,Nyambu,17301510,39.6,µg/m³
2026-09-21 15:00:00+00:00,6496264,Nyambu,17301510,36.1,µg/m³
2026-09-21 16:00:00+00:00,6496264,Nyambu,17301510,33.3,µg/m³
2026-09-21 17:00:00+00:00,6496264,Nyambu,17301510,30.7,µg/m³
2026-09-21 18:00:00+00:00,6496264,Nyambu,17301510,30.6,µg/m³
2026-09-21 19:00:00+00:00,6496264,Nyambu,17301510,41.1,µg/m³
2026-09-21 20:00:00+00:00,6496264,Nyambu,17301510,45.7,µg/m³
2026-09-21 21:00:00+00:00,6496264,Nyambu,17301510,47.2,µg/m³
2026-09-21 22:00:00+00:00,6496264,Nyambu,17301510,61.4,µg/m³
2026-09-21 23:00:00+00:00,6496264,Nyambu,17301510,74.3,µg/m³
2026-09-22 00:00:00+00:00,6496264,Nyambu,17301510,55.9,µg/m³
2026-09-22 01:00:00+00:00,6496264,Nyambu,17301510,43.3,µg/m³
2026-09-22 02:00:00+00:00,6496264,Nyambu,17301510,37.6,µg/m³
2026-09-22 03:00:00+00:00,6496264,Nyambu,17301510,32.4,µg/m³
2026-09-22 04:00:00+00:00,6496264,Nyambu,17301510,30.0,µg/m³
2026-09-22 05:00:00+00:00,6496264,Nyambu,17301510,28.0,µg/m³
2026-09-22 06:00:00+00:00,6496264,Nyambu,17301510,31.0,µg/m³
2026-09-22 07:00:00+00:00,6496264,Nyambu,17301510,32.1,µg/m³
2026-09-22 08:00:00+00:00,6496264,Nyambu,17301510,57.7,µg/m³
2026-09-22 09:00:00+00:00,6496264,Nyambu,17301510,44.0,µg/m³
2026-09-22 10:00:00+00:00,6496264,Nyambu,17301510,56.5,µg/m³
2026-09-22 11:00:00+00:00,6496264,Nyambu,17301510,48.2,µg/m³
2026-09-22 12:00:00+00:00,6496264,Nyambu,17301510,41.5,µg/m³
2026-09-22 13:00:00+00:00,6496264,Nyambu,17301510,41.5,µg/m³
2026-09-22 14:00:00+00:00,6496264,Nyambu,17301510,38.3,µg/m³
2026-09-22 15:00:00+00:00,6496264,Nyambu,17301510,34.5,µg/m³
2026-09-22 16:00:00+00:00,6496264,Nyambu,17301510,32.3,µg/m³
2026-09-22 17:00:00+00:00,6496264,Nyambu,17301510,29.7,µg/m³
2026-09-22 18:00:00+00:00,6496264,Nyambu,17301510,38.7,µg/m³
2026-09-22 19:00:00+00:00,6496264,Nyambu,17301510,48.1,µg/m³
2026-09-22 20:00:00+00:00,6496264,Nyambu,17301510,49.7,µg/m³
2026-09-22 21:00:00+00:00,6496264,Nyambu,17301510,62.3,µg/m³
2026-09-22 22:00:00+00:00,6496264,Nyambu,17301510,81.1,µg/m³
2026-09-22 23:00:00+00:00,6496264,Nyambu,17301510,102.0,µg/m³
2026-09-23 00:00:00+00:00,6496264,Nyambu,17301510,45.0,µg/m³
2026-09-23 01:00:00+00:00,6496264,Nyambu,17301510,42.7,µg/m³
2026-09-23 02:00:00+00:00,6496264,Nyambu,17301510,35.3,µg/m³
2026-09-23 03:00:00+00:00,6496264,Nyambu,17301510,32.0,µg/m³
2026-09-23 04:00:00+00:00,6496264,Nyambu,17301510,30.5,µg/m³
2026-09-23 05:00:00+00:00,6496264,Nyambu,17301510,32.6,µg/m³
2026-09-23 06:00:00+00:00,6496264,Nyambu,17301510,32.2,µg/m³
2026-09-23 07:00:00+00:00,6496264,Nyambu,17301510,38.7,µg/m³
2026-09-23 08:00:00+00:00,6496264,Nyambu,17301510,42.0,µg/m³
2026-09-23 09:00:00+00:00,6496264,Nyambu,17301510,38.1,µg/m³
2026-09-23 10:00:00+00:00,6496264,Nyambu,17301510,88.9,µg/m³
2026-09-23 11:00:00+00:00,6496264,Nyambu,17301510,67.4,µg/m³
2026-09-23 12:00:00+00:00,6496264,Nyambu,17301510,44.4,µg/m³
2026-09-23 13:00:00+00:00,6496264,Nyambu,17301510,50.1,µg/m³
2026-09-23 14:00:00+00:00,6496264,Nyambu,17301510,62.5,µg/m³
2026-09-23 15:00:00+00:00,6496264,Nyambu,17301510,74.6,µg/m³
2026-09-23 16:00:00+00:00,6496264,Nyambu,17301510,60.9,µg/m³
2026-09-23 17:00:00+00:00,6496264,Nyambu,17301510,53.7,µg/m³
2026-09-23 18:00:00+00:00,6496264,Nyambu,17301510,49.3,µg/m³
2026-09-23 19:00:00+00:00,6496264,Nyambu,17301510,45.1,µg/m³
2026-09-23 20:00:00+00:00,6496264,Nyambu,17301510,42.5,µg/m³
2026-09-23 21:00:00+00:00,6496264,Nyambu,17301510,47.9,µg/m³
2026-09-23 22:00:00+00:00,6496264,Nyambu,17301510,82.6,µg/m³
2026-09-23 23:00:00+00:00,6496264,Nyambu,17301510,75.4,µg/m³
2026-09-24 00:00:00+00:00,6496264,Nyambu,17301510,44.2,µg/m³
2026-09-24 01:00:00+00:00,6496264,Nyambu,17301510,41.4,µg/m³
2026-09-24 02:00:00+00:00,6496264,Nyambu,17301510,33.5,µg/m³
2026-09-24 03:00:00+00:00,6496264,Nyambu,17301510,31.9,µg/m³
2026-09-24 04:00:00+00:00,6496264,Nyambu,17301510,30.7,µg/m³
2026-09-24 05:00:00+00:00,6496264,Nyambu,17301510,29.8,µg/m³
2026-09-24 06:00:00+00:00,6496264,Nyambu,17301510,31.5,µg/m³
2026-09-24 07:00:00+00:00,6496264,Nyambu,17301510,37.6,µg/m³
2026-09-24 08:00:00+00:00,6496264,Nyambu,17301510,79.8,µg/m³
2026-09-24 09:00:00+00:00,6496264,Nyambu,17301510,74.0,µg/m³
2026-09-24 10:00:00+00:00,6496264,Nyambu,17301510,58.3,µg/m³
2026-09-24 11:00:00+00:00,6496264,Nyambu,17301510,48.1,µg/m³
2026-09-24 12:00:00+00:00,6496264,Nyambu,17301510,42.7,µg/m³
2026-09-24 13:00:00+00:00,6496264,Nyambu,17301510,36.2,µg/m³
2026-09-24 14:00:00+00:00,6496264,Nyambu,17301510,33.0,µg/m³
2026-09-24 15:00:00+00:00,6496264,Nyambu,17301510,27.9,µg/m³
2026-09-24 16:00:00+00:00,6496264,Nyambu,17301510,26.1,µg/m³
2026-09-24 17:00:00+00:00,6496264,Nyambu,17301510,44.5,µg/m³
2026-09-24 18:00:00+00:00,6496264,Nyambu,17301510,47.7,µg/m³
2026-09-24 19:00:00+00:00,6496264,Nyambu,17301510,44.1,µg/m³
2026-09-24 20:00:00+00:00,6496264,Nyambu,17301510,46.3,µg/m³
2026-09-24 21:00:00+00:00,6496264,Nyambu,17301510,60.1,µg/m³
2026-09-24 22:00:00+00:00,6496264,Nyambu,17301510,80.5,µg/m³
2026-09-24 23:00:00+00:00,6496264,Nyambu,17301510,97.4,µg/m³
2026-09-25 00:00:00+00:00,6496264,Nyambu,17301510,47.9,µg/m³
2026-09-25 01:00:00+00:00,6496264,Nyambu,17301510,45.5,µg/m³
2026-09-25 02:00:00+00:00,6496264,Nyambu,17301510,38.8,µg/m³
2026-09-25 03:00:00+00:00,6496264,Nyambu,17301510,34.1,µg/m³
2026-09-25 04:00:00+00:00,6496264,Nyambu,17301510,30.8,µg/m³
2026-09-25 05:00:00+00:00,6496264,Nyambu,17301510,29.3,µg/m³
2026-09-25 06:00:00+00:00,6496264,Nyambu,17301510,38.2,µg/m³
2026-09-25 07:00:00+00:00,6496264,Nyambu,17301510,47.2,µg/m³
2026-09-25 08:00:00+00:00,6496264,Nyambu,17301510,35.8,µg/m³
2026-09-25 09:00:00+00:00,6496264,Nyambu,17301510,36.8,µg/m³
2026-09-25 10:00:00+00:00,6496264,Nyambu,17301510,67.7,µg/m³
2026-09-25 11:00:00+00:00,6496264,Nyambu,17301510,53.5,µg/m³
2026-09-25 12:00:00+00:00,6496264,Nyambu,17301510,54.9,µg/m³
2026-09-25 13:00:00+00:00,6496264,Nyambu,17301510,76.5,µg/m³
2026-09-25 14:00:00+00:00,6496264,Nyambu,17301510,81.6,µg/m³
2026-09-25 15:00:00+00:00,6496264,Nyambu,17301510,79.0,µg/m³
2026-09-25 16:00:00+00:00,6496264,Nyambu,17301510,77.6,µg/m³
2026-09-25 17:00:00+00:00,6496264,Nyambu,17301510,57.5,µg/m³
2026-09-25 18:00:00+00:00,6496264,Nyambu,17301510,51.0,µg/m³
2026-09-25 19:00:00+00:00,6496264,Nyambu,17301510,46.6,µg/m³
2026-09-25 20:00:00+00:00,6496264,Nyambu,17301510,45.9,µg/m³
2026-09-25 21:00:00+00:00,6496264,Nyambu,17301510,52.0,µg/m³
2026-09-25 22:00:00+00:00,6496264,Nyambu,17301510,105.0,µg/m³
2026-09-25 23:00:00+00:00,6496264,Nyambu,17301510,109.0,µg/m³
2026-09-26 00:00:00+00:00,6496264,Nyambu,17301510,55.6,µg/m³
2026-09-26 01:00:00+00:00,6496264,Nyambu,17301510,56.5,µg/m³
2026-09-26 02:00:00+00:00,6496264,Nyambu,17301510,44.9,µg/m³
2026-09-26 03:00:00+00:00,6496264,Nyambu,17301510,40.7,µg/m³
2026-09-26 04:00:00+00:00,6496264,Nyambu,17301510,34.6,µg/m³
2026-09-26 05:00:00+00:00,6496264,Nyambu,17301510,28.8,µg/m³
2026-09-26 06:00:00+00:00,6496264,Nyambu,17301510,28.8,µg/m³
2026-09-26 07:00:00+00:00,6496264,Nyambu,17301510,25.5,µg/m³
2026-09-26 08:00:00+00:00,6496264,Nyambu,17301510,34.0,µg/m³
2026-09-26 09:00:00+00:00,6496264,Nyambu,17301510,63.2,µg/m³
2026-09-26 10:00:00+00:00,6496264,Nyambu,17301510,64.0,µg/m³
2026-09-26 11:00:00+00:00,6496264,Nyambu,17301510,80.4,µg/m³
2026-09-26 12:00:00+00:00,6496264,Nyambu,17301510,55.1,µg/m³
2026-09-26 13:00:00+00:00,6496264,Nyambu,17301510,42.6,µg/m³
2026-09-26 14:00:00+00:00,6496264,Nyambu,17301510,56.6,µg/m³
2026-09-26 15:00:00+00:00,6496264,Nyambu,17301510,83.0,µg/m³
2026-09-26 16:00:00+00:00,6496264,Nyambu,17301510,68.7,µg/m³
2026-09-26 17:00:00+00:00,6496264,Nyambu,17301510,54.4,µg/m³
2026-09-26 18:00:00+00:00,6496264,Nyambu,17301510,48.3,µg/m³
2026-09-26 19:00:00+00:00,6496264,Nyambu,17301510,45.3,µg/m³
2026-09-26 20:00:00+00:00,6496264,Nyambu,17301510,45.4,µg/m³
2026-09-26 21:00:00+00:00,6496264,Nyambu,17301510,48.0,µg/m³
2026-09-26 22:00:00+00:00,6496264,Nyambu,17301510,66.8,µg/m³
2026-09-26 23:00:00+00:00,6496264,Nyambu,17301510,118.0,µg/m³
2026-09-27 00:00:00+00:00,6496264,Nyambu,17301510,63.3,µg/m³
2026-09-27 01:00:00+00:00,6496264,Nyambu,17301510,63.1,µg/m³
2026-09-27 02:00:00+00:00,6496264,Nyambu,17301510,44.1,µg/m³
2026-09-27 03:00:00+00:00,6496264,Nyambu,17301510,37.5,µg/m³
2026-09-27 04:00:00+00:00,6496264,Nyambu,17301510,33.2,µg/m³
2026-09-27 05:00:00+00:00,6496264,Nyambu,17301510,28.7,µg/m³
2026-09-27 06:00:00+00:00,6496264,Nyambu,17301510,32.9,µg/m³
2026-09-27 07:00:00+00:00,6496264,Nyambu,17301510,38.7,µg/m³
2026-09-27 08:00:00+00:00,6496264,Nyambu,17301510,130.0,µg/m³
2026-09-27 09:00:00+00:00,6496264,Nyambu,17301510,356.0,µg/m³
2026-09-27 10:00:00+00:00,6496264,Nyambu,17301510,314.0,µg/m³
2026-09-27 11:00:00+00:00,6496264,Nyambu,17301510,129.0,µg/m³
2026-09-27 12:00:00+00:00,6496264,Nyambu,17301510,79.5,µg/m³
2026-09-27 13:00:00+00:00,6496264,Nyambu,17301510,64.1,µg/m³
2026-09-27 14:00:00+00:00,6496264,Nyambu,17301510,72.9,µg/m³
2026-09-27 15:00:00+00:00,6496264,Nyambu,17301510,96.3,µg/m³
2026-09-27 16:00:00+00:00,6496264,Nyambu,17301510,79.5,µg/m³
2026-09-27 17:00:00+00:00,6496264,Nyambu,17301510,62.3,µg/m³
2026-09-27 18:00:00+00:00,6496264,Nyambu,17301510,53.1,µg/m³
2026-09-27 19:00:00+00:00,6496264,Nyambu,17301510,49.2,µg/m³
2026-09-27 20:00:00+00:00,6496264,Nyambu,17301510,45.1,µg/m³
2026-09-27 21:00:00+00:00,6496264,Nyambu,17301510,52.7,µg/m³
2026-09-27 22:00:00+00:00,6496264,Nyambu,17301510,87.6,µg/m³
2026-09-27 23:00:00+00:00,6496264,Nyambu,17301510,95.0,µg/m³
2026-08-29 00:00:00+00:00,6413387,Tabanan,16694904,119.0,µg/m³
2026-08-29 01:00:00+00:00,6413387,Tabanan,16694904,47.3,µg/m³
2026-08-29 02:00:00+00:00,6413387,Tabanan,16694904,52.1,µg/m³
2026-08-29 03:00:00+00:00,6413387,Tabanan,16694904,43.9,µg/m³
2026-08-29 04:00:00+00:00,6413387,Tabanan,16694904,40.0,µg/m³
2026-08-29 05:00:00+00:00,6413387,Tabanan,16694904,35.1,µg/m³
2026-08-29 06:00:00+00:00,6413387,Tabanan,16694904,30.7,µg/m³
2026-08-29 07:00:00+00:00,6413387,Tabanan,16694904,31.7,µg/m³
2026-08-29 08:00:00+00:00,6413387,Tabanan,16694904,32.8,µg/m³
2026-08-29 09:00:00+00:00,6413387,Tabanan,16694904,46.3,µg/m³
2026-08-29 10:00:00+00:00,6413387,Tabanan,16694904,39.7,µg/m³
2026-08-29 11:00:00+00:00,6413387,Tabanan,16694904,41.6,µg/m³
2026-08-29 12:00:00+00:00,6413387,Tabanan,16694904,42.6,µg/m³
2026-08-29 13:00:00+00:00,6413387,Tabanan,16694904,47.1,µg/m³
2026-08-29 14:00:00+00:00,6413387,Tabanan,16694904,44.4,µg/m³
2026-08-29 15:00:00+00:00,6413387,Tabanan,16694904,44.7,µg/m³
2026-08-29 16:00:00+00:00,6413387,Tabanan,16694904,45.9,µg/m³
2026-08-29 17:00:00+00:00,6413387,Tabanan,16694904,58.4,µg/m³
2026-08-29 18:00:00+00:00,6413387,Tabanan,16694904,59.0,µg/m³
2026-08-29 19:00:00+00:00,6413387,Tabanan,16694904,54.5,µg/m³
2026-08-29 20:00:00+00:00,6413387,Tabanan,16694904,48.8,µg/m³
2026-08-29 21:00:00+00:00,6413387,Tabanan,16694904,48.1,µg/m³
2026-08-29 22:00:00+00:00,6413387,Tabanan,16694904,53.8,µg/m³
2026-08-29 23:00:00+00:00,6413387,Tabanan,16694904,92.4,µg/m³
2026-08-30 00:00:00+00:00,6413387,Tabanan,16694904,69.5,µg/m³
2026-08-30 01:00:00+00:00,6413387,Tabanan,16694904,57.1,µg/m³
2026-08-30 02:00:00+00:00,6413387,Tabanan,16694904,39.4,µg/m³
2026-08-30 03:00:00+00:00,6413387,Tabanan,16694904,35.0,µg/m³
2026-08-30 04:00:00+00:00,6413387,Tabanan,16694904,28.1,µg/m³
2026-08-30 05:00:00+00:00,6413387,Tabanan,16694904,20.9,µg/m³
2026-08-30 06:00:00+00:00,6413387,Tabanan,16694904,19.9,µg/m³
2026-08-30 07:00:00+00:00,6413387,Tabanan,16694904,24.1,µg/m³
2026-08-30 08:00:00+00:00,6413387,Tabanan,16694904,27.2,µg/m³
2026-08-30 09:00:00+00:00,6413387,Tabanan,16694904,31.9,µg/m³
2026-08-30 10:00:00+00:00,6413387,Tabanan,16694904,39.7,µg/m³
2026-08-30 11:00:00+00:00,6413387,Tabanan,16694904,50.3,µg/m³
2026-08-30 12:00:00+00:00,6413387,Tabanan,16694904,54.7,µg/m³
2026-08-30 13:00:00+00:00,6413387,Tabanan,16694904,54.9,µg/m³
2026-08-30 14:00:00+00:00,6413387,Tabanan,16694904,59.0,µg/m³
2026-08-30 15:00:00+00:00,6413387,Tabanan,16694904,50.9,µg/m³
2026-08-30 16:00:00+00:00,6413387,Tabanan,16694904,49.3,µg/m³
2026-08-30 17:00:00+00:00,6413387,Tabanan,16694904,48.1,µg/m³
2026-08-30 18:00:00+00:00,6413387,Tabanan,16694904,49.0,µg/m³
2026-08-30 19:00:00+00:00,6413387,Tabanan,16694904,45.6,µg/m³
2026-08-30 20:00:00+00:00,6413387,Tabanan,16694904,40.4,µg/m³
2026-08-30 21:00:00+00:00,6413387,Tabanan,16694904,45.3,µg/m³
2026-08-30 22:00:00+00:00,6413387,Tabanan,16694904,79.5,µg/m³
2026-08-30 23:00:00+00:00,6413387,Tabanan,16694904,111.0,µg/m³
2026-08-31 00:00:00+00:00,6413387,Tabanan,16694904,102.0,µg/m³
2026-08-31 01:00:00+00:00,6413387,Tabanan,16694904,44.5,µg/m³
2026-08-31 02:00:00+00:00,6413387,Tabanan,16694904,36.7,µg/m³
2026-08-31 03:00:00+00:00,6413387,Tabanan,16694904,27.8,µg/m³
2026-08-31 04:00:00+00:00,6413387,Tabanan,16694904,28.0,µg/m³
2026-08-31 05:00:00+00:00,6413387,Tabanan,16694904,21.8,µg/m³
2026-08-31 06:00:00+00:00,6413387,Tabanan,16694904,21.9,µg/m³
2026-08-31 07:00:00+00:00,6413387,Tabanan,16694904,27.2,µg/m³
2026-08-31 08:00:00+00:00,6413387,Tabanan,16694904,31.6,µg/m³
2026-08-31 09:00:00+00:00,6413387,Tabanan,16694904,34.4,µg/m³
2026-08-31 10:00:00+00:00,6413387,Tabanan,16694904,33.9,µg/m³
2026-08-31 11:00:00+00:00,6413387,Tabanan,16694904,36.4,µg/m³
2026-08-31 12:00:00+00:00,6413387,Tabanan,16694904,38.6,µg/m³
2026-08-31 13:00:00+00:00,6413387,Tabanan,16694904,40.3,µg/m³
2026-08-31 14:00:00+00:00,6413387,Tabanan,16694904,43.8,µg/m³
2026-08-31 15:00:00+00:00,6413387,Tabanan,16694904,57.3,µg/m³
2026-08-31 16:00:00+00:00,6413387,Tabanan,16694904,63.1,µg/m³
2026-08-31 17:00:00+00:00,6413387,Tabanan,16694904,56.1,µg/m³
2026-08-31 18:00:00+00:00,6413387,Tabanan,16694904,48.3,µg/m³
2026-08-31 19:00:00+00:00,6413387,Tabanan,16694904,42.3,µg/m³
2026-08-31 20:00:00+00:00,6413387,Tabanan,16694904,39.4,µg/m³
2026-08-31 21:00:00+00:00,6413387,Tabanan,16694904,44.4,µg/m³
2026-08-31 22:00:00+00:00,6413387,Tabanan,16694904,51.0,µg/m³
2026-08-31 23:00:00+00:00,6413387,Tabanan,16694904,85.3,µg/m³
2026-09-01 00:00:00+00:00,6413387,Tabanan,16694904,86.3,µg/m³
2026-09-01 01:00:00+00:00,6413387,Tabanan,16694904,32.0,µg/m³
2026-09-01 02:00:00+00:00,6413387,Tabanan,16694904,26.3,µg/m³
2026-09-01 03:00:00+00:00,6413387,Tabanan,16694904,22.5,µg/m³
2026-09-01 04:00:00+00:00,6413387,Tabanan,16694904,22.4,µg/m³
2026-09-01 05:00:00+00:00,6413387,Tabanan,16694904,20.2,µg/m³
2026-09-01 06:00:00+00:00,6413387,Tabanan,16694904,16.6,µg/m³
2026-09-01 07:00:00+00:00,6413387,Tabanan,16694904,18.9,µg/m³
2026-09-01 08:00:00+00:00,6413387,Tabanan,16694904,20.3,µg/m³
2026-09-01 09:00:00+00:00,6413387,Tabanan,16694904,22.6,µg/m³
2026-09-01 10:00:00+00:00,6413387,Tabanan,16694904,31.5,µg/m³
2026-09-01 11:00:00+00:00,6413387,Tabanan,16694904,28.7,µg/m³
2026-09-01 12:00:00+00:00,6413387,Tabanan,16694904,31.0,µg/m³
2026-09-01 13:00:00+00:00,6413387,Tabanan,16694904,24.7,µg/m³
2026-09-01 14:00:00+00:00,6413387,Tabanan,16694904,22.7,µg/m³
2026-09-01 15:00:00+00:00,6413387,Tabanan,16694904,21.7,µg/m³
2026-09-01 16:00:00+00:00,6413387,Tabanan,16694904,18.9,µg/m³
2026-09-01 17:00:00+00:00,6413387,Tabanan,16694904,26.5,µg/m³
2026-09-01 18:00:00+00:00,6413387,Tabanan,16694904,32.2,µg/m³
2026-09-01 19:00:00+00:00,6413387,Tabanan,16694904,34.3,µg/m³
2026-09-01 20:00:00+00:00,6413387,Tabanan,16694904,37.0,µg/m³
2026-09-01 21:00:00+00:00,6413387,Tabanan,16694904,39.8,µg/m³
2026-09-01 22:00:00+00:00,6413387,Tabanan,16694904,51.8,µg/m³
2026-09-01 23:00:00+00:00,6413387,Tabanan,16694904,67.0,µg/m³
2026-09-02 00:00:00+00:00,6413387,Tabanan,16694904,60.2,µg/m³
2026-09-02 01:00:00+00:00,6413387,Tabanan,16694904,32.5,µg/m³
2026-09-02 02:00:00+00:00,6413387,Tabanan,16694904,29.1,µg/m³
2026-09-02 03:00:00+00:00,6413387,Tabanan,16694904,24.4,µg/m³
2026-09-02 04:00:00+00:00,6413387,Tabanan,16694904,20.5,µg/m³
2026-09-02 05:00:00+00:00,6413387,Tabanan,16694904,15.3,µg/m³
2026-09-02 06:00:00+00:00,6413387,Tabanan,16694904,14.3,µg/m³
2026-09-02 07:00:00+00:00,6413387,Tabanan,16694904,9.7,µg/m³
2026-09-02 08:00:00+00:00,6413387,Tabanan,16694904,14.6,µg/m³
2026-09-02 09:00:00+00:00,6413387,Tabanan,16694904,26.9,µg/m³
2026-09-02 10:00:00+00:00,6413387,Tabanan,16694904,54.7,µg/m³
2026-09-02 11:00:00+00:00,6413387,Tabanan,16694904,34.7,µg/m³
2026-09-02 12:00:00+00:00,6413387,Tabanan,16694904,22.6,µg/m³
2026-09-02 13:00:00+00:00,6413387,Tabanan,16694904,17.1,µg/m³
2026-09-02 14:00:00+00:00,6413387,Tabanan,16694904,16.9,µg/m³
2026-09-02 15:00:00+00:00,6413387,Tabanan,16694904,17.4,µg/m³
2026-09-02 16:00:00+00:00,6413387,Tabanan,16694904,16.0,µg/m³
2026-09-02 17:00:00+00:00,6413387,Tabanan,16694904,24.5,µg/m³
2026-09-02 18:00:00+00:00,6413387,Tabanan,16694904,33.9,µg/m³
2026-09-02 19:00:00+00:00,6413387,Tabanan,16694904,35.2,µg/m³
2026-09-02 20:00:00+00:00,6413387,Tabanan,16694904,37.6,µg/m³
2026-09-02 21:00:00+00:00,6413387,Tabanan,16694904,40.2,µg/m³
2026-09-02 22:00:00+00:00,6413387,Tabanan,16694904,46.2,µg/m³
2026-09-02 23:00:00+00:00,6413387,Tabanan,16694904,54.3,µg/m³
2026-09-03 00:00:00+00:00,6413387,Tabanan,16694904,43.4,µg/m³
2026-09-03 01:00:00+00:00,6413387,Tabanan,16694904,35.5,µg/m³
2026-09-03 02:00:00+00:00,6413387,Tabanan,16694904,24.5,µg/m³
2026-09-03 03:00:00+00:00,6413387,Tabanan,16694904,19.4,µg/m³
2026-09-03 04:00:00+00:00,6413387,Tabanan,16694904,20.6,µg/m³
2026-09-03 05:00:00+00:00,6413387,Tabanan,16694904,17.6,µg/m³
2026-09-03 06:00:00+00:00,6413387,Tabanan,16694904,12.5,µg/m³
2026-09-03 07:00:00+00:00,6413387,Tabanan,16694904,14.6,µg/m³
2026-09-03 08:00:00+00:00,6413387,Tabanan,16694904,11.0,µg/m³
2026-09-03 09:00:00+00:00,6413387,Tabanan,16694904,20.1,µg/m³
2026-09-03 10:00:00+00:00,6413387,Tabanan,16694904,30.3,µg/m³
2026-09-03 11:00:00+00:00,6413387,Tabanan,16694904,20.2,µg/m³
2026-09-03 12:00:00+00:00,6413387,Tabanan,16694904,22.6,µg/m³
2026-09-03 13:00:00+00:00,6413387,Tabanan,16694904,27.7,µg/m³
2026-09-03 14:00:00+00:00,6413387,Tabanan,16694904,30.4,µg/m³
2026-09-03 15:00:00+00:00,6413387,Tabanan,16694904,38.2,µg/m³
2026-09-03 16:00:00+00:00,6413387,Tabanan,16694904,43.8,µg/m³
2026-09-03 17:00:00+00:00,6413387,Tabanan,16694904,41.2,µg/m³
2026-09-03 18:00:00+00:00,6413387,Tabanan,16694904,30.9,µg/m³
2026-09-03 19:00:00+00:00,6413387,Tabanan,16694904,21.7,µg/m³
2026-09-03 20:00:00+00:00,6413387,Tabanan,16694904,33.5,µg/m³
2026-09-03 21:00:00+00:00,6413387,Tabanan,16694904,40.1,µg/m³
2026-09-03 22:00:00+00:00,6413387,Tabanan,16694904,51.0,µg/m³
2026-09-03 23:00:00+00:00,6413387,Tabanan,16694904,71.1,µg/m³
2026-09-04 00:00:00+00:00,6413387,Tabanan,16694904,34.3,µg/m³
2026-09-04 01:00:00+00:00,6413387,Tabanan,16694904,27.4,µg/m³
2026-09-04 02:00:00+00:00,6413387,Tabanan,16694904,24.2,µg/m³
2026-09-04 03:00:00+00:00,6413387,Tabanan,16694904,18.2,µg/m³
2026-09-04 04:00:00+00:00,6413387,Tabanan,16694904,16.4,µg/m³
2026-09-04 05:00:00+00:00,6413387,Tabanan,16694904,15.1,µg/m³
2026-09-04 06:00:00+00:00,6413387,Tabanan,16694904,17.0,µg/m³
2026-09-04 07:00:00+00:00,6413387,Tabanan,16694904,19.6,µg/m³
2026-09-04 08:00:00+00:00,6413387,Tabanan,16694904,24.7,µg/m³
2026-09-04 09:00:00+00:00,6413387,Tabanan,16694904,41.8,µg/m³
2026-09-04 10:00:00+00:00,6413387,Tabanan,16694904,52.6,µg/m³
2026-09-04 11:00:00+00:00,6413387,Tabanan,16694904,46.7,µg/m³
2026-09-04 12:00:00+00:00,6413387,Tabanan,16694904,38.3,µg/m³
2026-09-04 13:00:00+00:00,6413387,Tabanan,16694904,34.5,µg/m³
2026-09-04 14:00:00+00:00,6413387,Tabanan,16694904,39.0,µg/m³
2026-09-04 15:00:00+00:00,6413387,Tabanan,16694904,40.8,µg/m³
2026-09-04 16:00:00+00:00,6413387,Tabanan,16694904,44.1,µg/m³
2026-09-04 17:00:00+00:00,6413387,Tabanan,16694904,42.0,µg/m³
2026-09-04 18:00:00+00:00,6413387,Tabanan,16694904,34.1,µg/m³
2026-09-04 19:00:00+00:00,6413387,Tabanan,16694904,32.1,µg/m³
2026-09-04 20:00:00+00:00,6413387,Tabanan,16694904,26.1,µg/m³
2026-09-04 21:00:00+00:00,6413387,Tabanan,16694904,36.0,µg/m³
2026-09-04 22:00:00+00:00,6413387,Tabanan,16694904,53.4,µg/m³
2026-09-04 23:00:00+00:00,6413387,Tabanan,16694904,66.2,µg/m³
2026-09-05 00:00:00+00:00,6413387,Tabanan,16694904,63.8,µg/m³
2026-09-05 01:00:00+00:00,6413387,Tabanan,16694904,33.7,µg/m³
2026-09-05 02:00:00+00:00,6413387,Tabanan,16694904,13.6,µg/m³
2026-09-05 03:00:00+00:00,6413387,Tabanan,16694904,16.6,µg/m³
2026-09-05 04:00:00+00:00,6413387,Tabanan,16694904,9.6,µg/m³
2026-09-05 05:00:00+00:00,6413387,Tabanan,16694904,7.5,µg/m³
2026-09-05 06:00:00+00:00,6413387,Tabanan,16694904,7.3,µg/m³
2026-09-05 07:00:00+00:00,6413387,Tabanan,16694904,5.4,µg/m³
2026-09-05 08:00:00+00:00,6413387,Tabanan,16694904,9.7,µg/m³
2026-09-05 09:00:00+00:00,6413387,Tabanan,16694904,16.3,µg/m³
2026-09-05 10:00:00+00:00,6413387,Tabanan,16694904,41.2,µg/m³
2026-09-05 11:00:00+00:00,6413387,Tabanan,16694904,40.3,µg/m³
2026-09-05 12:00:00+00:00,6413387,Tabanan,16694904,29.4,µg/m³
2026-09-05 13:00:00+00:00,6413387,Tabanan,16694904,28.3,µg/m³
2026-09-05 14:00:00+00:00,6413387,Tabanan,16694904,33.2,µg/m³
2026-09-05 15:00:00+00:00,6413387,Tabanan,16694904,41.2,µg/m³
2026-09-05 16:00:00+00:00,6413387,Tabanan,16694904,42.8,µg/m³
2026-09-05 17:00:00+00:00,6413387,Tabanan,16694904,35.0,µg/m³
2026-09-05 18:00:00+00:00,6413387,Tabanan,16694904,34.6,µg/m³
2026-09-05 19:00:00+00:00,6413387,Tabanan,16694904,28.9,µg/m³
2026-09-05 20:00:00+00:00,6413387,Tabanan,16694904,28.7,µg/m³
2026-09-05 21:00:00+00:00,6413387,Tabanan,16694904,30.4,µg/m³
2026-09-05 22:00:00+00:00,6413387,Tabanan,16694904,46.0,µg/m³
2026-09-05 23:00:00+00:00,6413387,Tabanan,16694904,67.5,µg/m³
2026-09-06 00:00:00+00:00,6413387,Tabanan,16694904,77.6,µg/m³
2026-09-06 01:00:00+00:00,6413387,Tabanan,16694904,42.8,µg/m³
2026-09-06 02:00:00+00:00,6413387,Tabanan,16694904,38.4,µg/m³
2026-09-06 03:00:00+00:00,6413387,Tabanan,16694904,20.6,µg/m³
2026-09-06 04:00:00+00:00,6413387,Tabanan,16694904,12.3,µg/m³
2026-09-06 05:00:00+00:00,6413387,Tabanan,16694904,16.0,µg/m³
2026-09-06 06:00:00+00:00,6413387,Tabanan,16694904,15.5,µg/m³
2026-09-06 07:00:00+00:00,6413387,Tabanan,16694904,14.9,µg/m³
2026-09-06 08:00:00+00:00,6413387,Tabanan,16694904,22.0,µg/m³
2026-09-06 09:00:00+00:00,6413387,Tabanan,16694904,30.9,µg/m³
2026-09-06 10:00:00+00:00,6413387,Tabanan,16694904,28.7,µg/m³
2026-09-06 11:00:00+00:00,6413387,Tabanan,16694904,30.2,µg/m³
2026-09-06 12:00:00+00:00,6413387,Tabanan,16694904,18.4,µg/m³
2026-09-06 13:00:00+00:00,6413387,Tabanan,16694904,23.0,µg/m³
2026-09-06 14:00:00+00:00,6413387,Tabanan,16694904,29.6,µg/m³
2026-09-06 15:00:00+00:00,6413387,Tabanan,16694904,30.4,µg/m³
2026-09-06 16:00:00+00:00,6413387,Tabanan,16694904,33.0,µg/m³
2026-09-06 17:00:00+00:00,6413387,Tabanan,16694904,31.2,µg/m³
2026-09-06 18:00:00+00:00,6413387,Tabanan,16694904,32.2,µg/m³
2026-09-06 19:00:00+00:00,6413387,Tabanan,16694904,35.4,µg/m³
2026-09-06 20:00:00+00:00,6413387,Tabanan,16694904,33.0,µg/m³
2026-09-06 21:00:00+00:00,6413387,Tabanan,16694904,32.9,µg/m³
2026-09-06 22:00:00+00:00,6413387,Tabanan,16694904,42.8,µg/m³
2026-09-06 23:00:00+00:00,6413387,Tabanan,16694904,55.7,µg/m³
2026-09-07 00:00:00+00:00,6413387,Tabanan,16694904,52.0,µg/m³
2026-09-07 01:00:00+00:00,6413387,Tabanan,16694904,38.6,µg/m³
2026-09-07 02:00:00+00:00,6413387,Tabanan,16694904,25.7,µg/m³
2026-09-07 03:00:00+00:00,6413387,Tabanan,16694904,26.5,µg/m³
2026-09-07 04:00:00+00:00,6413387,Tabanan,16694904,12.6,µg/m³
2026-09-07 05:00:00+00:00,6413387,Tabanan,16694904,10.3,µg/m³
2026-09-07 06:00:00+00:00,6413387,Tabanan,16694904,15.1,µg/m³
2026-09-07 07:00:00+00:00,6413387,Tabanan,16694904,12.4,µg/m³
2026-09-07 08:00:00+00:00,6413387,Tabanan,16694904,27.8,µg/m³
2026-09-07 09:00:00+00:00,6413387,Tabanan,16694904,29.5,µg/m³
2026-09-07 10:00:00+00:00,6413387,Tabanan,16694904,37.4,µg/m³
2026-09-07 11:00:00+00:00,6413387,Tabanan,16694904,29.4,µg/m³
2026-09-07 12:00:00+00:00,6413387,Tabanan,16694904,27.5,µg/m³
2026-09-07 13:00:00+00:00,6413387,Tabanan,16694904,81.2,µg/m³
2026-09-07 14:00:00+00:00,6413387,Tabanan,16694904,11.7,µg/m³
2026-09-07 15:00:00+00:00,6413387,Tabanan,16694904,9.9,µg/m³
2026-09-07 16:00:00+00:00,6413387,Tabanan,16694904,13.4,µg/m³
2026-09-07 17:00:00+00:00,6413387,Tabanan,16694904,12.7,µg/m³
2026-09-07 18:00:00+00:00,6413387,Tabanan,16694904,12.7,µg/m³
2026-09-07 19:00:00+00:00,6413387,Tabanan,16694904,13.6,µg/m³
2026-09-07 20:00:00+00:00,6413387,Tabanan,16694904,26.1,µg/m³
2026-09-07 21:00:00+00:00,6413387,Tabanan,16694904,26.9,µg/m³
2026-09-07 22:00:00+00:00,6413387,Tabanan,16694904,43.6,µg/m³
2026-09-07 23:00:00+00:00,6413387,Tabanan,16694904,60.3,µg/m³
2026-09-08 00:00:00+00:00,6413387,Tabanan,16694904,35.2,µg/m³
2026-09-08 01:00:00+00:00,6413387,Tabanan,16694904,27.4,µg/m³
2026-09-08 02:00:00+00:00,6413387,Tabanan,16694904,33.9,µg/m³
2026-09-08 03:00:00+00:00,6413387,Tabanan,16694904,22.0,µg/m³
2026-09-08 04:00:00+00:00,6413387,Tabanan,16694904,16.1,µg/m³
2026-09-08 05:00:00+00:00,6413387,Tabanan,16694904,33.8,µg/m³
2026-09-08 06:00:00+00:00,6413387,Tabanan,16694904,12.7,µg/m³
2026-09-08 07:00:00+00:00,6413387,Tabanan,16694904,11.3,µg/m³
2026-09-08 08:00:00+00:00,6413387,Tabanan,16694904,11.4,µg/m³
2026-09-08 09:00:00+00:00,6413387,Tabanan,16694904,22.7,µg/m³
2026-09-08 10:00:00+00:00,6413387,Tabanan,16694904,31.8,µg/m³
2026-09-08 11:00:00+00:00,6413387,Tabanan,16694904,20.3,µg/m³
2026-09-08 12:00:00+00:00,6413387,Tabanan,16694904,13.1,µg/m³
2026-09-08 13:00:00+00:00,6413387,Tabanan,16694904,12.7,µg/m³
2026-09-08 14:00:00+00:00,6413387,Tabanan,16694904,16.5,µg/m³
2026-09-08 15:00:00+00:00,6413387,Tabanan,16694904,10.8,µg/m³
2026-09-08 16:00:00+00:00,6413387,Tabanan,16694904,12.5,µg/m³
2026-09-08 17:00:00+00:00,6413387,Tabanan,16694904,8.7,µg/m³
2026-09-08 18:00:00+00:00,6413387,Tabanan,16694904,11.0,µg/m³
2026-09-08 19:00:00+00:00,6413387,Tabanan,16694904,10.4,µg/m³
2026-09-08 20:00:00+00:00,6413387,Tabanan,16694904,9.4,µg/m³
2026-09-08 21:00:00+00:00,6413387,Tabanan,16694904,21.6,µg/m³
2026-09-08 22:00:00+00:00,6413387,Tabanan,16694904,26.9,µg/m³
2026-09-08 23:00:00+00:00,6413387,Tabanan,16694904,41.5,µg/m³
2026-09-09 00:00:00+00:00,6413387,Tabanan,16694904,24.5,µg/m³
2026-09-09 01:00:00+00:00,6413387,Tabanan,16694904,14.9,µg/m³
2026-09-09 02:00:00+00:00,6413387,Tabanan,16694904,17.3,µg/m³
2026-09-09 03:00:00+00:00,6413387,Tabanan,16694904,12.8,µg/m³
2026-09-09 04:00:00+00:00,6413387,Tabanan,16694904,10.8,µg/m³
2026-09-09 05:00:00+00:00,6413387,Tabanan,16694904,9.6,µg/m³
2026-09-09 06:00:00+00:00,6413387,Tabanan,16694904,13.8,µg/m³
2026-09-09 07:00:00+00:00,6413387,Tabanan,16694904,11.8,µg/m³
2026-09-09 08:00:00+00:00,6413387,Tabanan,16694904,14.9,µg/m³
2026-09-09 09:00:00+00:00,6413387,Tabanan,16694904,16.0,µg/m³
2026-09-09 10:00:00+00:00,6413387,Tabanan,16694904,31.6,µg/m³
2026-09-09 11:00:00+00:00,6413387,Tabanan,16694904,33.4,µg/m³
2026-09-09 12:00:00+00:00,6413387,Tabanan,16694904,24.7,µg/m³
2026-09-09 13:00:00+00:00,6413387,Tabanan,16694904,18.6,µg/m³
2026-09-09 14:00:00+00:00,6413387,Tabanan,16694904,14.2,µg/m³
2026-09-09 15:00:00+00:00,6413387,Tabanan,16694904,15.4,µg/m³
2026-09-09 16:00:00+00:00,6413387,Tabanan,16694904,17.8,µg/m³
2026-09-09 17:00:00+00:00,6413387,Tabanan,16694904,20.6,µg/m³
2026-09-09 18:00:00+00:00,6413387,Tabanan,16694904,22.2,µg/m³
2026-09-09 19:00:00+00:00,6413387,Tabanan,16694904,22.3,µg/m³
2026-09-09 20:00:00+00:00,6413387,Tabanan,16694904,25.8,µg/m³
2026-09-09 21:00:00+00:00,6413387,Tabanan,16694904,30.2,µg/m³
2026-09-09 22:00:00+00:00,6413387,Tabanan,16694904,55.8,µg/m³
2026-09-09 23:00:00+00:00,6413387,Tabanan,16694904,68.4,µg/m³
2026-09-10 00:00:00+00:00,6413387,Tabanan,16694904,43.2,µg/m³
2026-09-10 01:00:00+00:00,6413387,Tabanan,16694904,32.9,µg/m³
2026-09-10 02:00:00+00:00,6413387,Tabanan,16694904,22.6,µg/m³
2026-09-10 03:00:00+00:00,6413387,Tabanan,16694904,32.5,µg/m³
2026-09-10 04:00:00+00:00,6413387,Tabanan,16694904,22.8,µg/m³
2026-09-10 05:00:00+00:00,6413387,Tabanan,16694904,22.3,µg/m³
2026-09-10 06:00:00+00:00,6413387,Tabanan,16694904,18.9,µg/m³
2026-09-10 07:00:00+00:00,6413387,Tabanan,16694904,18.2,µg/m³
2026-09-10 08:00:00+00:00,6413387,Tabanan,16694904,21.7,µg/m³
2026-09-10 09:00:00+00:00,6413387,Tabanan,16694904,43.0,µg/m³
2026-09-10 10:00:00+00:00,6413387,Tabanan,16694904,42.1,µg/m³
2026-09-10 11:00:00+00:00,6413387,Tabanan,16694904,32.5,µg/m³
2026-09-10 12:00:00+00:00,6413387,Tabanan,16694904,33.0,µg/m³
2026-09-10 13:00:00+00:00,6413387,Tabanan,16694904,28.0,µg/m³
2026-09-10 14:00:00+00:00,6413387,Tabanan,16694904,28.0,µg/m³
2026-09-10 15:00:00+00:00,6413387,Tabanan,16694904,28.0,µg/m³
2026-09-10 16:00:00+00:00,6413387,Tabanan,16694904,21.7,µg/m³
2026-09-10 17:00:00+00:00,6413387,Tabanan,16694904,16.5,µg/m³
2026-09-10 18:00:00+00:00,6413387,Tabanan,16694904,19.1,µg/m³
2026-09-10 19:00:00+00:00,6413387,Tabanan,16694904,22.4,µg/m³
2026-09-10 20:00:00+00:00,6413387,Tabanan,16694904,26.0,µg/m³
2026-09-10 21:00:00+00:00,6413387,Tabanan,16694904,32.4,µg/m³
2026-09-10 22:00:00+00:00,6413387,Tabanan,16694904,45.3,µg/m³
2026-09-10 23:00:00+00:00,6413387,Tabanan,16694904,55.6,µg/m³
2026-09-11 00:00:00+00:00,6413387,Tabanan,16694904,41.4,µg/m³
2026-09-11 01:00:00+00:00,6413387,Tabanan,16694904,31.0,µg/m³
2026-09-11 02:00:00+00:00,6413387,Tabanan,16694904,32.3,µg/m³
2026-09-11 03:00:00+00:00,6413387,Tabanan,16694904,27.3,µg/m³
2026-09-11 04:00:00+00:00,6413387,Tabanan,16694904,25.2,µg/m³
2026-09-11 05:00:00+00:00,6413387,Tabanan,16694904,24.7,µg/m³
2026-09-11 06:00:00+00:00,6413387,Tabanan,16694904,20.3,µg/m³
2026-09-11 07:00:00+00:00,6413387,Tabanan,16694904,17.2,µg/m³
2026-09-11 08:00:00+00:00,6413387,Tabanan,16694904,19.6,µg/m³
2026-09-11 09:00:00+00:00,6413387,Tabanan,16694904,26.6,µg/m³
2026-09-11 10:00:00+00:00,6413387,Tabanan,16694904,32.9,µg/m³
2026-09-11 11:00:00+00:00,6413387,Tabanan,16694904,27.4,µg/m³
2026-09-11 12:00:00+00:00,6413387,Tabanan,16694904,29.3,µg/m³
2026-09-11 13:00:00+00:00,6413387,Tabanan,16694904,28.4,µg/m³
2026-09-11 14:00:00+00:00,6413387,Tabanan,16694904,23.6,µg/m³
2026-09-11 15:00:00+00:00,6413387,Tabanan,16694904,21.5,µg/m³
2026-09-11 16:00:00+00:00,6413387,Tabanan,16694904,27.7,µg/m³
2026-09-11 17:00:00+00:00,6413387,Tabanan,16694904,21.4,µg/m³
2026-09-11 18:00:00+00:00,6413387,Tabanan,16694904,28.0,µg/m³
2026-09-11 19:00:00+00:00,6413387,Tabanan,16694904,32.5,µg/m³
2026-09-11 20:00:00+00:00,6413387,Tabanan,16694904,36.5,µg/m³
2026-09-11 21:00:00+00:00,6413387,Tabanan,16694904,43.2,µg/m³
2026-09-11 22:00:00+00:00,6413387,Tabanan,16694904,57.5,µg/m³
2026-09-11 23:00:00+00:00,6413387,Tabanan,16694904,108.0,µg/m³
2026-09-12 00:00:00+00:00,6413387,Tabanan,16694904,62.3,µg/m³
2026-09-12 01:00:00+00:00,6413387,Tabanan,16694904,28.4,µg/m³
2026-09-12 02:00:00+00:00,6413387,Tabanan,16694904,26.4,µg/m³
2026-09-12 03:00:00+00:00,6413387,Tabanan,16694904,23.5,µg/m³
2026-09-12 04:00:00+00:00,6413387,Tabanan,16694904,19.1,µg/m³
2026-09-12 05:00:00+00:00,6413387,Tabanan,16694904,20.2,µg/m³
2026-09-12 06:00:00+00:00,6413387,Tabanan,16694904,26.1,µg/m³
2026-09-12 07:00:00+00:00,6413387,Tabanan,16694904,23.0,µg/m³
2026-09-12 08:00:00+00:00,6413387,Tabanan,16694904,23.1,µg/m³
2026-09-12 09:00:00+00:00,6413387,Tabanan,16694904,30.0,µg/m³
2026-09-12 10:00:00+00:00,6413387,Tabanan,16694904,44.1,µg/m³
2026-09-12 11:00:00+00:00,6413387,Tabanan,16694904,44.9,µg/m³
2026-09-12 12:00:00+00:00,6413387,Tabanan,16694904,45.7,µg/m³
2026-09-12 13:00:00+00:00,6413387,Tabanan,16694904,46.9,µg/m³
2026-09-12 14:00:00+00:00,6413387,Tabanan,16694904,38.7,µg/m³
2026-09-12 15:00:00+00:00,6413387,Tabanan,16694904,31.0,µg/m³
2026-09-12 16:00:00+00:00,6413387,Tabanan,16694904,31.6,µg/m³
2026-09-12 17:00:00+00:00,6413387,Tabanan,16694904,31.0,µg/m³
2026-09-12 18:00:00+00:00,6413387,Tabanan,16694904,31.4,µg/m³
2026-09-12 19:00:00+00:00,6413387,Tabanan,16694904,28.3,µg/m³
2026-09-12 20:00:00+00:00,6413387,Tabanan,16694904,30.1,µg/m³
2026-09-12 21:00:00+00:00,6413387,Tabanan,16694904,39.0,µg/m³
2026-09-12 22:00:00+00:00,6413387,Tabanan,16694904,53.6,µg/m³
2026-09-12 23:00:00+00:00,6413387,Tabanan,16694904,78.8,µg/m³
2026-09-13 00:00:00+00:00,6413387,Tabanan,16694904,47.4,µg/m³
2026-09-13 01:00:00+00:00,6413387,Tabanan,16694904,41.6,µg/m³
2026-09-13 02:00:00+00:00,6413387,Tabanan,16694904,35.6,µg/m³
2026-09-13 03:00:00+00:00,6413387,Tabanan,16694904,33.2,µg/m³
2026-09-13 04:00:00+00:00,6413387,Tabanan,16694904,58.7,µg/m³
2026-09-13 05:00:00+00:00,6413387,Tabanan,16694904,27.7,µg/m³
2026-09-13 06:00:00+00:00,6413387,Tabanan,16694904,27.2,µg/m³
2026-09-13 07:00:00+00:00,6413387,Tabanan,16694904,26.9,µg/m³
2026-09-13 08:00:00+00:00,6413387,Tabanan,16694904,30.5,µg/m³
2026-09-13 09:00:00+00:00,6413387,Tabanan,16694904,33.6,µg/m³
2026-09-13 10:00:00+00:00,6413387,Tabanan,16694904,41.5,µg/m³
2026-09-13 11:00:00+00:00,6413387,Tabanan,16694904,35.3,µg/m³
2026-09-13 12:00:00+00:00,6413387,Tabanan,16694904,29.1,µg/m³
2026-09-13 13:00:00+00:00,6413387,Tabanan,16694904,25.4,µg/m³
2026-09-13 14:00:00+00:00,6413387,Tabanan,16694904,22.4,µg/m³
2026-09-13 15:00:00+00:00,6413387,Tabanan,16694904,24.0,µg/m³
2026-09-13 16:00:00+00:00,6413387,Tabanan,16694904,24.2,µg/m³
2026-09-13 17:00:00+00:00,6413387,Tabanan,16694904,30.4,µg/m³
2026-09-13 18:00:00+00:00,6413387,Tabanan,16694904,30.5,µg/m³
2026-09-13 19:00:00+00:00,6413387,Tabanan,16694904,31.3,µg/m³
2026-09-13 20:00:00+00:00,6413387,Tabanan,16694904,26.4,µg/m³
2026-09-13 21:00:00+00:00,6413387,Tabanan,16694904,27.5,µg/m³
2026-09-13 22:00:00+00:00,6413387,Tabanan,16694904,40.8,µg/m³
2026-09-13 23:00:00+00:00,6413387,Tabanan,16694904,57.4,µg/m³
2026-09-14 00:00:00+00:00,6413387,Tabanan,16694904,42.4,µg/m³
2026-09-14 01:00:00+00:00,6413387,Tabanan,16694904,33.3,µg/m³
2026-09-14 02:00:00+00:00,6413387,Tabanan,16694904,27.0,µg/m³
2026-09-14 03:00:00+00:00,6413387,Tabanan,16694904,14.2,µg/m³
2026-09-14 04:00:00+00:00,6413387,Tabanan,16694904,12.3,µg/m³
2026-09-14 05:00:00+00:00,6413387,Tabanan,16694904,7.3,µg/m³
2026-09-14 06:00:00+00:00,6413387,Tabanan,16694904,14.3,µg/m³
2026-09-14 07:00:00+00:00,6413387,Tabanan,16694904,22.2,µg/m³
2026-09-14 08:00:00+00:00,6413387,Tabanan,16694904,19.4,µg/m³
2026-09-14 09:00:00+00:00,6413387,Tabanan,16694904,26.1,µg/m³
2026-09-14 10:00:00+00:00,6413387,Tabanan,16694904,42.2,µg/m³
2026-09-14 11:00:00+00:00,6413387,Tabanan,16694904,35.1,µg/m³
2026-09-14 12:00:00+00:00,6413387,Tabanan,16694904,24.5,µg/m³
2026-09-14 13:00:00+00:00,6413387,Tabanan,16694904,18.2,µg/m³
2026-09-14 14:00:00+00:00,6413387,Tabanan,16694904,17.7,µg/m³
2026-09-14 15:00:00+00:00,6413387,Tabanan,16694904,11.7,µg/m³
2026-09-14 16:00:00+00:00,6413387,Tabanan,16694904,12.1,µg/m³
2026-09-14 17:00:00+00:00,6413387,Tabanan,16694904,9.7,µg/m³
2026-09-14 18:00:00+00:00,6413387,Tabanan,16694904,8.0,µg/m³
2026-09-14 19:00:00+00:00,6413387,Tabanan,16694904,16.7,µg/m³
2026-09-14 20:00:00+00:00,6413387,Tabanan,16694904,25.3,µg/m³
2026-09-14 21:00:00+00:00,6413387,Tabanan,16694904,34.9,µg/m³
2026-09-14 22:00:00+00:00,6413387,Tabanan,16694904,42.6,µg/m³
2026-09-14 23:00:00+00:00,6413387,Tabanan,16694904,45.6,µg/m³
2026-09-15 00:00:00+00:00,6413387,Tabanan,16694904,14.8,µg/m³
2026-09-15 01:00:00+00:00,6413387,Tabanan,16694904,18.2,µg/m³
2026-09-15 02:00:00+00:00,6413387,Tabanan,16694904,23.8,µg/m³
2026-09-15 03:00:00+00:00,6413387,Tabanan,16694904,22.3,µg/m³
2026-09-15 04:00:00+00:00,6413387,Tabanan,16694904,15.3,µg/m³
2026-09-15 05:00:00+00:00,6413387,Tabanan,16694904,7.7,µg/m³
2026-09-15 06:00:00+00:00,6413387,Tabanan,16694904,5.9,µg/m³
2026-09-15 07:00:00+00:00,6413387,Tabanan,16694904,7.8,µg/m³
2026-09-15 08:00:00+00:00,6413387,Tabanan,16694904,12.8,µg/m³
2026-09-15 09:00:00+00:00,6413387,Tabanan,16694904,13.1,µg/m³
2026-09-15 10:00:00+00:00,6413387,Tabanan,16694904,22.5,µg/m³
2026-09-15 11:00:00+00:00,6413387,Tabanan,16694904,19.8,µg/m³
2026-09-15 12:00:00+00:00,6413387,Tabanan,16694904,15.5,µg/m³
2026-09-15 13:00:00+00:00,6413387,Tabanan,16694904,20.3,µg/m³
2026-09-15 14:00:00+00:00,6413387,Tabanan,16694904,25.0,µg/m³
2026-09-15 15:00:00+00:00,6413387,Tabanan,16694904,24.2,µg/m³
2026-09-15 16:00:00+00:00,6413387,Tabanan,16694904,27.6,µg/m³
2026-09-15 17:00:00+00:00,6413387,Tabanan,16694904,32.2,µg/m³
2026-09-15 18:00:00+00:00,6413387,Tabanan,16694904,36.9,µg/m³
2026-09-15 19:00:00+00:00,6413387,Tabanan,16694904,34.4,µg/m³
2026-09-15 20:00:00+00:00,6413387,Tabanan,16694904,31.3,µg/m³
2026-09-15 21:00:00+00:00,6413387,Tabanan,16694904,35.6,µg/m³
2026-09-15 22:00:00+00:00,6413387,Tabanan,16694904,48.5,µg/m³
2026-09-15 23:00:00+00:00,6413387,Tabanan,16694904,72.3,µg/m³
2026-09-16 00:00:00+00:00,6413387,Tabanan,16694904,28.0,µg/m³
2026-09-16 01:00:00+00:00,6413387,Tabanan,16694904,26.4,µg/m³
2026-09-16 02:00:00+00:00,6413387,Tabanan,16694904,22.8,µg/m³
2026-09-16 03:00:00+00:00,6413387,Tabanan,16694904,20.9,µg/m³
2026-09-16 04:00:00+00:00,6413387,Tabanan,16694904,15.2,µg/m³
2026-09-16 05:00:00+00:00,6413387,Tabanan,16694904,10.4,µg/m³
2026-09-16 06:00:00+00:00,6413387,Tabanan,16694904,12.9,µg/m³
2026-09-16 07:00:00+00:00,6413387,Tabanan,16694904,9.3,µg/m³
2026-09-16 08:00:00+00:00,6413387,Tabanan,16694904,10.8,µg/m³
2026-09-16 09:00:00+00:00,6413387,Tabanan,16694904,20.4,µg/m³
2026-09-16 10:00:00+00:00,6413387,Tabanan,16694904,27.6,µg/m³
2026-09-16 11:00:00+00:00,6413387,Tabanan,16694904,18.1,µg/m³
2026-09-16 12:00:00+00:00,6413387,Tabanan,16694904,15.9,µg/m³
2026-09-16 13:00:00+00:00,6413387,Tabanan,16694904,15.9,µg/m³
2026-09-16 14:00:00+00:00,6413387,Tabanan,16694904,14.5,µg/m³
2026-09-16 15:00:00+00:00,6413387,Tabanan,16694904,12.5,µg/m³
2026-09-16 16:00:00+00:00,6413387,Tabanan,16694904,14.1,µg/m³
2026-09-16 17:00:00+00:00,6413387,Tabanan,16694904,19.8,µg/m³
2026-09-16 18:00:00+00:00,6413387,Tabanan,16694904,24.7,µg/m³
2026-09-16 19:00:00+00:00,6413387,Tabanan,16694904,9.7,µg/m³
2026-09-16 20:00:00+00:00,6413387,Tabanan,16694904,9.2,µg/m³
2026-09-16 21:00:00+00:00,6413387,Tabanan,16694904,13.7,µg/m³
2026-09-16 22:00:00+00:00,6413387,Tabanan,16694904,29.8,µg/m³
2026-09-16 23:00:00+00:00,6413387,Tabanan,16694904,42.4,µg/m³
2026-09-17 00:00:00+00:00,6413387,Tabanan,16694904,33.4,µg/m³
2026-09-17 01:00:00+00:00,6413387,Tabanan,16694904,22.6,µg/m³
2026-09-17 02:00:00+00:00,6413387,Tabanan,16694904,18.6,µg/m³
2026-09-17 03:00:00+00:00,6413387,Tabanan,16694904,18.0,µg/m³
2026-09-17 04:00:00+00:00,6413387,Tabanan,16694904,14.0,µg/m³
2026-09-17 05:00:00+00:00,6413387,Tabanan,16694904,15.8,µg/m³
2026-09-17 06:00:00+00:00,6413387,Tabanan,16694904,14.0,µg/m³
2026-09-17 07:00:00+00:00,6413387,Tabanan,16694904,12.5,µg/m³
2026-09-17 08:00:00+00:00,6413387,Tabanan,16694904,12.4,µg/m³
2026-09-17 09:00:00+00:00,6413387,Tabanan,16694904,23.3,µg/m³
2026-09-17 10:00:00+00:00,6413387,Tabanan,16694904,58.5,µg/m³
2026-09-17 11:00:00+00:00,6413387,Tabanan,16694904,38.1,µg/m³
2026-09-17 12:00:00+00:00,6413387,Tabanan,16694904,36.4,µg/m³
2026-09-17 13:00:00+00:00,6413387,Tabanan,16694904,20.2,µg/m³
2026-09-17 14:00:00+00:00,6413387,Tabanan,16694904,22.6,µg/m³
2026-09-17 15:00:00+00:00,6413387,Tabanan,16694904,42.4,µg/m³
2026-09-17 16:00:00+00:00,6413387,Tabanan,16694904,40.0,µg/m³
2026-09-17 17:00:00+00:00,6413387,Tabanan,16694904,41.6,µg/m³
2026-09-17 18:00:00+00:00,6413387,Tabanan,16694904,40.1,µg/m³
2026-09-17 19:00:00+00:00,6413387,Tabanan,16694904,43.4,µg/m³
2026-09-17 20:00:00+00:00,6413387,Tabanan,16694904,41.7,µg/m³
2026-09-17 21:00:00+00:00,6413387,Tabanan,16694904,53.3,µg/m³
2026-09-17 22:00:00+00:00,6413387,Tabanan,16694904,55.4,µg/m³
2026-09-17 23:00:00+00:00,6413387,Tabanan,16694904,72.3,µg/m³
2026-09-18 00:00:00+00:00,6413387,Tabanan,16694904,45.8,µg/m³
2026-09-18 01:00:00+00:00,6413387,Tabanan,16694904,42.6,µg/m³
2026-09-18 02:00:00+00:00,6413387,Tabanan,16694904,37.3,µg/m³
2026-09-18 03:00:00+00:00,6413387,Tabanan,16694904,32.8,µg/m³
2026-09-18 04:00:00+00:00,6413387,Tabanan,16694904,29.5,µg/m³
2026-09-18 05:00:00+00:00,6413387,Tabanan,16694904,19.7,µg/m³
2026-09-18 06:00:00+00:00,6413387,Tabanan,16694904,16.5,µg/m³
2026-09-18 07:00:00+00:00,6413387,Tabanan,16694904,23.7,µg/m³
2026-09-18 08:00:00+00:00,6413387,Tabanan,16694904,19.1,µg/m³
2026-09-18 09:00:00+00:00,6413387,Tabanan,16694904,21.6,µg/m³
2026-09-18 10:00:00+00:00,6413387,Tabanan,16694904,68.0,µg/m³
2026-09-18 11:00:00+00:00,6413387,Tabanan,16694904,90.7,µg/m³
2026-09-18 12:00:00+00:00,6413387,Tabanan,16694904,85.0,µg/m³
2026-09-18 13:00:00+00:00,6413387,Tabanan,16694904,53.6,µg/m³
2026-09-18 14:00:00+00:00,6413387,Tabanan,16694904,44.3,µg/m³
2026-09-18 15:00:00+00:00,6413387,Tabanan,16694904,40.6,µg/m³
2026-09-18 16:00:00+00:00,6413387,Tabanan,16694904,25.1,µg/m³
2026-09-18 17:00:00+00:00,6413387,Tabanan,16694904,19.5,µg/m³
2026-09-18 18:00:00+00:00,6413387,Tabanan,16694904,16.2,µg/m³
2026-09-18 19:00:00+00:00,6413387,Tabanan,16694904,16.7,µg/m³
2026-09-18 20:00:00+00:00,6413387,Tabanan,16694904,29.1,µg/m³
2026-09-18 21:00:00+00:00,6413387,Tabanan,16694904,45.8,µg/m³
2026-09-18 22:00:00+00:00,6413387,Tabanan,16694904,54.7,µg/m³
2026-09-18 23:00:00+00:00,6413387,Tabanan,16694904,66.3,µg/m³
2026-09-19 00:00:00+00:00,6413387,Tabanan,16694904,41.5,µg/m³
2026-09-19 01:00:00+00:00,6413387,Tabanan,16694904,36.1,µg/m³
2026-09-19 02:00:00+00:00,6413387,Tabanan,16694904,32.4,µg/m³
2026-09-19 03:00:00+00:00,6413387,Tabanan,16694904,26.5,µg/m³
2026-09-19 04:00:00+00:00,6413387,Tabanan,16694904,20.7,µg/m³
2026-09-19 05:00:00+00:00,6413387,Tabanan,16694904,19.4,µg/m³
2026-09-19 06:00:00+00:00,6413387,Tabanan,16694904,19.3,µg/m³
2026-09-19 07:00:00+00:00,6413387,Tabanan,16694904,22.3,µg/m³
2026-09-19 08:00:00+00:00,6413387,Tabanan,16694904,20.2,µg/m³
2026-09-19 09:00:00+00:00,6413387,Tabanan,16694904,29.2,µg/m³
2026-09-19 10:00:00+00:00,6413387,Tabanan,16694904,39.9,µg/m³
2026-09-19 11:00:00+00:00,6413387,Tabanan,16694904,46.3,µg/m³
2026-09-19 12:00:00+00:00,6413387,Tabanan,16694904,36.2,µg/m³
2026-09-19 13:00:00+00:00,6413387,Tabanan,16694904,32.9,µg/m³
2026-09-19 14:00:00+00:00,6413387,Tabanan,16694904,33.3,µg/m³
2026-09-19 15:00:00+00:00,6413387,Tabanan,16694904,33.9,µg/m³
2026-09-19 16:00:00+00:00,6413387,Tabanan,16694904,33.0,µg/m³
2026-09-19 17:00:00+00:00,6413387,Tabanan,16694904,27.3,µg/m³
2026-09-19 18:00:00+00:00,6413387,Tabanan,16694904,19.2,µg/m³
2026-09-19 19:00:00+00:00,6413387,Tabanan,16694904,20.4,µg/m³
2026-09-19 20:00:00+00:00,6413387,Tabanan,16694904,32.3,µg/m³
2026-09-19 21:00:00+00:00,6413387,Tabanan,16694904,52.1,µg/m³
2026-09-19 22:00:00+00:00,6413387,Tabanan,16694904,54.4,µg/m³
2026-09-19 23:00:00+00:00,6413387,Tabanan,16694904,77.7,µg/m³
2026-09-20 00:00:00+00:00,6413387,Tabanan,16694904,43.6,µg/m³
2026-09-20 01:00:00+00:00,6413387,Tabanan,16694904,32.3,µg/m³
2026-09-20 02:00:00+00:00,6413387,Tabanan,16694904,28.3,µg/m³
2026-09-20 03:00:00+00:00,6413387,Tabanan,16694904,28.6,µg/m³
2026-09-20 04:00:00+00:00,6413387,Tabanan,16694904,24.9,µg/m³
2026-09-20 05:00:00+00:00,6413387,Tabanan,16694904,28.9,µg/m³
2026-09-20 06:00:00+00:00,6413387,Tabanan,16694904,27.2,µg/m³
2026-09-20 07:00:00+00:00,6413387,Tabanan,16694904,25.7,µg/m³
2026-09-20 08:00:00+00:00,6413387,Tabanan,16694904,24.0,µg/m³
2026-09-20 09:00:00+00:00,6413387,Tabanan,16694904,30.3,µg/m³
2026-09-20 10:00:00+00:00,6413387,Tabanan,16694904,36.9,µg/m³
2026-09-20 11:00:00+00:00,6413387,Tabanan,16694904,37.2,µg/m³
2026-09-20 12:00:00+00:00,6413387,Tabanan,16694904,36.5,µg/m³
2026-09-20 13:00:00+00:00,6413387,Tabanan,16694904,35.5,µg/m³
2026-09-20 14:00:00+00:00,6413387,Tabanan,16694904,33.4,µg/m³
2026-09-20 15:00:00+00:00,6413387,Tabanan,16694904,36.1,µg/m³
2026-09-20 16:00:00+00:00,6413387,Tabanan,16694904,39.1,µg/m³
2026-09-20 17:00:00+00:00,6413387,Tabanan,16694904,41.9,µg/m³
2026-09-20 18:00:00+00:00,6413387,Tabanan,16694904,46.3,µg/m³
2026-09-20 19:00:00+00:00,6413387,Tabanan,16694904,52.1,µg/m³
2026-09-20 20:00:00+00:00,6413387,Tabanan,16694904,47.3,µg/m³
2026-09-20 21:00:00+00:00,6413387,Tabanan,16694904,47.9,µg/m³
2026-09-20 22:00:00+00:00,6413387,Tabanan,16694904,68.7,µg/m³
2026-09-20 23:00:00+00:00,6413387,Tabanan,16694904,70.7,µg/m³
2026-09-21 00:00:00+00:00,6413387,Tabanan,16694904,45.8,µg/m³
2026-09-21 01:00:00+00:00,6413387,Tabanan,16694904,37.7,µg/m³
2026-09-21 02:00:00+00:00,6413387,Tabanan,16694904,30.7,µg/m³
2026-09-21 03:00:00+00:00,6413387,Tabanan,16694904,27.8,µg/m³
2026-09-21 04:00:00+00:00,6413387,Tabanan,16694904,25.0,µg/m³
2026-09-21 05:00:00+00:00,6413387,Tabanan,16694904,24.1,µg/m³
2026-09-21 06:00:00+00:00,6413387,Tabanan,16694904,24.6,µg/m³
2026-09-21 07:00:00+00:00,6413387,Tabanan,16694904,27.4,µg/m³
2026-09-21 08:00:00+00:00,6413387,Tabanan,16694904,30.7,µg/m³
2026-09-21 09:00:00+00:00,6413387,Tabanan,16694904,33.2,µg/m³
2026-09-21 10:00:00+00:00,6413387,Tabanan,16694904,41.7,µg/m³
2026-09-21 11:00:00+00:00,6413387,Tabanan,16694904,47.1,µg/m³
2026-09-21 12:00:00+00:00,6413387,Tabanan,16694904,53.3,µg/m³
2026-09-21 13:00:00+00:00,6413387,Tabanan,16694904,48.3,µg/m³
2026-09-21 14:00:00+00:00,6413387,Tabanan,16694904,70.7,µg/m³
2026-09-21 15:00:00+00:00,6413387,Tabanan,16694904,120.0,µg/m³
2026-09-21 16:00:00+00:00,6413387,Tabanan,16694904,132.0,µg/m³
2026-09-21 17:00:00+00:00,6413387,Tabanan,16694904,39.1,µg/m³
2026-09-21 18:00:00+00:00,6413387,Tabanan,16694904,33.4,µg/m³
2026-09-21 19:00:00+00:00,6413387,Tabanan,16694904,37.9,µg/m³
2026-09-21 20:00:00+00:00,6413387,Tabanan,16694904,44.1,µg/m³
2026-09-21 21:00:00+00:00,6413387,Tabanan,16694904,44.5,µg/m³
2026-09-21 22:00:00+00:00,6413387,Tabanan,16694904,56.1,µg/m³
2026-09-21 23:00:00+00:00,6413387,Tabanan,16694904,90.7,µg/m³
2026-09-22 00:00:00+00:00,6413387,Tabanan,16694904,56.8,µg/m³
2026-09-22 01:00:00+00:00,6413387,Tabanan,16694904,36.6,µg/m³
2026-09-22 02:00:00+00:00,6413387,Tabanan,16694904,34.7,µg/m³
2026-09-22 03:00:00+00:00,6413387,Tabanan,16694904,29.9,µg/m³
2026-09-22 04:00:00+00:00,6413387,Tabanan,16694904,29.3,µg/m³
2026-09-22 05:00:00+00:00,6413387,Tabanan,16694904,25.5,µg/m³
2026-09-22 06:00:00+00:00,6413387,Tabanan,16694904,30.7,µg/m³
2026-09-22 07:00:00+00:00,6413387,Tabanan,16694904,28.9,µg/m³
2026-09-22 08:00:00+00:00,6413387,Tabanan,16694904,31.5,µg/m³
2026-09-22 09:00:00+00:00,6413387,Tabanan,16694904,36.9,µg/m³
2026-09-22 10:00:00+00:00,6413387,Tabanan,16694904,55.6,µg/m³
2026-09-22 11:00:00+00:00,6413387,Tabanan,16694904,54.0,µg/m³
2026-09-22 12:00:00+00:00,6413387,Tabanan,16694904,47.4,µg/m³
2026-09-22 13:00:00+00:00,6413387,Tabanan,16694904,42.9,µg/m³
2026-09-22 14:00:00+00:00,6413387,Tabanan,16694904,45.2,µg/m³
2026-09-22 15:00:00+00:00,6413387,Tabanan,16694904,36.3,µg/m³
2026-09-22 16:00:00+00:00,6413387,Tabanan,16694904,36.4,µg/m³
2026-09-22 17:00:00+00:00,6413387,Tabanan,16694904,30.9,µg/m³
2026-09-22 18:00:00+00:00,6413387,Tabanan,16694904,27.9,µg/m³
2026-09-22 19:00:00+00:00,6413387,Tabanan,16694904,35.4,µg/m³
2026-09-22 20:00:00+00:00,6413387,Tabanan,16694904,46.3,µg/m³
2026-09-22 21:00:00+00:00,6413387,Tabanan,16694904,51.8,µg/m³
2026-09-22 22:00:00+00:00,6413387,Tabanan,16694904,72.6,µg/m³
2026-09-22 23:00:00+00:00,6413387,Tabanan,16694904,82.1,µg/m³
2026-09-23 00:00:00+00:00,6413387,Tabanan,16694904,49.7,µg/m³
2026-09-23 01:00:00+00:00,6413387,Tabanan,16694904,41.5,µg/m³
2026-09-23 02:00:00+00:00,6413387,Tabanan,16694904,32.3,µg/m³
2026-09-23 03:00:00+00:00,6413387,Tabanan,16694904,31.5,µg/m³
2026-09-23 04:00:00+00:00,6413387,Tabanan,16694904,29.2,µg/m³
2026-09-23 05:00:00+00:00,6413387,Tabanan,16694904,34.1,µg/m³
2026-09-23 06:00:00+00:00,6413387,Tabanan,16694904,33.3,µg/m³
2026-09-23 07:00:00+00:00,6413387,Tabanan,16694904,40.8,µg/m³
2026-09-23 08:00:00+00:00,6413387,Tabanan,16694904,33.3,µg/m³
2026-09-23 09:00:00+00:00,6413387,Tabanan,16694904,47.2,µg/m³
2026-09-23 10:00:00+00:00,6413387,Tabanan,16694904,90.0,µg/m³
2026-09-23 11:00:00+00:00,6413387,Tabanan,16694904,128.0,µg/m³
2026-09-23 12:00:00+00:00,6413387,Tabanan,16694904,61.3,µg/m³
2026-09-23 13:00:00+00:00,6413387,Tabanan,16694904,85.3,µg/m³
2026-09-23 14:00:00+00:00,6413387,Tabanan,16694904,64.1,µg/m³
2026-09-23 15:00:00+00:00,6413387,Tabanan,16694904,63.8,µg/m³
2026-09-23 16:00:00+00:00,6413387,Tabanan,16694904,69.1,µg/m³
2026-09-23 17:00:00+00:00,6413387,Tabanan,16694904,59.4,µg/m³
2026-09-23 18:00:00+00:00,6413387,Tabanan,16694904,51.9,µg/m³
2026-09-23 19:00:00+00:00,6413387,Tabanan,16694904,46.8,µg/m³
2026-09-23 20:00:00+00:00,6413387,Tabanan,16694904,43.0,µg/m³
2026-09-23 21:00:00+00:00,6413387,Tabanan,16694904,47.7,µg/m³
2026-09-23 22:00:00+00:00,6413387,Tabanan,16694904,72.2,µg/m³
2026-09-23 23:00:00+00:00,6413387,Tabanan,16694904,78.6,µg/m³
2026-09-24 00:00:00+00:00,6413387,Tabanan,16694904,45.7,µg/m³
2026-09-24 01:00:00+00:00,6413387,Tabanan,16694904,41.3,µg/m³
2026-09-24 02:00:00+00:00,6413387,Tabanan,16694904,33.1,µg/m³
2026-09-24 03:00:00+00:00,6413387,Tabanan,16694904,28.8,µg/m³
2026-09-24 04:00:00+00:00,6413387,Tabanan,16694904,30.1,µg/m³
2026-09-24 05:00:00+00:00,6413387,Tabanan,16694904,30.1,µg/m³
2026-09-24 06:00:00+00:00,6413387,Tabanan,16694904,30.7,µg/m³
2026-09-24 07:00:00+00:00,6413387,Tabanan,16694904,32.5,µg/m³
2026-09-24 08:00:00+00:00,6413387,Tabanan,16694904,32.5,µg/m³
2026-09-24 09:00:00+00:00,6413387,Tabanan,16694904,39.8,µg/m³
2026-09-24 10:00:00+00:00,6413387,Tabanan,16694904,54.5,µg/m³
2026-09-24 11:00:00+00:00,6413387,Tabanan,16694904,42.0,µg/m³
2026-09-24 12:00:00+00:00,6413387,Tabanan,16694904,41.0,µg/m³
2026-09-24 13:00:00+00:00,6413387,Tabanan,16694904,36.8,µg/m³
2026-09-24 14:00:00+00:00,6413387,Tabanan,16694904,33.2,µg/m³
2026-09-24 15:00:00+00:00,6413387,Tabanan,16694904,28.0,µg/m³
2026-09-24 16:00:00+00:00,6413387,Tabanan,16694904,26.9,µg/m³
2026-09-24 17:00:00+00:00,6413387,Tabanan,16694904,34.4,µg/m³
2026-09-24 18:00:00+00:00,6413387,Tabanan,16694904,47.3,µg/m³
2026-09-24 19:00:00+00:00,6413387,Tabanan,16694904,46.2,µg/m³
2026-09-24 20:00:00+00:00,6413387,Tabanan,16694904,45.0,µg/m³
2026-09-24 21:00:00+00:00,6413387,Tabanan,16694904,49.4,µg/m³
2026-09-24 22:00:00+00:00,6413387,Tabanan,16694904,68.1,µg/m³
2026-09-24 23:00:00+00:00,6413387,Tabanan,16694904,87.6,µg/m³
2026-09-25 00:00:00+00:00,6413387,Tabanan,16694904,49.1,µg/m³
2026-09-25 01:00:00+00:00,6413387,Tabanan,16694904,42.7,µg/m³
2026-09-25 02:00:00+00:00,6413387,Tabanan,16694904,38.2,µg/m³
2026-09-25 03:00:00+00:00,6413387,Tabanan,16694904,33.7,µg/m³
2026-09-25 04:00:00+00:00,6413387,Tabanan,16694904,29.3,µg/m³
2026-09-25 05:00:00+00:00,6413387,Tabanan,16694904,27.8,µg/m³
2026-09-25 06:00:00+00:00,6413387,Tabanan,16694904,28.9,µg/m³
2026-09-25 07:00:00+00:00,6413387,Tabanan,16694904,33.4,µg/m³
2026-09-25 08:00:00+00:00,6413387,Tabanan,16694904,34.4,µg/m³
2026-09-25 09:00:00+00:00,6413387,Tabanan,16694904,36.5,µg/m³
2026-09-25 10:00:00+00:00,6413387,Tabanan,16694904,46.9,µg/m³
2026-09-25 11:00:00+00:00,6413387,Tabanan,16694904,51.4,µg/m³
2026-09-25 12:00:00+00:00,6413387,Tabanan,16694904,49.2,µg/m³
2026-09-25 13:00:00+00:00,6413387,Tabanan,16694904,55.7,µg/m³
2026-09-25 14:00:00+00:00,6413387,Tabanan,16694904,73.6,µg/m³
2026-09-25 15:00:00+00:00,6413387,Tabanan,16694904,77.3,µg/m³
2026-09-25 16:00:00+00:00,6413387,Tabanan,16694904,77.0,µg/m³
2026-09-25 17:00:00+00:00,6413387,Tabanan,16694904,71.3,µg/m³
2026-09-25 18:00:00+00:00,6413387,Tabanan,16694904,55.7,µg/m³
2026-09-25 19:00:00+00:00,6413387,Tabanan,16694904,49.9,µg/m³
2026-09-25 20:00:00+00:00,6413387,Tabanan,16694904,47.0,µg/m³
2026-09-25 21:00:00+00:00,6413387,Tabanan,16694904,46.6,µg/m³
2026-09-25 22:00:00+00:00,6413387,Tabanan,16694904,63.9,µg/m³
2026-09-25 23:00:00+00:00,6413387,Tabanan,16694904,100.0,µg/m³
2026-09-26 00:00:00+00:00,6413387,Tabanan,16694904,55.4,µg/m³
2026-09-26 01:00:00+00:00,6413387,Tabanan,16694904,56.1,µg/m³
2026-09-26 02:00:00+00:00,6413387,Tabanan,16694904,44.4,µg/m³
2026-09-26 03:00:00+00:00,6413387,Tabanan,16694904,38.9,µg/m³
2026-09-26 04:00:00+00:00,6413387,Tabanan,16694904,33.4,µg/m³
2026-09-26 05:00:00+00:00,6413387,Tabanan,16694904,24.7,µg/m³
2026-09-26 06:00:00+00:00,6413387,Tabanan,16694904,23.1,µg/m³
2026-09-26 07:00:00+00:00,6413387,Tabanan,16694904,23.6,µg/m³
2026-09-26 08:00:00+00:00,6413387,Tabanan,16694904,45.6,µg/m³
2026-09-26 09:00:00+00:00,6413387,Tabanan,16694904,55.7,µg/m³
2026-09-26 10:00:00+00:00,6413387,Tabanan,16694904,43.8,µg/m³
2026-09-26 11:00:00+00:00,6413387,Tabanan,16694904,41.7,µg/m³
2026-09-26 12:00:00+00:00,6413387,Tabanan,16694904,42.6,µg/m³
2026-09-26 13:00:00+00:00,6413387,Tabanan,16694904,40.4,µg/m³
2026-09-26 14:00:00+00:00,6413387,Tabanan,16694904,52.4,µg/m³
2026-09-26 15:00:00+00:00,6413387,Tabanan,16694904,79.3,µg/m³
2026-09-26 16:00:00+00:00,6413387,Tabanan,16694904,75.7,µg/m³
2026-09-26 17:00:00+00:00,6413387,Tabanan,16694904,63.1,µg/m³
2026-09-26 18:00:00+00:00,6413387,Tabanan,16694904,52.3,µg/m³
2026-09-26 19:00:00+00:00,6413387,Tabanan,16694904,47.3,µg/m³
2026-09-26 20:00:00+00:00,6413387,Tabanan,16694904,45.7,µg/m³
2026-09-26 21:00:00+00:00,6413387,Tabanan,16694904,46.2,µg/m³
2026-09-26 22:00:00+00:00,6413387,Tabanan,16694904,56.3,µg/m³
2026-09-26 23:00:00+00:00,6413387,Tabanan,16694904,75.1,µg/m³
2026-09-27 00:00:00+00:00,6413387,Tabanan,16694904,57.7,µg/m³
2026-09-27 01:00:00+00:00,6413387,Tabanan,16694904,72.2,µg/m³
2026-09-27 02:00:00+00:00,6413387,Tabanan,16694904,47.7,µg/m³
2026-09-27 03:00:00+00:00,6413387,Tabanan,16694904,42.2,µg/m³
2026-09-27 04:00:00+00:00,6413387,Tabanan,16694904,34.9,µg/m³
2026-09-27 05:00:00+00:00,6413387,Tabanan,16694904,27.0,µg/m³
2026-09-27 06:00:00+00:00,6413387,Tabanan,16694904,26.1,µg/m³
2026-09-27 07:00:00+00:00,6413387,Tabanan,16694904,39.7,µg/m³
2026-09-27 08:00:00+00:00,6413387,Tabanan,16694904,33.8,µg/m³
2026-09-27 09:00:00+00:00,6413387,Tabanan,16694904,34.8,µg/m³
2026-09-27 10:00:00+00:00,6413387,Tabanan,16694904,43.0,µg/m³
2026-09-27 11:00:00+00:00,6413387,Tabanan,16694904,54.3,µg/m³
2026-09-27 12:00:00+00:00,6413387,Tabanan,16694904,57.5,µg/m³
2026-09-27 13:00:00+00:00,6413387,Tabanan,16694904,67.4,µg/m³
2026-09-27 14:00:00+00:00,6413387,Tabanan,16694904,87.7,µg/m³
2026-09-27 15:00:00+00:00,6413387,Tabanan,16694904,97.1,µg/m³
2026-09-27 16:00:00+00:00,6413387,Tabanan,16694904,85.2,µg/m³
2026-09-27 17:00:00+00:00,6413387,Tabanan,16694904,73.0,µg/m³
2026-09-27 18:00:00+00:00,6413387,Tabanan,16694904,60.4,µg/m³
2026-09-27 19:00:00+00:00,6413387,Tabanan,16694904,52.0,µg/m³
2026-09-27 20:00:00+00:00,6413387,Tabanan,16694904,47.0,µg/m³
2026-09-27 21:00:00+00:00,6413387,Tabanan,16694904,48.8,µg/m³
2026-09-27 22:00:00+00:00,6413387,Tabanan,16694904,73.8,µg/m³
2026-09-27 23:00:00+00:00,6413387,Tabanan,16694904,96.2,µg/m³
2026-08-29 00:00:00+00:00,6496045,Sibang Kaja - Sogil Brew,17299934,73.3,µg/m³
2026-08-29 01:00:00+00:00,6496045,Sibang Kaja - Sogil Brew,17299934,45.7,µg/m³
2026-08-29 02:00:00+00:00,6496045,Sibang Kaja - Sogil Brew,17299934,40.2,µg/m³
2026-08-29 03:00:00+00:00,6496045,Sibang Kaja - Sogil Brew,17299934,38.2,µg/m³
2026-08-29 04:00:00+00:00,6496045,Sibang Kaja - Sogil Brew,17299934,35.9,µg/m³
2026-08-29 05:00:00+00:00,6496045,Sibang Kaja - Sogil Brew,17299934,34.1,µg/m³
2026-08-29 06:00:00+00:00,6496045,Sibang Kaja - Sogil Brew,17299934,32.8,µg/m³
2026-08-29 07:00:00+00:00,6496045,Sibang Kaja - Sogil Brew,17299934,33.2,µg/m³
2026-08-29 08:00:00+00:00,6496045,Sibang Kaja - Sogil Brew,17299934,36.8,µg/m³
2026-08-29 09:00:00+00:00,6496045,Sibang Kaja - Sogil Brew,17299934,40.0,µg/m³
2026-08-29 10:00:00+00:00,6496045,Sibang Kaja - Sogil Brew,17299934,45.7,µg/m³
2026-08-29 11:00:00+00:00,6496045,Sibang Kaja - Sogil Brew,17299934,40.6,µg/m³
2026-08-29 12:00:00+00:00,6496045,Sibang Kaja - Sogil Brew,17299934,39.8,µg/m³
2026-08-29 13:00:00+00:00,6496045,Sibang Kaja - Sogil Brew,17299934,38.1,µg/m³
2026-08-29 14:00:00+00:00,6496045,Sibang Kaja - Sogil Brew,17299934,41.9,µg/m³
2026-08-29 15:00:00+00:00,6496045,Sibang Kaja - Sogil Brew,17299934,54.7,µg/m³
2026-08-29 16:00:00+00:00,6496045,Sibang Kaja - Sogil Brew,17299934,61.3,µg/m³
2026-08-29 17:00:00+00:00,6496045,Sibang Kaja - Sogil Brew,17299934,52.7,µg/m³
2026-08-29 18:00:00+00:00,6496045,Sibang Kaja - Sogil Brew,17299934,43.8,µg/m³
2026-08-29 19:00:00+00:00,6496045,Sibang Kaja - Sogil Brew,17299934,36.3,µg/m³
2026-08-29 20:00:00+00:00,6496045,Sibang Kaja - Sogil Brew,17299934,32.8,µg/m³
2026-08-29 21:00:00+00:00,6496045,Sibang Kaja - Sogil Brew,17299934,34.1,µg/m³
2026-08-29 22:00:00+00:00,6496045,Sibang Kaja - Sogil Brew,17299934,42.7,µg/m³
2026-08-29 23:00:00+00:00,6496045,Sibang Kaja - Sogil Brew,17299934,63.4,µg/m³
2026-08-30 00:00:00+00:00,6496045,Sibang Kaja - Sogil Brew,17299934,67.7,µg/m³
2026-08-30 01:00:00+00:00,6496045,Sibang Kaja - Sogil Brew,17299934,42.2,µg/m³
2026-08-30 02:00:00+00:00,6496045,Sibang Kaja - Sogil Brew,17299934,38.4,µg/m³
2026-08-30 03:00:00+00:00,6496045,Sibang Kaja - Sogil Brew,17299934,35.2,µg/m³
2026-08-30 04:00:00+00:00,6496045,Sibang Kaja - Sogil Brew,17299934,32.3,µg/m³
2026-08-30 05:00:00+00:00,6496045,Sibang Kaja - Sogil Brew,17299934,31.7,µg/m³
2026-08-30 06:00:00+00:00,6496045,Sibang Kaja - Sogil Brew,17299934,24.8,µg/m³
2026-08-30 07:00:00+00:00,6496045,Sibang Kaja - Sogil Brew,17299934,24.5,µg/m³
2026-08-30 08:00:00+00:00,6496045,Sibang Kaja - Sogil Brew,17299934,25.8,µg/m³
2026-08-30 09:00:00+00:00,6496045,Sibang Kaja - Sogil Brew,17299934,32.2,µg/m³
2026-08-30 10:00:00+00:00,6496045,Sibang Kaja - Sogil Brew,17299934,47.3,µg/m³
2026-08-30 11:00:00+00:00,6496045,Sibang Kaja - Sogil Brew,17299934,69.6,µg/m³
2026-08-30 12:00:00+00:00,6496045,Sibang Kaja - Sogil Brew,17299934,54.3,µg/m³
2026-08-30 13:00:00+00:00,6496045,Sibang Kaja - Sogil Brew,17299934,50.8,µg/m³
2026-08-30 14:00:00+00:00,6496045,Sibang Kaja - Sogil Brew,17299934,59.9,µg/m³
2026-08-30 15:00:00+00:00,6496045,Sibang Kaja - Sogil Brew,17299934,48.0,µg/m³
2026-08-30 16:00:00+00:00,6496045,Sibang Kaja - Sogil Brew,17299934,39.5,µg/m³
2026-08-30 17:00:00+00:00,6496045,Sibang Kaja - Sogil Brew,17299934,35.0,µg/m³
2026-08-30 18:00:00+00:00,6496045,Sibang Kaja - Sogil Brew,17299934,33.6,µg/m³
2026-08-30 19:00:00+00:00,6496045,Sibang Kaja - Sogil Brew,17299934,32.7,µg/m³
2026-08-30 20:00:00+00:00,6496045,Sibang Kaja - Sogil Brew,17299934,29.4,µg/m³
2026-08-30 21:00:00+00:00,6496045,Sibang Kaja - Sogil Brew,17299934,38.4,µg/m³
2026-08-30 22:00:00+00:00,6496045,Sibang Kaja - Sogil Brew,17299934,43.9,µg/m³
2026-08-30 23:00:00+00:00,6496045,Sibang Kaja - Sogil Brew,17299934,79.1,µg/m³
2026-08-31 00:00:00+00:00,6496045,Sibang Kaja - Sogil Brew,17299934,60.1,µg/m³
2026-08-31 01:00:00+00:00,6496045,Sibang Kaja - Sogil Brew,17299934,42.7,µg/m³
2026-08-31 02:00:00+00:00,6496045,Sibang Kaja - Sogil Brew,17299934,34.1,µg/m³
2026-08-31 03:00:00+00:00,6496045,Sibang Kaja - Sogil Brew,17299934,36.4,µg/m³
2026-08-31 04:00:00+00:00,6496045,Sibang Kaja - Sogil Brew,17299934,29.4,µg/m³
2026-08-31 05:00:00+00:00,6496045,Sibang Kaja - Sogil Brew,17299934,24.7,µg/m³
2026-08-31 06:00:00+00:00,6496045,Sibang Kaja - Sogil Brew,17299934,27.2,µg/m³
2026-08-31 07:00:00+00:00,6496045,Sibang Kaja - Sogil Brew,17299934,29.6,µg/m³
2026-08-31 08:00:00+00:00,6496045,Sibang Kaja - Sogil Brew,17299934,29.7,µg/m³
2026-08-31 09:00:00+00:00,6496045,Sibang Kaja - Sogil Brew,17299934,33.3,µg/m³
2026-08-31 10:00:00+00:00,6496045,Sibang Kaja - Sogil Brew,17299934,37.8,µg/m³
2026-08-31 11:00:00+00:00,6496045,Sibang Kaja - Sogil Brew,17299934,41.9,µg/m³
2026-08-31 12:00:00+00:00,6496045,Sibang Kaja - Sogil Brew,17299934,41.6,µg/m³
2026-08-31 13:00:00+00:00,6496045,Sibang Kaja - Sogil Brew,17299934,48.2,µg/m³
2026-08-31 14:00:00+00:00,6496045,Sibang Kaja - Sogil Brew,17299934,55.8,µg/m³
2026-08-31 15:00:00+00:00,6496045,Sibang Kaja - Sogil Brew,17299934,48.8,µg/m³
2026-08-31 16:00:00+00:00,6496045,Sibang Kaja - Sogil Brew,17299934,46.8,µg/m³
2026-08-31 17:00:00+00:00,6496045,Sibang Kaja - Sogil Brew,17299934,45.2,µg/m³
2026-08-31 18:00:00+00:00,6496045,Sibang Kaja - Sogil Brew,17299934,40.6,µg/m³
2026-08-31 19:00:00+00:00,6496045,Sibang Kaja - Sogil Brew,17299934,38.9,µg/m³
2026-08-31 20:00:00+00:00,6496045,Sibang Kaja - Sogil Brew,17299934,40.0,µg/m³
2026-08-31 21:00:00+00:00,6496045,Sibang Kaja - Sogil Brew,17299934,46.4,µg/m³
2026-08-31 22:00:00+00:00,6496045,Sibang Kaja - Sogil Brew,17299934,45.2,µg/m³
2026-08-31 23:00:00+00:00,6496045,Sibang Kaja - Sogil Brew,17299934,63.7,µg/m³
2026-09-01 00:00:00+00:00,6496045,Sibang Kaja - Sogil Brew,17299934,68.8,µg/m³
2026-09-01 01:00:00+00:00,6496045,Sibang Kaja - Sogil Brew,17299934,33.9,µg/m³
2026-09-01 02:00:00+00:00,6496045,Sibang Kaja - Sogil Brew,17299934,28.7,µg/m³
2026-09-01 03:00:00+00:00,6496045,Sibang Kaja - Sogil Brew,17299934,25.6,µg/m³
2026-09-01 04:00:00+00:00,6496045,Sibang Kaja - Sogil Brew,17299934,23.7,µg/m³
2026-09-01 05:00:00+00:00,6496045,Sibang Kaja - Sogil Brew,17299934,20.6,µg/m³
2026-09-01 06:00:00+00:00,6496045,Sibang Kaja - Sogil Brew,17299934,21.9,µg/m³
2026-09-01 07:00:00+00:00,6496045,Sibang Kaja - Sogil Brew,17299934,21.5,µg/m³
2026-09-01 08:00:00+00:00,6496045,Sibang Kaja - Sogil Brew,17299934,21.2,µg/m³
2026-09-01 09:00:00+00:00,6496045,Sibang Kaja - Sogil Brew,17299934,27.7,µg/m³
2026-09-01 10:00:00+00:00,6496045,Sibang Kaja - Sogil Brew,17299934,34.6,µg/m³
2026-09-01 11:00:00+00:00,6496045,Sibang Kaja - Sogil Brew,17299934,31.9,µg/m³
2026-09-01 12:00:00+00:00,6496045,Sibang Kaja - Sogil Brew,17299934,24.7,µg/m³
2026-09-01 13:00:00+00:00,6496045,Sibang Kaja - Sogil Brew,17299934,25.1,µg/m³
2026-09-01 14:00:00+00:00,6496045,Sibang Kaja - Sogil Brew,17299934,34.3,µg/m³
2026-09-01 15:00:00+00:00,6496045,Sibang Kaja - Sogil Brew,17299934,40.5,µg/m³
2026-09-01 16:00:00+00:00,6496045,Sibang Kaja - Sogil Brew,17299934,35.6,µg/m³
2026-09-01 17:00:00+00:00,6496045,Sibang Kaja - Sogil Brew,17299934,38.0,µg/m³
2026-09-01 18:00:00+00:00,6496045,Sibang Kaja - Sogil Brew,17299934,38.8,µg/m³
2026-09-01 19:00:00+00:00,6496045,Sibang Kaja - Sogil Brew,17299934,24.4,µg/m³
2026-09-01 20:00:00+00:00,6496045,Sibang Kaja - Sogil Brew,17299934,25.4,µg/m³
2026-09-01 21:00:00+00:00,6496045,Sibang Kaja - Sogil Brew,17299934,28.8,µg/m³
2026-09-01 22:00:00+00:00,6496045,Sibang Kaja - Sogil Brew,17299934,54.4,µg/m³
2026-09-01 23:00:00+00:00,6496045,Sibang Kaja - Sogil Brew,17299934,64.8,µg/m³
2026-09-02 00:00:00+00:00,6496045,Sibang Kaja - Sogil Brew,17299934,64.9,µg/m³
2026-09-02 01:00:00+00:00,6496045,Sibang Kaja - Sogil Brew,17299934,38.1,µg/m³
2026-09-02 02:00:00+00:00,6496045,Sibang Kaja - Sogil Brew,17299934,25.6,µg/m³
2026-09-02 03:00:00+00:00,6496045,Sibang Kaja - Sogil Brew,17299934,25.1,µg/m³
2026-09-02 04:00:00+00:00,6496045,Sibang Kaja - Sogil Brew,17299934,30.5,µg/m³
2026-09-02 05:00:00+00:00,6496045,Sibang Kaja - Sogil Brew,17299934,22.8,µg/m³
2026-09-02 06:00:00+00:00,6496045,Sibang Kaja - Sogil Brew,17299934,20.8,µg/m³
2026-09-02 07:00:00+00:00,6496045,Sibang Kaja - Sogil Brew,17299934,19.8,µg/m³
2026-09-02 08:00:00+00:00,6496045,Sibang Kaja - Sogil Brew,17299934,22.6,µg/m³
2026-09-02 09:00:00+00:00,6496045,Sibang Kaja - Sogil Brew,17299934,22.4,µg/m³
2026-09-02 10:00:00+00:00,6496045,Sibang Kaja - Sogil Brew,17299934,30.5,µg/m³
2026-09-02 11:00:00+00:00,6496045,Sibang Kaja - Sogil Brew,17299934,26.2,µg/m³
2026-09-02 12:00:00+00:00,6496045,Sibang Kaja - Sogil Brew,17299934,21.6,µg/m³
2026-09-02 13:00:00+00:00,6496045,Sibang Kaja - Sogil Brew,17299934,17.0,µg/m³
2026-09-02 14:00:00+00:00,6496045,Sibang Kaja - Sogil Brew,17299934,19.9,µg/m³
2026-09-02 15:00:00+00:00,6496045,Sibang Kaja - Sogil Brew,17299934,56.2,µg/m³
2026-09-02 16:00:00+00:00,6496045,Sibang Kaja - Sogil Brew,17299934,43.4,µg/m³
2026-09-02 17:00:00+00:00,6496045,Sibang Kaja - Sogil Brew,17299934,37.4,µg/m³
2026-09-02 18:00:00+00:00,6496045,Sibang Kaja - Sogil Brew,17299934,36.8,µg/m³
2026-09-02 19:00:00+00:00,6496045,Sibang Kaja - Sogil Brew,17299934,35.1,µg/m³
2026-09-02 20:00:00+00:00,6496045,Sibang Kaja - Sogil Brew,17299934,28.4,µg/m³
2026-09-02 21:00:00+00:00,6496045,Sibang Kaja - Sogil Brew,17299934,35.8,µg/m³
2026-09-02 22:00:00+00:00,6496045,Sibang Kaja - Sogil Brew,17299934,60.4,µg/m³
2026-09-02 23:00:00+00:00,6496045,Sibang Kaja - Sogil Brew,17299934,65.3,µg/m³
2026-09-03 00:00:00+00:00,6496045,Sibang Kaja - Sogil Brew,17299934,40.6,µg/m³
2026-09-03 01:00:00+00:00,6496045,Sibang Kaja - Sogil Brew,17299934,29.4,µg/m³
2026-09-03 02:00:00+00:00,6496045,Sibang Kaja - Sogil Brew,17299934,22.2,µg/m³
2026-09-03 03:00:00+00:00,6496045,Sibang Kaja - Sogil Brew,17299934,19.7,µg/m³
2026-09-03 04:00:00+00:00,6496045,Sibang Kaja - Sogil Brew,17299934,16.6,µg/m³
2026-09-03 05:00:00+00:00,6496045,Sibang Kaja - Sogil Brew,17299934,16.7,µg/m³
2026-09-03 06:00:00+00:00,6496045,Sibang Kaja - Sogil Brew,17299934,14.1,µg/m³
2026-09-03 07:00:00+00:00,6496045,Sibang Kaja - Sogil Brew,17299934,18.3,µg/m³
2026-09-03 08:00:00+00:00,6496045,Sibang Kaja - Sogil Brew,17299934,19.8,µg/m³
2026-09-03 09:00:00+00:00,6496045,Sibang Kaja - Sogil Brew,17299934,25.2,µg/m³
2026-09-03 10:00:00+00:00,6496045,Sibang Kaja - Sogil Brew,17299934,38.8,µg/m³
2026-09-03 11:00:00+00:00,6496045,Sibang Kaja - Sogil Brew,17299934,30.9,µg/m³
2026-09-03 12:00:00+00:00,6496045,Sibang Kaja - Sogil Brew,17299934,29.1,µg/m³
2026-09-03 13:00:00+00:00,6496045,Sibang Kaja - Sogil Brew,17299934,36.9,µg/m³
2026-09-03 14:00:00+00:00,6496045,Sibang Kaja - Sogil Brew,17299934,51.7,µg/m³
2026-09-03 15:00:00+00:00,6496045,Sibang Kaja - Sogil Brew,17299934,53.7,µg/m³
2026-09-03 16:00:00+00:00,6496045,Sibang Kaja - Sogil Brew,17299934,48.3,µg/m³
2026-09-03 17:00:00+00:00,6496045,Sibang Kaja - Sogil Brew,17299934,46.2,µg/m³
2026-09-03 18:00:00+00:00,6496045,Sibang Kaja - Sogil Brew,17299934,40.4,µg/m³
2026-09-03 19:00:00+00:00,6496045,Sibang Kaja - Sogil Brew,17299934,33.8,µg/m³
2026-09-03 20:00:00+00:00,6496045,Sibang Kaja - Sogil Brew,17299934,30.7,µg/m³
2026-09-03 21:00:00+00:00,6496045,Sibang Kaja - Sogil Brew,17299934,38.4,µg/m³
2026-09-03 22:00:00+00:00,6496045,Sibang Kaja - Sogil Brew,17299934,47.7,µg/m³
2026-09-03 23:00:00+00:00,6496045,Sibang Kaja - Sogil Brew,17299934,76.1,µg/m³
2026-09-04 00:00:00+00:00,6496045,Sibang Kaja - Sogil Brew,17299934,30.1,µg/m³
2026-09-04 01:00:00+00:00,6496045,Sibang Kaja - Sogil Brew,17299934,24.8,µg/m³
2026-09-04 02:00:00+00:00,6496045,Sibang Kaja - Sogil Brew,17299934,20.0,µg/m³
2026-09-04 03:00:00+00:00,6496045,Sibang Kaja - Sogil Brew,17299934,19.9,µg/m³
2026-09-04 04:00:00+00:00,6496045,Sibang Kaja - Sogil Brew,17299934,16.9,µg/m³
2026-09-04 05:00:00+00:00,6496045,Sibang Kaja - Sogil Brew,17299934,14.7,µg/m³
2026-09-04 06:00:00+00:00,6496045,Sibang Kaja - Sogil Brew,17299934,17.6,µg/m³
2026-09-04 07:00:00+00:00,6496045,Sibang Kaja - Sogil Brew,17299934,21.8,µg/m³
2026-09-04 08:00:00+00:00,6496045,Sibang Kaja - Sogil Brew,17299934,25.2,µg/m³
2026-09-04 09:00:00+00:00,6496045,Sibang Kaja - Sogil Brew,17299934,26.5,µg/m³
2026-09-04 10:00:00+00:00,6496045,Sibang Kaja - Sogil Brew,17299934,32.0,µg/m³
2026-09-04 11:00:00+00:00,6496045,Sibang Kaja - Sogil Brew,17299934,41.0,µg/m³
2026-09-04 12:00:00+00:00,6496045,Sibang Kaja - Sogil Brew,17299934,29.7,µg/m³
2026-09-04 13:00:00+00:00,6496045,Sibang Kaja - Sogil Brew,17299934,33.3,µg/m³
2026-09-04 14:00:00+00:00,6496045,Sibang Kaja - Sogil Brew,17299934,35.1,µg/m³
2026-09-04 15:00:00+00:00,6496045,Sibang Kaja - Sogil Brew,17299934,36.3,µg/m³
2026-09-04 16:00:00+00:00,6496045,Sibang Kaja - Sogil Brew,17299934,40.3,µg/m³
2026-09-04 17:00:00+00:00,6496045,Sibang Kaja - Sogil Brew,17299934,34.0,µg/m³
2026-09-04 18:00:00+00:00,6496045,Sibang Kaja - Sogil Brew,17299934,29.6,µg/m³
2026-09-04 19:00:00+00:00,6496045,Sibang Kaja - Sogil Brew,17299934,24.8,µg/m³
2026-09-04 20:00:00+00:00,6496045,Sibang Kaja - Sogil Brew,17299934,24.2,µg/m³
2026-09-04 21:00:00+00:00,6496045,Sibang Kaja - Sogil Brew,17299934,20.1,µg/m³
2026-09-04 22:00:00+00:00,6496045,Sibang Kaja - Sogil Brew,17299934,32.7,µg/m³
2026-09-04 23:00:00+00:00,6496045,Sibang Kaja - Sogil Brew,17299934,56.8,µg/m³
2026-09-05 00:00:00+00:00,6496045,Sibang Kaja - Sogil Brew,17299934,37.0,µg/m³
2026-09-05 01:00:00+00:00,6496045,Sibang Kaja - Sogil Brew,17299934,17.5,µg/m³
2026-09-05 02:00:00+00:00,6496045,Sibang Kaja - Sogil Brew,17299934,15.7,µg/m³
2026-09-05 03:00:00+00:00,6496045,Sibang Kaja - Sogil Brew,17299934,16.6,µg/m³
2026-09-05 04:00:00+00:00,6496045,Sibang Kaja - Sogil Brew,17299934,8.8,µg/m³
2026-09-05 05:00:00+00:00,6496045,Sibang Kaja - Sogil Brew,17299934,12.9,µg/m³
2026-09-05 06:00:00+00:00,6496045,Sibang Kaja - Sogil Brew,17299934,8.7,µg/m³
2026-09-05 07:00:00+00:00,6496045,Sibang Kaja - Sogil Brew,17299934,8.7,µg/m³
2026-09-05 08:00:00+00:00,6496045,Sibang Kaja - Sogil Brew,17299934,13.1,µg/m³
2026-09-05 09:00:00+00:00,6496045,Sibang Kaja - Sogil Brew,17299934,15.9,µg/m³
2026-09-05 10:00:00+00:00,6496045,Sibang Kaja - Sogil Brew,17299934,27.0,µg/m³
2026-09-05 11:00:00+00:00,6496045,Sibang Kaja - Sogil Brew,17299934,30.5,µg/m³
2026-09-05 12:00:00+00:00,6496045,Sibang Kaja - Sogil Brew,17299934,31.4,µg/m³
2026-09-05 13:00:00+00:00,6496045,Sibang Kaja - Sogil Brew,17299934,32.4,µg/m³
2026-09-05 14:00:00+00:00,6496045,Sibang Kaja - Sogil Brew,17299934,35.8,µg/m³
2026-09-05 15:00:00+00:00,6496045,Sibang Kaja - Sogil Brew,17299934,40.1,µg/m³
2026-09-05 16:00:00+00:00,6496045,Sibang Kaja - Sogil Brew,17299934,38.7,µg/m³
2026-09-05 17:00:00+00:00,6496045,Sibang Kaja - Sogil Brew,17299934,31.5,µg/m³
2026-09-05 18:00:00+00:00,6496045,Sibang Kaja - Sogil Brew,17299934,28.8,µg/m³
2026-09-05 19:00:00+00:00,6496045,Sibang Kaja - Sogil Brew,17299934,25.1,µg/m³
2026-09-05 20:00:00+00:00,6496045,Sibang Kaja - Sogil Brew,17299934,23.5,µg/m³
2026-09-05 21:00:00+00:00,6496045,Sibang Kaja - Sogil Brew,17299934,24.5,µg/m³
2026-09-05 22:00:00+00:00,6496045,Sibang Kaja - Sogil Brew,17299934,33.1,µg/m³
2026-09-05 23:00:00+00:00,6496045,Sibang Kaja - Sogil Brew,17299934,112.0,µg/m³
2026-09-06 00:00:00+00:00,6496045,Sibang Kaja - Sogil Brew,17299934,126.0,µg/m³
2026-09-06 01:00:00+00:00,6496045,Sibang Kaja - Sogil Brew,17299934,61.3,µg/m³
2026-09-06 02:00:00+00:00,6496045,Sibang Kaja - Sogil Brew,17299934,12.8,µg/m³
2026-09-06 03:00:00+00:00,6496045,Sibang Kaja - Sogil Brew,17299934,14.2,µg/m³
2026-09-06 04:00:00+00:00,6496045,Sibang Kaja - Sogil Brew,17299934,10.8,µg/m³
2026-09-06 05:00:00+00:00,6496045,Sibang Kaja - Sogil Brew,17299934,7.9,µg/m³
2026-09-06 06:00:00+00:00,6496045,Sibang Kaja - Sogil Brew,17299934,7.9,µg/m³
2026-09-06 07:00:00+00:00,6496045,Sibang Kaja - Sogil Brew,17299934,12.8,µg/m³
2026-09-06 08:00:00+00:00,6496045,Sibang Kaja - Sogil Brew,17299934,16.1,µg/m³
2026-09-06 09:00:00+00:00,6496045,Sibang Kaja - Sogil Brew,17299934,18.7,µg/m³
2026-09-06 10:00:00+00:00,6496045,Sibang Kaja - Sogil Brew,17299934,30.4,µg/m³
2026-09-06 11:00:00+00:00,6496045,Sibang Kaja - Sogil Brew,17299934,26.5,µg/m³
2026-09-06 12:00:00+00:00,6496045,Sibang Kaja - Sogil Brew,17299934,23.6,µg/m³
2026-09-06 13:00:00+00:00,6496045,Sibang Kaja - Sogil Brew,17299934,16.2,µg/m³
2026-09-06 14:00:00+00:00,6496045,Sibang Kaja - Sogil Brew,17299934,13.8,µg/m³
2026-09-06 15:00:00+00:00,6496045,Sibang Kaja - Sogil Brew,17299934,13.9,µg/m³
2026-09-06 16:00:00+00:00,6496045,Sibang Kaja - Sogil Brew,17299934,27.7,µg/m³
2026-09-06 17:00:00+00:00,6496045,Sibang Kaja - Sogil Brew,17299934,31.2,µg/m³
2026-09-06 18:00:00+00:00,6496045,Sibang Kaja - Sogil Brew,17299934,25.2,µg/m³
2026-09-06 19:00:00+00:00,6496045,Sibang Kaja - Sogil Brew,17299934,24.8,µg/m³
2026-09-06 20:00:00+00:00,6496045,Sibang Kaja - Sogil Brew,17299934,26.2,µg/m³
2026-09-06 21:00:00+00:00,6496045,Sibang Kaja - Sogil Brew,17299934,31.3,µg/m³
2026-09-06 22:00:00+00:00,6496045,Sibang Kaja - Sogil Brew,17299934,45.5,µg/m³
2026-09-06 23:00:00+00:00,6496045,Sibang Kaja - Sogil Brew,17299934,58.8,µg/m³
2026-09-07 00:00:00+00:00,6496045,Sibang Kaja - Sogil Brew,17299934,46.2,µg/m³
2026-09-07 01:00:00+00:00,6496045,Sibang Kaja - Sogil Brew,17299934,20.1,µg/m³
2026-09-07 02:00:00+00:00,6496045,Sibang Kaja - Sogil Brew,17299934,11.9,µg/m³
2026-09-07 03:00:00+00:00,6496045,Sibang Kaja - Sogil Brew,17299934,17.6,µg/m³
2026-09-07 04:00:00+00:00,6496045,Sibang Kaja - Sogil Brew,17299934,9.0,µg/m³
2026-09-07 05:00:00+00:00,6496045,Sibang Kaja - Sogil Brew,17299934,10.5,µg/m³
2026-09-07 06:00:00+00:00,6496045,Sibang Kaja - Sogil Brew,17299934,19.6,µg/m³
2026-09-07 07:00:00+00:00,6496045,Sibang Kaja - Sogil Brew,17299934,20.5,µg/m³
2026-09-07 08:00:00+00:00,6496045,Sibang Kaja - Sogil Brew,17299934,21.5,µg/m³
2026-09-07 09:00:00+00:00,6496045,Sibang Kaja - Sogil Brew,17299934,22.2,µg/m³
2026-09-07 10:00:00+00:00,6496045,Sibang Kaja - Sogil Brew,17299934,25.1,µg/m³
2026-09-07 11:00:00+00:00,6496045,Sibang Kaja - Sogil Brew,17299934,24.6,µg/m³
2026-09-07 12:00:00+00:00,6496045,Sibang Kaja - Sogil Brew,17299934,19.8,µg/m³
2026-09-07 13:00:00+00:00,6496045,Sibang Kaja - Sogil Brew,17299934,12.8,µg/m³
2026-09-07 14:00:00+00:00,6496045,Sibang Kaja - Sogil Brew,17299934,7.9,µg/m³
2026-09-07 15:00:00+00:00,6496045,Sibang Kaja - Sogil Brew,17299934,7.9,µg/m³
2026-09-07 16:00:00+00:00,6496045,Sibang Kaja - Sogil Brew,17299934,8.6,µg/m³
2026-09-07 17:00:00+00:00,6496045,Sibang Kaja - Sogil Brew,17299934,6.3,µg/m³
2026-09-07 18:00:00+00:00,6496045,Sibang Kaja - Sogil Brew,17299934,11.1,µg/m³
2026-09-07 19:00:00+00:00,6496045,Sibang Kaja - Sogil Brew,17299934,20.9,µg/m³
2026-09-07 20:00:00+00:00,6496045,Sibang Kaja - Sogil Brew,17299934,20.5,µg/m³
2026-09-07 21:00:00+00:00,6496045,Sibang Kaja - Sogil Brew,17299934,30.3,µg/m³
2026-09-07 22:00:00+00:00,6496045,Sibang Kaja - Sogil Brew,17299934,36.0,µg/m³
2026-09-07 23:00:00+00:00,6496045,Sibang Kaja - Sogil Brew,17299934,59.2,µg/m³
2026-09-08 00:00:00+00:00,6496045,Sibang Kaja - Sogil Brew,17299934,40.4,µg/m³
2026-09-08 01:00:00+00:00,6496045,Sibang Kaja - Sogil Brew,17299934,18.3,µg/m³
2026-09-08 02:00:00+00:00,6496045,Sibang Kaja - Sogil Brew,17299934,14.9,µg/m³
2026-09-08 03:00:00+00:00,6496045,Sibang Kaja - Sogil Brew,17299934,9.7,µg/m³
2026-09-08 04:00:00+00:00,6496045,Sibang Kaja - Sogil Brew,17299934,12.5,µg/m³
2026-09-08 05:00:00+00:00,6496045,Sibang Kaja - Sogil Brew,17299934,9.9,µg/m³
2026-09-08 06:00:00+00:00,6496045,Sibang Kaja - Sogil Brew,17299934,8.2,µg/m³
2026-09-08 07:00:00+00:00,6496045,Sibang Kaja - Sogil Brew,17299934,10.4,µg/m³
2026-09-08 08:00:00+00:00,6496045,Sibang Kaja - Sogil Brew,17299934,16.8,µg/m³
2026-09-08 09:00:00+00:00,6496045,Sibang Kaja - Sogil Brew,17299934,28.3,µg/m³
2026-09-08 10:00:00+00:00,6496045,Sibang Kaja - Sogil Brew,17299934,20.6,µg/m³
2026-09-08 11:00:00+00:00,6496045,Sibang Kaja - Sogil Brew,17299934,17.1,µg/m³
2026-09-08 12:00:00+00:00,6496045,Sibang Kaja - Sogil Brew,17299934,9.7,µg/m³
2026-09-08 13:00:00+00:00,6496045,Sibang Kaja - Sogil Brew,17299934,11.2,µg/m³
2026-09-08 14:00:00+00:00,6496045,Sibang Kaja - Sogil Brew,17299934,12.5,µg/m³
2026-09-08 15:00:00+00:00,6496045,Sibang Kaja - Sogil Brew,17299934,7.2,µg/m³
2026-09-08 16:00:00+00:00,6496045,Sibang Kaja - Sogil Brew,17299934,6.5,µg/m³
2026-09-08 17:00:00+00:00,6496045,Sibang Kaja - Sogil Brew,17299934,6.1,µg/m³
2026-09-08 18:00:00+00:00,6496045,Sibang Kaja - Sogil Brew,17299934,5.4,µg/m³
2026-09-08 19:00:00+00:00,6496045,Sibang Kaja - Sogil Brew,17299934,5.6,µg/m³
2026-09-08 20:00:00+00:00,6496045,Sibang Kaja - Sogil Brew,17299934,7.0,µg/m³
2026-09-08 21:00:00+00:00,6496045,Sibang Kaja - Sogil Brew,17299934,19.2,µg/m³
2026-09-08 22:00:00+00:00,6496045,Sibang Kaja - Sogil Brew,17299934,41.3,µg/m³
2026-09-08 23:00:00+00:00,6496045,Sibang Kaja - Sogil Brew,17299934,38.1,µg/m³
2026-09-09 00:00:00+00:00,6496045,Sibang Kaja - Sogil Brew,17299934,26.2,µg/m³
2026-09-09 01:00:00+00:00,6496045,Sibang Kaja - Sogil Brew,17299934,23.8,µg/m³
2026-09-09 02:00:00+00:00,6496045,Sibang Kaja - Sogil Brew,17299934,11.8,µg/m³
2026-09-09 03:00:00+00:00,6496045,Sibang Kaja - Sogil Brew,17299934,11.1,µg/m³
2026-09-09 04:00:00+00:00,6496045,Sibang Kaja - Sogil Brew,17299934,10.1,µg/m³
2026-09-09 05:00:00+00:00,6496045,Sibang Kaja - Sogil Brew,17299934,9.2,µg/m³
2026-09-09 06:00:00+00:00,6496045,Sibang Kaja - Sogil Brew,17299934,9.2,µg/m³
2026-09-09 07:00:00+00:00,6496045,Sibang Kaja - Sogil Brew,17299934,11.6,µg/m³
2026-09-09 08:00:00+00:00,6496045,Sibang Kaja - Sogil Brew,17299934,10.7,µg/m³
2026-09-09 09:00:00+00:00,6496045,Sibang Kaja - Sogil Brew,17299934,11.3,µg/m³
2026-09-09 10:00:00+00:00,6496045,Sibang Kaja - Sogil Brew,17299934,25.3,µg/m³
2026-09-09 11:00:00+00:00,6496045,Sibang Kaja - Sogil Brew,17299934,25.4,µg/m³
2026-09-09 12:00:00+00:00,6496045,Sibang Kaja - Sogil Brew,17299934,15.3,µg/m³
2026-09-09 13:00:00+00:00,6496045,Sibang Kaja - Sogil Brew,17299934,11.4,µg/m³
2026-09-09 14:00:00+00:00,6496045,Sibang Kaja - Sogil Brew,17299934,11.8,µg/m³
2026-09-09 15:00:00+00:00,6496045,Sibang Kaja - Sogil Brew,17299934,11.6,µg/m³
2026-09-09 16:00:00+00:00,6496045,Sibang Kaja - Sogil Brew,17299934,10.9,µg/m³
2026-09-09 17:00:00+00:00,6496045,Sibang Kaja - Sogil Brew,17299934,14.6,µg/m³
2026-09-09 18:00:00+00:00,6496045,Sibang Kaja - Sogil Brew,17299934,20.7,µg/m³
2026-09-09 19:00:00+00:00,6496045,Sibang Kaja - Sogil Brew,17299934,26.9,µg/m³
2026-09-09 20:00:00+00:00,6496045,Sibang Kaja - Sogil Brew,17299934,27.9,µg/m³
2026-09-09 21:00:00+00:00,6496045,Sibang Kaja - Sogil Brew,17299934,42.6,µg/m³
2026-09-09 22:00:00+00:00,6496045,Sibang Kaja - Sogil Brew,17299934,62.4,µg/m³
2026-09-09 23:00:00+00:00,6496045,Sibang Kaja - Sogil Brew,17299934,68.9,µg/m³
2026-09-10 00:00:00+00:00,6496045,Sibang Kaja - Sogil Brew,17299934,50.9,µg/m³
2026-09-10 01:00:00+00:00,6496045,Sibang Kaja - Sogil Brew,17299934,27.1,µg/m³
2026-09-10 02:00:00+00:00,6496045,Sibang Kaja - Sogil Brew,17299934,20.5,µg/m³
2026-09-10 03:00:00+00:00,6496045,Sibang Kaja - Sogil Brew,17299934,18.9,µg/m³
2026-09-10 04:00:00+00:00,6496045,Sibang Kaja - Sogil Brew,17299934,17.6,µg/m³
2026-09-10 05:00:00+00:00,6496045,Sibang Kaja - Sogil Brew,17299934,16.4,µg/m³
2026-09-10 06:00:00+00:00,6496045,Sibang Kaja - Sogil Brew,17299934,17.5,µg/m³
2026-09-10 07:00:00+00:00,6496045,Sibang Kaja - Sogil Brew,17299934,19.9,µg/m³
2026-09-10 08:00:00+00:00,6496045,Sibang Kaja - Sogil Brew,17299934,21.7,µg/m³
2026-09-10 09:00:00+00:00,6496045,Sibang Kaja - Sogil Brew,17299934,30.1,µg/m³
2026-09-10 10:00:00+00:00,6496045,Sibang Kaja - Sogil Brew,17299934,39.2,µg/m³
2026-09-10 11:00:00+00:00,6496045,Sibang Kaja - Sogil Brew,17299934,34.8,µg/m³
2026-09-10 12:00:00+00:00,6496045,Sibang Kaja - Sogil Brew,17299934,28.4,µg/m³
2026-09-10 13:00:00+00:00,6496045,Sibang Kaja - Sogil Brew,17299934,29.8,µg/m³
2026-09-10 14:00:00+00:00,6496045,Sibang Kaja - Sogil Brew,17299934,32.5,µg/m³
2026-09-10 15:00:00+00:00,6496045,Sibang Kaja - Sogil Brew,17299934,35.0,µg/m³
2026-09-10 16:00:00+00:00,6496045,Sibang Kaja - Sogil Brew,17299934,39.9,µg/m³
2026-09-10 17:00:00+00:00,6496045,Sibang Kaja - Sogil Brew,17299934,42.5,µg/m³
2026-09-10 18:00:00+00:00,6496045,Sibang Kaja - Sogil Brew,17299934,41.5,µg/m³
2026-09-10 19:00:00+00:00,6496045,Sibang Kaja - Sogil Brew,17299934,43.5,µg/m³
2026-09-10 20:00:00+00:00,6496045,Sibang Kaja - Sogil Brew,17299934,40.3,µg/m³
2026-09-10 21:00:00+00:00,6496045,Sibang Kaja - Sogil Brew,17299934,48.5,µg/m³
2026-09-10 22:00:00+00:00,6496045,Sibang Kaja - Sogil Brew,17299934,54.8,µg/m³
2026-09-10 23:00:00+00:00,6496045,Sibang Kaja - Sogil Brew,17299934,67.3,µg/m³
2026-09-11 00:00:00+00:00,6496045,Sibang Kaja - Sogil Brew,17299934,40.2,µg/m³
2026-09-11 01:00:00+00:00,6496045,Sibang Kaja - Sogil Brew,17299934,32.9,µg/m³
2026-09-11 02:00:00+00:00,6496045,Sibang Kaja - Sogil Brew,17299934,28.9,µg/m³
2026-09-11 03:00:00+00:00,6496045,Sibang Kaja - Sogil Brew,17299934,29.3,µg/m³
2026-09-11 04:00:00+00:00,6496045,Sibang Kaja - Sogil Brew,17299934,27.5,µg/m³
2026-09-11 05:00:00+00:00,6496045,Sibang Kaja - Sogil Brew,17299934,24.4,µg/m³
2026-09-11 06:00:00+00:00,6496045,Sibang Kaja - Sogil Brew,17299934,22.3,µg/m³
2026-09-11 07:00:00+00:00,6496045,Sibang Kaja - Sogil Brew,17299934,23.2,µg/m³
2026-09-11 08:00:00+00:00,6496045,Sibang Kaja - Sogil Brew,17299934,23.7,µg/m³
2026-09-11 09:00:00+00:00,6496045,Sibang Kaja - Sogil Brew,17299934,32.1,µg/m³
2026-09-11 10:00:00+00:00,6496045,Sibang Kaja - Sogil Brew,17299934,35.1,µg/m³
2026-09-11 11:00:00+00:00,6496045,Sibang Kaja - Sogil Brew,17299934,29.6,µg/m³
2026-09-11 12:00:00+00:00,6496045,Sibang Kaja - Sogil Brew,17299934,26.9,µg/m³
2026-09-11 13:00:00+00:00,6496045,Sibang Kaja - Sogil Brew,17299934,25.4,µg/m³
2026-09-11 14:00:00+00:00,6496045,Sibang Kaja - Sogil Brew,17299934,26.0,µg/m³
2026-09-11 15:00:00+00:00,6496045,Sibang Kaja - Sogil Brew,17299934,28.5,µg/m³
2026-09-11 16:00:00+00:00,6496045,Sibang Kaja - Sogil Brew,17299934,39.2,µg/m³
2026-09-11 17:00:00+00:00,6496045,Sibang Kaja - Sogil Brew,17299934,39.5,µg/m³
2026-09-11 18:00:00+00:00,6496045,Sibang Kaja - Sogil Brew,17299934,43.0,µg/m³
2026-09-11 19:00:00+00:00,6496045,Sibang Kaja - Sogil Brew,17299934,39.9,µg/m³
2026-09-11 20:00:00+00:00,6496045,Sibang Kaja - Sogil Brew,17299934,36.6,µg/m³
2026-09-11 21:00:00+00:00,6496045,Sibang Kaja - Sogil Brew,17299934,43.5,µg/m³
2026-09-11 22:00:00+00:00,6496045,Sibang Kaja - Sogil Brew,17299934,46.6,µg/m³
2026-09-11 23:00:00+00:00,6496045,Sibang Kaja - Sogil Brew,17299934,83.0,µg/m³
2026-09-12 00:00:00+00:00,6496045,Sibang Kaja - Sogil Brew,17299934,52.7,µg/m³
2026-09-12 01:00:00+00:00,6496045,Sibang Kaja - Sogil Brew,17299934,26.6,µg/m³
2026-09-12 02:00:00+00:00,6496045,Sibang Kaja - Sogil Brew,17299934,22.9,µg/m³
2026-09-12 03:00:00+00:00,6496045,Sibang Kaja - Sogil Brew,17299934,23.8,µg/m³
2026-09-12 04:00:00+00:00,6496045,Sibang Kaja - Sogil Brew,17299934,19.5,µg/m³
2026-09-12 05:00:00+00:00,6496045,Sibang Kaja - Sogil Brew,17299934,18.7,µg/m³
2026-09-12 06:00:00+00:00,6496045,Sibang Kaja - Sogil Brew,17299934,21.2,µg/m³
2026-09-12 07:00:00+00:00,6496045,Sibang Kaja - Sogil Brew,17299934,24.0,µg/m³
2026-09-12 08:00:00+00:00,6496045,Sibang Kaja - Sogil Brew,17299934,26.4,µg/m³
2026-09-12 09:00:00+00:00,6496045,Sibang Kaja - Sogil Brew,17299934,34.5,µg/m³
2026-09-12 10:00:00+00:00,6496045,Sibang Kaja - Sogil Brew,17299934,44.4,µg/m³
2026-09-12 11:00:00+00:00,6496045,Sibang Kaja - Sogil Brew,17299934,47.3,µg/m³
2026-09-12 12:00:00+00:00,6496045,Sibang Kaja - Sogil Brew,17299934,41.2,µg/m³
2026-09-12 13:00:00+00:00,6496045,Sibang Kaja - Sogil Brew,17299934,42.8,µg/m³
2026-09-12 14:00:00+00:00,6496045,Sibang Kaja - Sogil Brew,17299934,33.9,µg/m³
2026-09-12 15:00:00+00:00,6496045,Sibang Kaja - Sogil Brew,17299934,28.7,µg/m³
2026-09-12 16:00:00+00:00,6496045,Sibang Kaja - Sogil Brew,17299934,28.0,µg/m³
2026-09-12 17:00:00+00:00,6496045,Sibang Kaja - Sogil Brew,17299934,29.3,µg/m³
2026-09-12 18:00:00+00:00,6496045,Sibang Kaja - Sogil Brew,17299934,37.6,µg/m³
2026-09-12 19:00:00+00:00,6496045,Sibang Kaja - Sogil Brew,17299934,41.3,µg/m³
2026-09-12 20:00:00+00:00,6496045,Sibang Kaja - Sogil Brew,17299934,39.2,µg/m³
2026-09-12 21:00:00+00:00,6496045,Sibang Kaja - Sogil Brew,17299934,41.5,µg/m³
2026-09-12 22:00:00+00:00,6496045,Sibang Kaja - Sogil Brew,17299934,47.1,µg/m³
2026-09-12 23:00:00+00:00,6496045,Sibang Kaja - Sogil Brew,17299934,63.7,µg/m³
2026-09-13 00:00:00+00:00,6496045,Sibang Kaja - Sogil Brew,17299934,46.8,µg/m³
2026-09-13 01:00:00+00:00,6496045,Sibang Kaja - Sogil Brew,17299934,43.4,µg/m³
2026-09-13 02:00:00+00:00,6496045,Sibang Kaja - Sogil Brew,17299934,29.9,µg/m³
2026-09-13 03:00:00+00:00,6496045,Sibang Kaja - Sogil Brew,17299934,28.6,µg/m³
2026-09-13 04:00:00+00:00,6496045,Sibang Kaja - Sogil Brew,17299934,25.8,µg/m³
2026-09-13 05:00:00+00:00,6496045,Sibang Kaja - Sogil Brew,17299934,22.6,µg/m³
2026-09-13 06:00:00+00:00,6496045,Sibang Kaja - Sogil Brew,17299934,24.7,µg/m³
2026-09-13 07:00:00+00:00,6496045,Sibang Kaja - Sogil Brew,17299934,30.8,µg/m³
2026-09-13 08:00:00+00:00,6496045,Sibang Kaja - Sogil Brew,17299934,33.4,µg/m³
2026-09-13 09:00:00+00:00,6496045,Sibang Kaja - Sogil Brew,17299934,35.1,µg/m³
2026-09-13 10:00:00+00:00,6496045,Sibang Kaja - Sogil Brew,17299934,40.4,µg/m³
2026-09-13 11:00:00+00:00,6496045,Sibang Kaja - Sogil Brew,17299934,33.4,µg/m³
2026-09-13 12:00:00+00:00,6496045,Sibang Kaja - Sogil Brew,17299934,30.3,µg/m³
2026-09-13 13:00:00+00:00,6496045,Sibang Kaja - Sogil Brew,17299934,29.1,µg/m³
2026-09-13 14:00:00+00:00,6496045,Sibang Kaja - Sogil Brew,17299934,27.2,µg/m³
2026-09-13 15:00:00+00:00,6496045,Sibang Kaja - Sogil Brew,17299934,39.3,µg/m³
2026-09-13 16:00:00+00:00,6496045,Sibang Kaja - Sogil Brew,17299934,44.7,µg/m³
2026-09-13 17:00:00+00:00,6496045,Sibang Kaja - Sogil Brew,17299934,43.3,µg/m³
2026-09-13 18:00:00+00:00,6496045,Sibang Kaja - Sogil Brew,17299934,36.1,µg/m³
2026-09-13 19:00:00+00:00,6496045,Sibang Kaja - Sogil Brew,17299934,17.2,µg/m³
2026-09-13 20:00:00+00:00,6496045,Sibang Kaja - Sogil Brew,17299934,14.9,µg/m³
2026-09-13 21:00:00+00:00,6496045,Sibang Kaja - Sogil Brew,17299934,30.0,µg/m³
2026-09-13 22:00:00+00:00,6496045,Sibang Kaja - Sogil Brew,17299934,46.0,µg/m³
2026-09-13 23:00:00+00:00,6496045,Sibang Kaja - Sogil Brew,17299934,56.0,µg/m³
2026-09-14 00:00:00+00:00,6496045,Sibang Kaja - Sogil Brew,17299934,38.0,µg/m³
2026-09-14 01:00:00+00:00,6496045,Sibang Kaja - Sogil Brew,17299934,22.4,µg/m³
2026-09-14 02:00:00+00:00,6496045,Sibang Kaja - Sogil Brew,17299934,17.8,µg/m³
2026-09-14 03:00:00+00:00,6496045,Sibang Kaja - Sogil Brew,17299934,18.3,µg/m³
2026-09-14 04:00:00+00:00,6496045,Sibang Kaja - Sogil Brew,17299934,16.1,µg/m³
2026-09-14 05:00:00+00:00,6496045,Sibang Kaja - Sogil Brew,17299934,9.7,µg/m³
2026-09-14 06:00:00+00:00,6496045,Sibang Kaja - Sogil Brew,17299934,11.0,µg/m³
2026-09-14 07:00:00+00:00,6496045,Sibang Kaja - Sogil Brew,17299934,11.0,µg/m³
2026-09-14 08:00:00+00:00,6496045,Sibang Kaja - Sogil Brew,17299934,21.8,µg/m³
2026-09-14 09:00:00+00:00,6496045,Sibang Kaja - Sogil Brew,17299934,30.1,µg/m³
2026-09-14 10:00:00+00:00,6496045,Sibang Kaja - Sogil Brew,17299934,31.3,µg/m³
2026-09-14 11:00:00+00:00,6496045,Sibang Kaja - Sogil Brew,17299934,24.5,µg/m³
2026-09-14 12:00:00+00:00,6496045,Sibang Kaja - Sogil Brew,17299934,17.8,µg/m³
2026-09-14 13:00:00+00:00,6496045,Sibang Kaja - Sogil Brew,17299934,11.3,µg/m³
2026-09-14 14:00:00+00:00,6496045,Sibang Kaja - Sogil Brew,17299934,7.4,µg/m³
2026-09-14 15:00:00+00:00,6496045,Sibang Kaja - Sogil Brew,17299934,14.6,µg/m³
2026-09-14 16:00:00+00:00,6496045,Sibang Kaja - Sogil Brew,17299934,11.3,µg/m³
2026-09-14 17:00:00+00:00,6496045,Sibang Kaja - Sogil Brew,17299934,12.0,µg/m³
2026-09-14 18:00:00+00:00,6496045,Sibang Kaja - Sogil Brew,17299934,22.9,µg/m³
2026-09-14 19:00:00+00:00,6496045,Sibang Kaja - Sogil Brew,17299934,22.8,µg/m³
2026-09-14 20:00:00+00:00,6496045,Sibang Kaja - Sogil Brew,17299934,17.4,µg/m³
2026-09-14 21:00:00+00:00,6496045,Sibang Kaja - Sogil Brew,17299934,25.9,µg/m³
2026-09-14 22:00:00+00:00,6496045,Sibang Kaja - Sogil Brew,17299934,44.6,µg/m³
2026-09-14 23:00:00+00:00,6496045,Sibang Kaja - Sogil Brew,17299934,59.5,µg/m³
2026-09-15 00:00:00+00:00,6496045,Sibang Kaja - Sogil Brew,17299934,32.3,µg/m³
2026-09-15 01:00:00+00:00,6496045,Sibang Kaja - Sogil Brew,17299934,20.3,µg/m³
2026-09-15 02:00:00+00:00,6496045,Sibang Kaja - Sogil Brew,17299934,22.8,µg/m³
2026-09-15 03:00:00+00:00,6496045,Sibang Kaja - Sogil Brew,17299934,13.9,µg/m³
2026-09-15 04:00:00+00:00,6496045,Sibang Kaja - Sogil Brew,17299934,10.5,µg/m³
2026-09-15 05:00:00+00:00,6496045,Sibang Kaja - Sogil Brew,17299934,7.8,µg/m³
2026-09-15 06:00:00+00:00,6496045,Sibang Kaja - Sogil Brew,17299934,9.6,µg/m³
2026-09-15 07:00:00+00:00,6496045,Sibang Kaja - Sogil Brew,17299934,14.8,µg/m³
2026-09-15 08:00:00+00:00,6496045,Sibang Kaja - Sogil Brew,17299934,23.2,µg/m³
2026-09-15 09:00:00+00:00,6496045,Sibang Kaja - Sogil Brew,17299934,15.8,µg/m³
2026-09-15 10:00:00+00:00,6496045,Sibang Kaja - Sogil Brew,17299934,24.2,µg/m³
2026-09-15 11:00:00+00:00,6496045,Sibang Kaja - Sogil Brew,17299934,23.6,µg/m³
2026-09-15 12:00:00+00:00,6496045,Sibang Kaja - Sogil Brew,17299934,23.5,µg/m³
2026-09-15 13:00:00+00:00,6496045,Sibang Kaja - Sogil Brew,17299934,26.6,µg/m³
2026-09-15 14:00:00+00:00,6496045,Sibang Kaja - Sogil Brew,17299934,22.9,µg/m³
2026-09-15 15:00:00+00:00,6496045,Sibang Kaja - Sogil Brew,17299934,32.9,µg/m³
2026-09-15 16:00:00+00:00,6496045,Sibang Kaja - Sogil Brew,17299934,37.9,µg/m³
2026-09-15 17:00:00+00:00,6496045,Sibang Kaja - Sogil Brew,17299934,35.1,µg/m³
2026-09-15 18:00:00+00:00,6496045,Sibang Kaja - Sogil Brew,17299934,31.3,µg/m³
2026-09-15 19:00:00+00:00,6496045,Sibang Kaja - Sogil Brew,17299934,32.3,µg/m³
2026-09-15 20:00:00+00:00,6496045,Sibang Kaja - Sogil Brew,17299934,30.4,µg/m³
2026-09-15 21:00:00+00:00,6496045,Sibang Kaja - Sogil Brew,17299934,29.3,µg/m³
2026-09-15 22:00:00+00:00,6496045,Sibang Kaja - Sogil Brew,17299934,38.7,µg/m³
2026-09-15 23:00:00+00:00,6496045,Sibang Kaja - Sogil Brew,17299934,50.5,µg/m³
2026-09-16 00:00:00+00:00,6496045,Sibang Kaja - Sogil Brew,17299934,30.6,µg/m³
2026-09-16 01:00:00+00:00,6496045,Sibang Kaja - Sogil Brew,17299934,22.4,µg/m³
2026-09-16 02:00:00+00:00,6496045,Sibang Kaja - Sogil Brew,17299934,21.4,µg/m³
2026-09-16 03:00:00+00:00,6496045,Sibang Kaja - Sogil Brew,17299934,22.9,µg/m³
2026-09-16 04:00:00+00:00,6496045,Sibang Kaja - Sogil Brew,17299934,18.2,µg/m³
2026-09-16 05:00:00+00:00,6496045,Sibang Kaja - Sogil Brew,17299934,15.6,µg/m³
2026-09-16 06:00:00+00:00,6496045,Sibang Kaja - Sogil Brew,17299934,12.9,µg/m³
2026-09-16 07:00:00+00:00,6496045,Sibang Kaja - Sogil Brew,17299934,11.1,µg/m³
2026-09-16 08:00:00+00:00,6496045,Sibang Kaja - Sogil Brew,17299934,8.9,µg/m³
2026-09-16 09:00:00+00:00,6496045,Sibang Kaja - Sogil Brew,17299934,16.2,µg/m³
2026-09-16 10:00:00+00:00,6496045,Sibang Kaja - Sogil Brew,17299934,19.0,µg/m³
2026-09-16 11:00:00+00:00,6496045,Sibang Kaja - Sogil Brew,17299934,17.5,µg/m³
2026-09-16 12:00:00+00:00,6496045,Sibang Kaja - Sogil Brew,17299934,12.7,µg/m³
2026-09-16 13:00:00+00:00,6496045,Sibang Kaja - Sogil Brew,17299934,14.2,µg/m³
2026-09-16 14:00:00+00:00,6496045,Sibang Kaja - Sogil Brew,17299934,12.8,µg/m³
2026-09-16 15:00:00+00:00,6496045,Sibang Kaja - Sogil Brew,17299934,10.3,µg/m³
2026-09-16 16:00:00+00:00,6496045,Sibang Kaja - Sogil Brew,17299934,18.0,µg/m³
2026-09-16 17:00:00+00:00,6496045,Sibang Kaja - Sogil Brew,17299934,23.6,µg/m³
2026-09-16 18:00:00+00:00,6496045,Sibang Kaja - Sogil Brew,17299934,10.3,µg/m³
2026-09-16 19:00:00+00:00,6496045,Sibang Kaja - Sogil Brew,17299934,5.8,µg/m³
2026-09-16 20:00:00+00:00,6496045,Sibang Kaja - Sogil Brew,17299934,5.8,µg/m³
2026-09-16 21:00:00+00:00,6496045,Sibang Kaja - Sogil Brew,17299934,33.4,µg/m³
2026-09-16 22:00:00+00:00,6496045,Sibang Kaja - Sogil Brew,17299934,36.1,µg/m³
2026-09-16 23:00:00+00:00,6496045,Sibang Kaja - Sogil Brew,17299934,64.1,µg/m³
2026-09-17 00:00:00+00:00,6496045,Sibang Kaja - Sogil Brew,17299934,32.3,µg/m³
2026-09-17 01:00:00+00:00,6496045,Sibang Kaja - Sogil Brew,17299934,28.8,µg/m³
2026-09-17 02:00:00+00:00,6496045,Sibang Kaja - Sogil Brew,17299934,23.9,µg/m³
2026-09-17 03:00:00+00:00,6496045,Sibang Kaja - Sogil Brew,17299934,17.7,µg/m³
2026-09-17 04:00:00+00:00,6496045,Sibang Kaja - Sogil Brew,17299934,17.3,µg/m³
2026-09-17 05:00:00+00:00,6496045,Sibang Kaja - Sogil Brew,17299934,14.7,µg/m³
2026-09-17 06:00:00+00:00,6496045,Sibang Kaja - Sogil Brew,17299934,12.5,µg/m³
2026-09-17 07:00:00+00:00,6496045,Sibang Kaja - Sogil Brew,17299934,14.3,µg/m³
2026-09-17 08:00:00+00:00,6496045,Sibang Kaja - Sogil Brew,17299934,18.6,µg/m³
2026-09-17 09:00:00+00:00,6496045,Sibang Kaja - Sogil Brew,17299934,21.5,µg/m³
2026-09-17 10:00:00+00:00,6496045,Sibang Kaja - Sogil Brew,17299934,37.6,µg/m³
2026-09-17 11:00:00+00:00,6496045,Sibang Kaja - Sogil Brew,17299934,31.6,µg/m³
2026-09-17 12:00:00+00:00,6496045,Sibang Kaja - Sogil Brew,17299934,22.7,µg/m³
2026-09-17 13:00:00+00:00,6496045,Sibang Kaja - Sogil Brew,17299934,22.4,µg/m³
2026-09-17 14:00:00+00:00,6496045,Sibang Kaja - Sogil Brew,17299934,32.6,µg/m³
2026-09-17 15:00:00+00:00,6496045,Sibang Kaja - Sogil Brew,17299934,42.8,µg/m³
2026-09-17 16:00:00+00:00,6496045,Sibang Kaja - Sogil Brew,17299934,42.9,µg/m³
2026-09-17 17:00:00+00:00,6496045,Sibang Kaja - Sogil Brew,17299934,41.4,µg/m³
2026-09-17 18:00:00+00:00,6496045,Sibang Kaja - Sogil Brew,17299934,38.3,µg/m³
2026-09-17 19:00:00+00:00,6496045,Sibang Kaja - Sogil Brew,17299934,33.4,µg/m³
2026-09-17 20:00:00+00:00,6496045,Sibang Kaja - Sogil Brew,17299934,37.6,µg/m³
2026-09-17 21:00:00+00:00,6496045,Sibang Kaja - Sogil Brew,17299934,47.4,µg/m³
2026-09-17 22:00:00+00:00,6496045,Sibang Kaja - Sogil Brew,17299934,59.6,µg/m³
2026-09-17 23:00:00+00:00,6496045,Sibang Kaja - Sogil Brew,17299934,72.5,µg/m³
2026-09-18 00:00:00+00:00,6496045,Sibang Kaja - Sogil Brew,17299934,48.3,µg/m³
2026-09-18 01:00:00+00:00,6496045,Sibang Kaja - Sogil Brew,17299934,34.2,µg/m³
2026-09-18 02:00:00+00:00,6496045,Sibang Kaja - Sogil Brew,17299934,33.5,µg/m³
2026-09-18 03:00:00+00:00,6496045,Sibang Kaja - Sogil Brew,17299934,32.9,µg/m³
2026-09-18 04:00:00+00:00,6496045,Sibang Kaja - Sogil Brew,17299934,28.6,µg/m³
2026-09-18 05:00:00+00:00,6496045,Sibang Kaja - Sogil Brew,17299934,17.8,µg/m³
2026-09-18 06:00:00+00:00,6496045,Sibang Kaja - Sogil Brew,17299934,17.5,µg/m³
2026-09-18 07:00:00+00:00,6496045,Sibang Kaja - Sogil Brew,17299934,19.9,µg/m³
2026-09-18 08:00:00+00:00,6496045,Sibang Kaja - Sogil Brew,17299934,25.6,µg/m³
2026-09-18 09:00:00+00:00,6496045,Sibang Kaja - Sogil Brew,17299934,26.9,µg/m³
2026-09-18 10:00:00+00:00,6496045,Sibang Kaja - Sogil Brew,17299934,43.6,µg/m³
2026-09-18 11:00:00+00:00,6496045,Sibang Kaja - Sogil Brew,17299934,48.8,µg/m³
2026-09-18 12:00:00+00:00,6496045,Sibang Kaja - Sogil Brew,17299934,42.8,µg/m³
2026-09-18 13:00:00+00:00,6496045,Sibang Kaja - Sogil Brew,17299934,42.7,µg/m³
2026-09-18 14:00:00+00:00,6496045,Sibang Kaja - Sogil Brew,17299934,35.5,µg/m³
2026-09-18 15:00:00+00:00,6496045,Sibang Kaja - Sogil Brew,17299934,32.8,µg/m³
2026-09-18 16:00:00+00:00,6496045,Sibang Kaja - Sogil Brew,17299934,25.0,µg/m³
2026-09-18 17:00:00+00:00,6496045,Sibang Kaja - Sogil Brew,17299934,20.1,µg/m³
2026-09-18 18:00:00+00:00,6496045,Sibang Kaja - Sogil Brew,17299934,22.9,µg/m³
2026-09-18 19:00:00+00:00,6496045,Sibang Kaja - Sogil Brew,17299934,37.5,µg/m³
2026-09-18 20:00:00+00:00,6496045,Sibang Kaja - Sogil Brew,17299934,46.9,µg/m³
2026-09-18 21:00:00+00:00,6496045,Sibang Kaja - Sogil Brew,17299934,44.1,µg/m³
2026-09-18 22:00:00+00:00,6496045,Sibang Kaja - Sogil Brew,17299934,47.5,µg/m³
2026-09-18 23:00:00+00:00,6496045,Sibang Kaja - Sogil Brew,17299934,69.1,µg/m³
2026-09-19 00:00:00+00:00,6496045,Sibang Kaja - Sogil Brew,17299934,41.7,µg/m³
2026-09-19 01:00:00+00:00,6496045,Sibang Kaja - Sogil Brew,17299934,30.9,µg/m³
2026-09-19 02:00:00+00:00,6496045,Sibang Kaja - Sogil Brew,17299934,28.8,µg/m³
2026-09-19 03:00:00+00:00,6496045,Sibang Kaja - Sogil Brew,17299934,27.4,µg/m³
2026-09-19 04:00:00+00:00,6496045,Sibang Kaja - Sogil Brew,17299934,25.8,µg/m³
2026-09-19 05:00:00+00:00,6496045,Sibang Kaja - Sogil Brew,17299934,20.3,µg/m³
2026-09-19 06:00:00+00:00,6496045,Sibang Kaja - Sogil Brew,17299934,22.2,µg/m³
2026-09-19 07:00:00+00:00,6496045,Sibang Kaja - Sogil Brew,17299934,22.7,µg/m³
2026-09-19 08:00:00+00:00,6496045,Sibang Kaja - Sogil Brew,17299934,28.6,µg/m³
2026-09-19 09:00:00+00:00,6496045,Sibang Kaja - Sogil Brew,17299934,35.1,µg/m³
2026-09-19 10:00:00+00:00,6496045,Sibang Kaja - Sogil Brew,17299934,40.9,µg/m³
2026-09-19 11:00:00+00:00,6496045,Sibang Kaja - Sogil Brew,17299934,41.7,µg/m³
2026-09-19 12:00:00+00:00,6496045,Sibang Kaja - Sogil Brew,17299934,36.9,µg/m³
2026-09-19 13:00:00+00:00,6496045,Sibang Kaja - Sogil Brew,17299934,30.2,µg/m³
2026-09-19 14:00:00+00:00,6496045,Sibang Kaja - Sogil Brew,17299934,33.0,µg/m³
2026-09-19 15:00:00+00:00,6496045,Sibang Kaja - Sogil Brew,17299934,40.4,µg/m³
2026-09-19 16:00:00+00:00,6496045,Sibang Kaja - Sogil Brew,17299934,53.0,µg/m³
2026-09-19 17:00:00+00:00,6496045,Sibang Kaja - Sogil Brew,17299934,63.9,µg/m³
2026-09-19 18:00:00+00:00,6496045,Sibang Kaja - Sogil Brew,17299934,51.5,µg/m³
2026-09-19 19:00:00+00:00,6496045,Sibang Kaja - Sogil Brew,17299934,62.9,µg/m³
2026-09-19 20:00:00+00:00,6496045,Sibang Kaja - Sogil Brew,17299934,61.7,µg/m³
2026-09-19 21:00:00+00:00,6496045,Sibang Kaja - Sogil Brew,17299934,48.9,µg/m³
2026-09-19 22:00:00+00:00,6496045,Sibang Kaja - Sogil Brew,17299934,60.3,µg/m³
2026-09-19 23:00:00+00:00,6496045,Sibang Kaja - Sogil Brew,17299934,105.0,µg/m³
2026-09-20 00:00:00+00:00,6496045,Sibang Kaja - Sogil Brew,17299934,49.3,µg/m³
2026-09-20 01:00:00+00:00,6496045,Sibang Kaja - Sogil Brew,17299934,31.4,µg/m³
2026-09-20 02:00:00+00:00,6496045,Sibang Kaja - Sogil Brew,17299934,28.2,µg/m³
2026-09-20 03:00:00+00:00,6496045,Sibang Kaja - Sogil Brew,17299934,27.9,µg/m³
2026-09-20 04:00:00+00:00,6496045,Sibang Kaja - Sogil Brew,17299934,24.5,µg/m³
2026-09-20 05:00:00+00:00,6496045,Sibang Kaja - Sogil Brew,17299934,24.7,µg/m³
2026-09-20 06:00:00+00:00,6496045,Sibang Kaja - Sogil Brew,17299934,26.4,µg/m³
2026-09-20 07:00:00+00:00,6496045,Sibang Kaja - Sogil Brew,17299934,22.5,µg/m³
2026-09-20 08:00:00+00:00,6496045,Sibang Kaja - Sogil Brew,17299934,26.0,µg/m³
2026-09-20 09:00:00+00:00,6496045,Sibang Kaja - Sogil Brew,17299934,36.8,µg/m³
2026-09-20 10:00:00+00:00,6496045,Sibang Kaja - Sogil Brew,17299934,40.4,µg/m³
2026-09-20 11:00:00+00:00,6496045,Sibang Kaja - Sogil Brew,17299934,39.7,µg/m³
2026-09-20 12:00:00+00:00,6496045,Sibang Kaja - Sogil Brew,17299934,34.2,µg/m³
2026-09-20 13:00:00+00:00,6496045,Sibang Kaja - Sogil Brew,17299934,27.9,µg/m³
2026-09-20 14:00:00+00:00,6496045,Sibang Kaja - Sogil Brew,17299934,28.0,µg/m³
2026-09-20 15:00:00+00:00,6496045,Sibang Kaja - Sogil Brew,17299934,41.6,µg/m³
2026-09-20 16:00:00+00:00,6496045,Sibang Kaja - Sogil Brew,17299934,44.4,µg/m³
2026-09-20 17:00:00+00:00,6496045,Sibang Kaja - Sogil Brew,17299934,47.5,µg/m³
2026-09-20 18:00:00+00:00,6496045,Sibang Kaja - Sogil Brew,17299934,48.7,µg/m³
2026-09-20 19:00:00+00:00,6496045,Sibang Kaja - Sogil Brew,17299934,47.1,µg/m³
2026-09-20 20:00:00+00:00,6496045,Sibang Kaja - Sogil Brew,17299934,41.5,µg/m³
2026-09-20 21:00:00+00:00,6496045,Sibang Kaja - Sogil Brew,17299934,40.0,µg/m³
2026-09-20 22:00:00+00:00,6496045,Sibang Kaja - Sogil Brew,17299934,46.4,µg/m³
2026-09-20 23:00:00+00:00,6496045,Sibang Kaja - Sogil Brew,17299934,78.4,µg/m³
2026-09-21 00:00:00+00:00,6496045,Sibang Kaja - Sogil Brew,17299934,42.4,µg/m³
2026-09-21 01:00:00+00:00,6496045,Sibang Kaja - Sogil Brew,17299934,36.5,µg/m³
2026-09-21 02:00:00+00:00,6496045,Sibang Kaja - Sogil Brew,17299934,32.0,µg/m³
2026-09-21 03:00:00+00:00,6496045,Sibang Kaja - Sogil Brew,17299934,28.9,µg/m³
2026-09-21 04:00:00+00:00,6496045,Sibang Kaja - Sogil Brew,17299934,26.0,µg/m³
2026-09-21 05:00:00+00:00,6496045,Sibang Kaja - Sogil Brew,17299934,24.4,µg/m³
2026-09-21 06:00:00+00:00,6496045,Sibang Kaja - Sogil Brew,17299934,27.8,µg/m³
2026-09-21 07:00:00+00:00,6496045,Sibang Kaja - Sogil Brew,17299934,34.3,µg/m³
2026-09-21 08:00:00+00:00,6496045,Sibang Kaja - Sogil Brew,17299934,35.6,µg/m³
2026-09-21 09:00:00+00:00,6496045,Sibang Kaja - Sogil Brew,17299934,32.2,µg/m³
2026-09-21 10:00:00+00:00,6496045,Sibang Kaja - Sogil Brew,17299934,42.2,µg/m³
2026-09-21 11:00:00+00:00,6496045,Sibang Kaja - Sogil Brew,17299934,44.0,µg/m³
2026-09-21 12:00:00+00:00,6496045,Sibang Kaja - Sogil Brew,17299934,45.3,µg/m³
2026-09-21 13:00:00+00:00,6496045,Sibang Kaja - Sogil Brew,17299934,42.0,µg/m³
2026-09-21 14:00:00+00:00,6496045,Sibang Kaja - Sogil Brew,17299934,42.3,µg/m³
2026-09-21 15:00:00+00:00,6496045,Sibang Kaja - Sogil Brew,17299934,42.5,µg/m³
2026-09-21 16:00:00+00:00,6496045,Sibang Kaja - Sogil Brew,17299934,34.0,µg/m³
2026-09-21 17:00:00+00:00,6496045,Sibang Kaja - Sogil Brew,17299934,28.0,µg/m³
2026-09-21 18:00:00+00:00,6496045,Sibang Kaja - Sogil Brew,17299934,32.3,µg/m³
2026-09-21 19:00:00+00:00,6496045,Sibang Kaja - Sogil Brew,17299934,44.5,µg/m³
2026-09-21 20:00:00+00:00,6496045,Sibang Kaja - Sogil Brew,17299934,42.6,µg/m³
2026-09-21 21:00:00+00:00,6496045,Sibang Kaja - Sogil Brew,17299934,42.1,µg/m³
2026-09-21 22:00:00+00:00,6496045,Sibang Kaja - Sogil Brew,17299934,43.6,µg/m³
2026-09-21 23:00:00+00:00,6496045,Sibang Kaja - Sogil Brew,17299934,103.0,µg/m³
2026-09-22 00:00:00+00:00,6496045,Sibang Kaja - Sogil Brew,17299934,50.1,µg/m³
2026-09-22 01:00:00+00:00,6496045,Sibang Kaja - Sogil Brew,17299934,36.4,µg/m³
2026-09-22 02:00:00+00:00,6496045,Sibang Kaja - Sogil Brew,17299934,32.8,µg/m³
2026-09-22 03:00:00+00:00,6496045,Sibang Kaja - Sogil Brew,17299934,31.0,µg/m³
2026-09-22 04:00:00+00:00,6496045,Sibang Kaja - Sogil Brew,17299934,29.4,µg/m³
2026-09-22 05:00:00+00:00,6496045,Sibang Kaja - Sogil Brew,17299934,28.6,µg/m³
2026-09-22 06:00:00+00:00,6496045,Sibang Kaja - Sogil Brew,17299934,34.1,µg/m³
2026-09-22 07:00:00+00:00,6496045,Sibang Kaja - Sogil Brew,17299934,33.5,µg/m³
2026-09-22 08:00:00+00:00,6496045,Sibang Kaja - Sogil Brew,17299934,35.5,µg/m³
2026-09-22 09:00:00+00:00,6496045,Sibang Kaja - Sogil Brew,17299934,41.2,µg/m³
2026-09-22 10:00:00+00:00,6496045,Sibang Kaja - Sogil Brew,17299934,49.7,µg/m³
2026-09-22 11:00:00+00:00,6496045,Sibang Kaja - Sogil Brew,17299934,54.8,µg/m³
2026-09-22 12:00:00+00:00,6496045,Sibang Kaja - Sogil Brew,17299934,45.3,µg/m³
2026-09-22 13:00:00+00:00,6496045,Sibang Kaja - Sogil Brew,17299934,39.2,µg/m³
2026-09-22 14:00:00+00:00,6496045,Sibang Kaja - Sogil Brew,17299934,38.3,µg/m³
2026-09-22 15:00:00+00:00,6496045,Sibang Kaja - Sogil Brew,17299934,34.0,µg/m³
2026-09-22 16:00:00+00:00,6496045,Sibang Kaja - Sogil Brew,17299934,34.2,µg/m³
2026-09-22 17:00:00+00:00,6496045,Sibang Kaja - Sogil Brew,17299934,48.8,µg/m³
2026-09-22 18:00:00+00:00,6496045,Sibang Kaja - Sogil Brew,17299934,45.5,µg/m³
2026-09-22 19:00:00+00:00,6496045,Sibang Kaja - Sogil Brew,17299934,47.5,µg/m³
2026-09-22 20:00:00+00:00,6496045,Sibang Kaja - Sogil Brew,17299934,46.6,µg/m³
2026-09-22 21:00:00+00:00,6496045,Sibang Kaja - Sogil Brew,17299934,49.1,µg/m³
2026-09-22 22:00:00+00:00,6496045,Sibang Kaja - Sogil Brew,17299934,50.9,µg/m³
2026-09-22 23:00:00+00:00,6496045,Sibang Kaja - Sogil Brew,17299934,69.4,µg/m³
2026-09-23 00:00:00+00:00,6496045,Sibang Kaja - Sogil Brew,17299934,47.9,µg/m³
2026-09-23 01:00:00+00:00,6496045,Sibang Kaja - Sogil Brew,17299934,38.7,µg/m³
2026-09-23 02:00:00+00:00,6496045,Sibang Kaja - Sogil Brew,17299934,32.7,µg/m³
2026-09-23 03:00:00+00:00,6496045,Sibang Kaja - Sogil Brew,17299934,30.9,µg/m³
2026-09-23 04:00:00+00:00,6496045,Sibang Kaja - Sogil Brew,17299934,26.8,µg/m³
2026-09-23 05:00:00+00:00,6496045,Sibang Kaja - Sogil Brew,17299934,25.1,µg/m³
2026-09-23 06:00:00+00:00,6496045,Sibang Kaja - Sogil Brew,17299934,27.2,µg/m³
2026-09-23 07:00:00+00:00,6496045,Sibang Kaja - Sogil Brew,17299934,31.7,µg/m³
2026-09-23 08:00:00+00:00,6496045,Sibang Kaja - Sogil Brew,17299934,35.0,µg/m³
2026-09-23 09:00:00+00:00,6496045,Sibang Kaja - Sogil Brew,17299934,42.3,µg/m³
2026-09-23 10:00:00+00:00,6496045,Sibang Kaja - Sogil Brew,17299934,54.2,µg/m³
2026-09-23 11:00:00+00:00,6496045,Sibang Kaja - Sogil Brew,17299934,60.4,µg/m³
2026-09-23 12:00:00+00:00,6496045,Sibang Kaja - Sogil Brew,17299934,45.3,µg/m³
2026-09-23 13:00:00+00:00,6496045,Sibang Kaja - Sogil Brew,17299934,46.2,µg/m³
2026-09-23 14:00:00+00:00,6496045,Sibang Kaja - Sogil Brew,17299934,86.2,µg/m³
2026-09-23 15:00:00+00:00,6496045,Sibang Kaja - Sogil Brew,17299934,62.9,µg/m³
2026-09-23 16:00:00+00:00,6496045,Sibang Kaja - Sogil Brew,17299934,65.7,µg/m³
2026-09-23 17:00:00+00:00,6496045,Sibang Kaja - Sogil Brew,17299934,55.7,µg/m³
2026-09-23 18:00:00+00:00,6496045,Sibang Kaja - Sogil Brew,17299934,46.7,µg/m³
2026-09-23 19:00:00+00:00,6496045,Sibang Kaja - Sogil Brew,17299934,42.4,µg/m³
2026-09-23 20:00:00+00:00,6496045,Sibang Kaja - Sogil Brew,17299934,41.2,µg/m³
2026-09-23 21:00:00+00:00,6496045,Sibang Kaja - Sogil Brew,17299934,44.6,µg/m³
2026-09-23 22:00:00+00:00,6496045,Sibang Kaja - Sogil Brew,17299934,61.7,µg/m³
2026-09-23 23:00:00+00:00,6496045,Sibang Kaja - Sogil Brew,17299934,71.6,µg/m³
2026-09-24 00:00:00+00:00,6496045,Sibang Kaja - Sogil Brew,17299934,47.6,µg/m³
2026-09-24 01:00:00+00:00,6496045,Sibang Kaja - Sogil Brew,17299934,38.1,µg/m³
2026-09-24 02:00:00+00:00,6496045,Sibang Kaja - Sogil Brew,17299934,35.0,µg/m³
2026-09-24 03:00:00+00:00,6496045,Sibang Kaja - Sogil Brew,17299934,33.8,µg/m³
2026-09-24 04:00:00+00:00,6496045,Sibang Kaja - Sogil Brew,17299934,30.5,µg/m³
2026-09-24 05:00:00+00:00,6496045,Sibang Kaja - Sogil Brew,17299934,29.9,µg/m³
2026-09-24 06:00:00+00:00,6496045,Sibang Kaja - Sogil Brew,17299934,29.1,µg/m³
2026-09-24 07:00:00+00:00,6496045,Sibang Kaja - Sogil Brew,17299934,30.2,µg/m³
2026-09-24 08:00:00+00:00,6496045,Sibang Kaja - Sogil Brew,17299934,33.2,µg/m³
2026-09-24 09:00:00+00:00,6496045,Sibang Kaja - Sogil Brew,17299934,38.8,µg/m³
2026-09-24 10:00:00+00:00,6496045,Sibang Kaja - Sogil Brew,17299934,42.4,µg/m³
2026-09-24 11:00:00+00:00,6496045,Sibang Kaja - Sogil Brew,17299934,40.7,µg/m³
2026-09-24 12:00:00+00:00,6496045,Sibang Kaja - Sogil Brew,17299934,35.4,µg/m³
2026-09-24 13:00:00+00:00,6496045,Sibang Kaja - Sogil Brew,17299934,33.3,µg/m³
2026-09-24 14:00:00+00:00,6496045,Sibang Kaja - Sogil Brew,17299934,32.8,µg/m³
2026-09-24 15:00:00+00:00,6496045,Sibang Kaja - Sogil Brew,17299934,25.9,µg/m³
2026-09-24 16:00:00+00:00,6496045,Sibang Kaja - Sogil Brew,17299934,38.0,µg/m³
2026-09-24 17:00:00+00:00,6496045,Sibang Kaja - Sogil Brew,17299934,43.8,µg/m³
2026-09-24 18:00:00+00:00,6496045,Sibang Kaja - Sogil Brew,17299934,43.4,µg/m³
2026-09-24 19:00:00+00:00,6496045,Sibang Kaja - Sogil Brew,17299934,45.9,µg/m³
2026-09-24 20:00:00+00:00,6496045,Sibang Kaja - Sogil Brew,17299934,54.2,µg/m³
2026-09-24 21:00:00+00:00,6496045,Sibang Kaja - Sogil Brew,17299934,49.4,µg/m³
2026-09-24 22:00:00+00:00,6496045,Sibang Kaja - Sogil Brew,17299934,55.1,µg/m³
2026-09-24 23:00:00+00:00,6496045,Sibang Kaja - Sogil Brew,17299934,76.2,µg/m³
2026-09-25 00:00:00+00:00,6496045,Sibang Kaja - Sogil Brew,17299934,49.3,µg/m³
2026-09-25 01:00:00+00:00,6496045,Sibang Kaja - Sogil Brew,17299934,44.7,µg/m³
2026-09-25 02:00:00+00:00,6496045,Sibang Kaja - Sogil Brew,17299934,37.0,µg/m³
2026-09-25 03:00:00+00:00,6496045,Sibang Kaja - Sogil Brew,17299934,37.1,µg/m³
2026-09-25 04:00:00+00:00,6496045,Sibang Kaja - Sogil Brew,17299934,29.6,µg/m³
2026-09-25 05:00:00+00:00,6496045,Sibang Kaja - Sogil Brew,17299934,30.9,µg/m³
2026-09-25 06:00:00+00:00,6496045,Sibang Kaja - Sogil Brew,17299934,29.8,µg/m³
2026-09-25 07:00:00+00:00,6496045,Sibang Kaja - Sogil Brew,17299934,32.2,µg/m³
2026-09-25 08:00:00+00:00,6496045,Sibang Kaja - Sogil Brew,17299934,34.0,µg/m³
2026-09-25 09:00:00+00:00,6496045,Sibang Kaja - Sogil Brew,17299934,37.4,µg/m³
2026-09-25 10:00:00+00:00,6496045,Sibang Kaja - Sogil Brew,17299934,45.4,µg/m³
2026-09-25 11:00:00+00:00,6496045,Sibang Kaja - Sogil Brew,17299934,59.3,µg/m³
2026-09-25 12:00:00+00:00,6496045,Sibang Kaja - Sogil Brew,17299934,58.3,µg/m³
2026-09-25 13:00:00+00:00,6496045,Sibang Kaja - Sogil Brew,17299934,75.7,µg/m³
2026-09-25 14:00:00+00:00,6496045,Sibang Kaja - Sogil Brew,17299934,74.5,µg/m³
2026-09-25 15:00:00+00:00,6496045,Sibang Kaja - Sogil Brew,17299934,60.9,µg/m³
2026-09-25 16:00:00+00:00,6496045,Sibang Kaja - Sogil Brew,17299934,49.2,µg/m³
2026-09-25 17:00:00+00:00,6496045,Sibang Kaja - Sogil Brew,17299934,42.6,µg/m³
2026-09-25 18:00:00+00:00,6496045,Sibang Kaja - Sogil Brew,17299934,40.5,µg/m³
2026-09-25 19:00:00+00:00,6496045,Sibang Kaja - Sogil Brew,17299934,40.4,µg/m³
2026-09-25 20:00:00+00:00,6496045,Sibang Kaja - Sogil Brew,17299934,39.3,µg/m³
2026-09-25 21:00:00+00:00,6496045,Sibang Kaja - Sogil Brew,17299934,40.0,µg/m³
2026-09-25 22:00:00+00:00,6496045,Sibang Kaja - Sogil Brew,17299934,47.6,µg/m³
2026-09-25 23:00:00+00:00,6496045,Sibang Kaja - Sogil Brew,17299934,65.2,µg/m³
2026-09-26 00:00:00+00:00,6496045,Sibang Kaja - Sogil Brew,17299934,58.7,µg/m³
2026-09-26 01:00:00+00:00,6496045,Sibang Kaja - Sogil Brew,17299934,46.6,µg/m³
2026-09-26 02:00:00+00:00,6496045,Sibang Kaja - Sogil Brew,17299934,42.6,µg/m³
2026-09-26 03:00:00+00:00,6496045,Sibang Kaja - Sogil Brew,17299934,31.8,µg/m³
2026-09-26 04:00:00+00:00,6496045,Sibang Kaja - Sogil Brew,17299934,26.8,µg/m³
2026-09-26 05:00:00+00:00,6496045,Sibang Kaja - Sogil Brew,17299934,24.3,µg/m³
2026-09-26 06:00:00+00:00,6496045,Sibang Kaja - Sogil Brew,17299934,24.6,µg/m³
2026-09-26 07:00:00+00:00,6496045,Sibang Kaja - Sogil Brew,17299934,26.0,µg/m³
2026-09-26 08:00:00+00:00,6496045,Sibang Kaja - Sogil Brew,17299934,31.7,µg/m³
2026-09-26 09:00:00+00:00,6496045,Sibang Kaja - Sogil Brew,17299934,39.9,µg/m³
2026-09-26 10:00:00+00:00,6496045,Sibang Kaja - Sogil Brew,17299934,44.8,µg/m³
2026-09-26 11:00:00+00:00,6496045,Sibang Kaja - Sogil Brew,17299934,41.1,µg/m³
2026-09-26 12:00:00+00:00,6496045,Sibang Kaja - Sogil Brew,17299934,46.6,µg/m³
2026-09-26 13:00:00+00:00,6496045,Sibang Kaja - Sogil Brew,17299934,48.7,µg/m³
2026-09-26 14:00:00+00:00,6496045,Sibang Kaja - Sogil Brew,17299934,83.0,µg/m³
2026-09-26 15:00:00+00:00,6496045,Sibang Kaja - Sogil Brew,17299934,70.5,µg/m³
2026-09-26 16:00:00+00:00,6496045,Sibang Kaja - Sogil Brew,17299934,55.3,µg/m³
2026-09-26 17:00:00+00:00,6496045,Sibang Kaja - Sogil Brew,17299934,50.4,µg/m³
2026-09-26 18:00:00+00:00,6496045,Sibang Kaja - Sogil Brew,17299934,44.4,µg/m³
2026-09-26 19:00:00+00:00,6496045,Sibang Kaja - Sogil Brew,17299934,37.6,µg/m³
2026-09-26 20:00:00+00:00,6496045,Sibang Kaja - Sogil Brew,17299934,48.3,µg/m³
2026-09-26 21:00:00+00:00,6496045,Sibang Kaja - Sogil Brew,17299934,60.0,µg/m³
2026-09-26 22:00:00+00:00,6496045,Sibang Kaja - Sogil Brew,17299934,69.6,µg/m³
2026-09-26 23:00:00+00:00,6496045,Sibang Kaja - Sogil Brew,17299934,128.0,µg/m³
2026-09-27 00:00:00+00:00,6496045,Sibang Kaja - Sogil Brew,17299934,67.9,µg/m³
2026-09-27 01:00:00+00:00,6496045,Sibang Kaja - Sogil Brew,17299934,49.8,µg/m³
2026-09-27 02:00:00+00:00,6496045,Sibang Kaja - Sogil Brew,17299934,39.2,µg/m³
2026-09-27 03:00:00+00:00,6496045,Sibang Kaja - Sogil Brew,17299934,35.2,µg/m³
2026-09-27 04:00:00+00:00,6496045,Sibang Kaja - Sogil Brew,17299934,30.2,µg/m³
2026-09-27 05:00:00+00:00,6496045,Sibang Kaja - Sogil Brew,17299934,26.9,µg/m³
2026-09-27 06:00:00+00:00,6496045,Sibang Kaja - Sogil Brew,17299934,28.6,µg/m³
2026-09-27 07:00:00+00:00,6496045,Sibang Kaja - Sogil Brew,17299934,30.0,µg/m³
2026-09-27 08:00:00+00:00,6496045,Sibang Kaja - Sogil Brew,17299934,34.1,µg/m³
2026-09-27 09:00:00+00:00,6496045,Sibang Kaja - Sogil Brew,17299934,38.4,µg/m³
2026-09-27 10:00:00+00:00,6496045,Sibang Kaja - Sogil Brew,17299934,42.8,µg/m³
2026-09-27 11:00:00+00:00,6496045,Sibang Kaja - Sogil Brew,17299934,42.8,µg/m³
2026-09-27 12:00:00+00:00,6496045,Sibang Kaja - Sogil Brew,17299934,69.9,µg/m³
2026-09-27 13:00:00+00:00,6496045,Sibang Kaja - Sogil Brew,17299934,77.7,µg/m³
2026-09-27 14:00:00+00:00,6496045,Sibang Kaja - Sogil Brew,17299934,76.8,µg/m³
2026-09-27 15:00:00+00:00,6496045,Sibang Kaja - Sogil Brew,17299934,83.8,µg/m³
2026-09-27 16:00:00+00:00,6496045,Sibang Kaja - Sogil Brew,17299934,72.8,µg/m³
2026-09-27 17:00:00+00:00,6496045,Sibang Kaja - Sogil Brew,17299934,47.3,µg/m³
2026-09-27 18:00:00+00:00,6496045,Sibang Kaja - Sogil Brew,17299934,36.6,µg/m³
2026-09-27 19:00:00+00:00,6496045,Sibang Kaja - Sogil Brew,17299934,32.2,µg/m³
2026-09-27 20:00:00+00:00,6496045,Sibang Kaja - Sogil Brew,17299934,31.7,µg/m³
2026-09-27 21:00:00+00:00,6496045,Sibang Kaja - Sogil Brew,17299934,31.3,µg/m³
2026-09-27 22:00:00+00:00,6496045,Sibang Kaja - Sogil Brew,17299934,55.0,µg/m³
2026-09-27 23:00:00+00:00,6496045,Sibang Kaja - Sogil Brew,17299934,72.9,µg/m³
2026-08-29 00:00:00+00:00,6494236,Bali - Canggu - Padang Linjong,17286751,121.0,µg/m³
2026-08-29 01:00:00+00:00,6494236,Bali - Canggu - Padang Linjong,17286751,62.7,µg/m³
2026-08-29 02:00:00+00:00,6494236,Bali - Canggu - Padang Linjong,17286751,60.7,µg/m³
2026-08-29 03:00:00+00:00,6494236,Bali - Canggu - Padang Linjong,17286751,43.4,µg/m³
2026-08-29 04:00:00+00:00,6494236,Bali - Canggu - Padang Linjong,17286751,38.5,µg/m³
2026-08-29 05:00:00+00:00,6494236,Bali - Canggu - Padang Linjong,17286751,35.3,µg/m³
2026-08-29 06:00:00+00:00,6494236,Bali - Canggu - Padang Linjong,17286751,32.5,µg/m³
2026-08-29 07:00:00+00:00,6494236,Bali - Canggu - Padang Linjong,17286751,33.1,µg/m³
2026-08-29 08:00:00+00:00,6494236,Bali - Canggu - Padang Linjong,17286751,34.7,µg/m³
2026-08-29 09:00:00+00:00,6494236,Bali - Canggu - Padang Linjong,17286751,36.1,µg/m³
2026-08-29 10:00:00+00:00,6494236,Bali - Canggu - Padang Linjong,17286751,48.1,µg/m³
2026-08-29 11:00:00+00:00,6494236,Bali - Canggu - Padang Linjong,17286751,40.5,µg/m³
2026-08-29 12:00:00+00:00,6494236,Bali - Canggu - Padang Linjong,17286751,35.0,µg/m³
2026-08-29 13:00:00+00:00,6494236,Bali - Canggu - Padang Linjong,17286751,33.9,µg/m³
2026-08-29 14:00:00+00:00,6494236,Bali - Canggu - Padang Linjong,17286751,37.9,µg/m³
2026-08-29 15:00:00+00:00,6494236,Bali - Canggu - Padang Linjong,17286751,38.4,µg/m³
2026-08-29 16:00:00+00:00,6494236,Bali - Canggu - Padang Linjong,17286751,34.7,µg/m³
2026-08-29 17:00:00+00:00,6494236,Bali - Canggu - Padang Linjong,17286751,62.3,µg/m³
2026-08-29 18:00:00+00:00,6494236,Bali - Canggu - Padang Linjong,17286751,65.3,µg/m³
2026-08-29 19:00:00+00:00,6494236,Bali - Canggu - Padang Linjong,17286751,50.1,µg/m³
2026-08-29 20:00:00+00:00,6494236,Bali - Canggu - Padang Linjong,17286751,43.4,µg/m³
2026-08-29 21:00:00+00:00,6494236,Bali - Canggu - Padang Linjong,17286751,41.8,µg/m³
2026-08-29 22:00:00+00:00,6494236,Bali - Canggu - Padang Linjong,17286751,50.5,µg/m³
2026-08-29 23:00:00+00:00,6494236,Bali - Canggu - Padang Linjong,17286751,141.0,µg/m³
2026-08-30 00:00:00+00:00,6494236,Bali - Canggu - Padang Linjong,17286751,64.3,µg/m³
2026-08-30 01:00:00+00:00,6494236,Bali - Canggu - Padang Linjong,17286751,41.4,µg/m³
2026-08-30 02:00:00+00:00,6494236,Bali - Canggu - Padang Linjong,17286751,39.2,µg/m³
2026-08-30 03:00:00+00:00,6494236,Bali - Canggu - Padang Linjong,17286751,32.9,µg/m³
2026-08-30 04:00:00+00:00,6494236,Bali - Canggu - Padang Linjong,17286751,26.9,µg/m³
2026-08-30 05:00:00+00:00,6494236,Bali - Canggu - Padang Linjong,17286751,21.7,µg/m³
2026-08-30 06:00:00+00:00,6494236,Bali - Canggu - Padang Linjong,17286751,22.2,µg/m³
2026-08-30 07:00:00+00:00,6494236,Bali - Canggu - Padang Linjong,17286751,24.4,µg/m³
2026-08-30 08:00:00+00:00,6494236,Bali - Canggu - Padang Linjong,17286751,26.2,µg/m³
2026-08-30 09:00:00+00:00,6494236,Bali - Canggu - Padang Linjong,17286751,32.1,µg/m³
2026-08-30 10:00:00+00:00,6494236,Bali - Canggu - Padang Linjong,17286751,33.7,µg/m³
2026-08-30 11:00:00+00:00,6494236,Bali - Canggu - Padang Linjong,17286751,38.0,µg/m³
2026-08-30 12:00:00+00:00,6494236,Bali - Canggu - Padang Linjong,17286751,63.0,µg/m³
2026-08-30 13:00:00+00:00,6494236,Bali - Canggu - Padang Linjong,17286751,66.5,µg/m³
2026-08-30 14:00:00+00:00,6494236,Bali - Canggu - Padang Linjong,17286751,32.9,µg/m³
2026-08-30 15:00:00+00:00,6494236,Bali - Canggu - Padang Linjong,17286751,36.7,µg/m³
2026-08-30 16:00:00+00:00,6494236,Bali - Canggu - Padang Linjong,17286751,55.1,µg/m³
2026-08-30 17:00:00+00:00,6494236,Bali - Canggu - Padang Linjong,17286751,48.4,µg/m³
2026-08-30 18:00:00+00:00,6494236,Bali - Canggu - Padang Linjong,17286751,55.5,µg/m³
2026-08-30 19:00:00+00:00,6494236,Bali - Canggu - Padang Linjong,17286751,46.2,µg/m³
2026-08-30 20:00:00+00:00,6494236,Bali - Canggu - Padang Linjong,17286751,42.2,µg/m³
2026-08-30 21:00:00+00:00,6494236,Bali - Canggu - Padang Linjong,17286751,41.0,µg/m³
2026-08-30 22:00:00+00:00,6494236,Bali - Canggu - Padang Linjong,17286751,48.6,µg/m³
2026-08-30 23:00:00+00:00,6494236,Bali - Canggu - Padang Linjong,17286751,76.6,µg/m³
2026-08-31 00:00:00+00:00,6494236,Bali - Canggu - Padang Linjong,17286751,69.4,µg/m³
2026-08-31 01:00:00+00:00,6494236,Bali - Canggu - Padang Linjong,17286751,48.4,µg/m³
2026-08-31 02:00:00+00:00,6494236,Bali - Canggu - Padang Linjong,17286751,35.7,µg/m³
2026-08-31 03:00:00+00:00,6494236,Bali - Canggu - Padang Linjong,17286751,29.3,µg/m³
2026-08-31 04:00:00+00:00,6494236,Bali - Canggu - Padang Linjong,17286751,28.0,µg/m³
2026-08-31 05:00:00+00:00,6494236,Bali - Canggu - Padang Linjong,17286751,24.9,µg/m³
2026-08-31 06:00:00+00:00,6494236,Bali - Canggu - Padang Linjong,17286751,24.7,µg/m³
2026-08-31 07:00:00+00:00,6494236,Bali - Canggu - Padang Linjong,17286751,26.4,µg/m³
2026-08-31 08:00:00+00:00,6494236,Bali - Canggu - Padang Linjong,17286751,26.6,µg/m³
2026-08-31 09:00:00+00:00,6494236,Bali - Canggu - Padang Linjong,17286751,29.6,µg/m³
2026-08-31 10:00:00+00:00,6494236,Bali - Canggu - Padang Linjong,17286751,32.0,µg/m³
2026-08-31 11:00:00+00:00,6494236,Bali - Canggu - Padang Linjong,17286751,30.9,µg/m³
2026-08-31 12:00:00+00:00,6494236,Bali - Canggu - Padang Linjong,17286751,31.1,µg/m³
2026-08-31 13:00:00+00:00,6494236,Bali - Canggu - Padang Linjong,17286751,43.6,µg/m³
2026-08-31 14:00:00+00:00,6494236,Bali - Canggu - Padang Linjong,17286751,55.3,µg/m³
2026-08-31 15:00:00+00:00,6494236,Bali - Canggu - Padang Linjong,17286751,74.1,µg/m³
2026-08-31 16:00:00+00:00,6494236,Bali - Canggu - Padang Linjong,17286751,60.5,µg/m³
2026-08-31 17:00:00+00:00,6494236,Bali - Canggu - Padang Linjong,17286751,53.5,µg/m³
2026-08-31 18:00:00+00:00,6494236,Bali - Canggu - Padang Linjong,17286751,51.1,µg/m³
2026-08-31 19:00:00+00:00,6494236,Bali - Canggu - Padang Linjong,17286751,46.1,µg/m³
2026-08-31 20:00:00+00:00,6494236,Bali - Canggu - Padang Linjong,17286751,42.9,µg/m³
2026-08-31 21:00:00+00:00,6494236,Bali - Canggu - Padang Linjong,17286751,50.5,µg/m³
2026-08-31 22:00:00+00:00,6494236,Bali - Canggu - Padang Linjong,17286751,53.2,µg/m³
2026-08-31 23:00:00+00:00,6494236,Bali - Canggu - Padang Linjong,17286751,73.1,µg/m³
2026-09-01 00:00:00+00:00,6494236,Bali - Canggu - Padang Linjong,17286751,52.4,µg/m³
2026-09-01 01:00:00+00:00,6494236,Bali - Canggu - Padang Linjong,17286751,33.4,µg/m³
2026-09-01 02:00:00+00:00,6494236,Bali - Canggu - Padang Linjong,17286751,25.5,µg/m³
2026-09-01 03:00:00+00:00,6494236,Bali - Canggu - Padang Linjong,17286751,26.9,µg/m³
2026-09-01 04:00:00+00:00,6494236,Bali - Canggu - Padang Linjong,17286751,24.9,µg/m³
2026-09-01 05:00:00+00:00,6494236,Bali - Canggu - Padang Linjong,17286751,22.4,µg/m³
2026-09-01 06:00:00+00:00,6494236,Bali - Canggu - Padang Linjong,17286751,21.4,µg/m³
2026-09-01 07:00:00+00:00,6494236,Bali - Canggu - Padang Linjong,17286751,21.3,µg/m³
2026-09-01 08:00:00+00:00,6494236,Bali - Canggu - Padang Linjong,17286751,21.3,µg/m³
2026-09-01 09:00:00+00:00,6494236,Bali - Canggu - Padang Linjong,17286751,21.4,µg/m³
2026-09-01 10:00:00+00:00,6494236,Bali - Canggu - Padang Linjong,17286751,24.1,µg/m³
2026-09-01 11:00:00+00:00,6494236,Bali - Canggu - Padang Linjong,17286751,27.5,µg/m³
2026-09-01 12:00:00+00:00,6494236,Bali - Canggu - Padang Linjong,17286751,27.1,µg/m³
2026-09-01 13:00:00+00:00,6494236,Bali - Canggu - Padang Linjong,17286751,36.5,µg/m³
2026-09-01 14:00:00+00:00,6494236,Bali - Canggu - Padang Linjong,17286751,26.1,µg/m³
2026-09-01 15:00:00+00:00,6494236,Bali - Canggu - Padang Linjong,17286751,20.6,µg/m³
2026-09-01 16:00:00+00:00,6494236,Bali - Canggu - Padang Linjong,17286751,19.8,µg/m³
2026-09-01 17:00:00+00:00,6494236,Bali - Canggu - Padang Linjong,17286751,19.0,µg/m³
2026-09-01 18:00:00+00:00,6494236,Bali - Canggu - Padang Linjong,17286751,19.7,µg/m³
2026-09-01 19:00:00+00:00,6494236,Bali - Canggu - Padang Linjong,17286751,21.7,µg/m³
2026-09-01 20:00:00+00:00,6494236,Bali - Canggu - Padang Linjong,17286751,24.5,µg/m³
2026-09-01 21:00:00+00:00,6494236,Bali - Canggu - Padang Linjong,17286751,30.1,µg/m³
2026-09-01 22:00:00+00:00,6494236,Bali - Canggu - Padang Linjong,17286751,44.0,µg/m³
2026-09-01 23:00:00+00:00,6494236,Bali - Canggu - Padang Linjong,17286751,70.2,µg/m³
2026-09-02 00:00:00+00:00,6494236,Bali - Canggu - Padang Linjong,17286751,52.7,µg/m³
2026-09-02 01:00:00+00:00,6494236,Bali - Canggu - Padang Linjong,17286751,29.3,µg/m³
2026-09-02 02:00:00+00:00,6494236,Bali - Canggu - Padang Linjong,17286751,24.9,µg/m³
2026-09-02 03:00:00+00:00,6494236,Bali - Canggu - Padang Linjong,17286751,23.4,µg/m³
2026-09-02 04:00:00+00:00,6494236,Bali - Canggu - Padang Linjong,17286751,20.7,µg/m³
2026-09-02 05:00:00+00:00,6494236,Bali - Canggu - Padang Linjong,17286751,21.1,µg/m³
2026-09-02 06:00:00+00:00,6494236,Bali - Canggu - Padang Linjong,17286751,17.6,µg/m³
2026-09-02 07:00:00+00:00,6494236,Bali - Canggu - Padang Linjong,17286751,17.3,µg/m³
2026-09-02 08:00:00+00:00,6494236,Bali - Canggu - Padang Linjong,17286751,16.1,µg/m³
2026-09-02 09:00:00+00:00,6494236,Bali - Canggu - Padang Linjong,17286751,20.0,µg/m³
2026-09-02 10:00:00+00:00,6494236,Bali - Canggu - Padang Linjong,17286751,22.9,µg/m³
2026-09-02 11:00:00+00:00,6494236,Bali - Canggu - Padang Linjong,17286751,22.9,µg/m³
2026-09-02 12:00:00+00:00,6494236,Bali - Canggu - Padang Linjong,17286751,22.2,µg/m³
2026-09-02 13:00:00+00:00,6494236,Bali - Canggu - Padang Linjong,17286751,20.7,µg/m³
2026-09-02 14:00:00+00:00,6494236,Bali - Canggu - Padang Linjong,17286751,26.0,µg/m³
2026-09-02 15:00:00+00:00,6494236,Bali - Canggu - Padang Linjong,17286751,19.1,µg/m³
2026-09-02 16:00:00+00:00,6494236,Bali - Canggu - Padang Linjong,17286751,15.8,µg/m³
2026-09-02 17:00:00+00:00,6494236,Bali - Canggu - Padang Linjong,17286751,14.8,µg/m³
2026-09-02 18:00:00+00:00,6494236,Bali - Canggu - Padang Linjong,17286751,12.9,µg/m³
2026-09-02 19:00:00+00:00,6494236,Bali - Canggu - Padang Linjong,17286751,21.5,µg/m³
2026-09-02 20:00:00+00:00,6494236,Bali - Canggu - Padang Linjong,17286751,38.6,µg/m³
2026-09-02 21:00:00+00:00,6494236,Bali - Canggu - Padang Linjong,17286751,58.5,µg/m³
2026-09-02 22:00:00+00:00,6494236,Bali - Canggu - Padang Linjong,17286751,56.9,µg/m³
2026-09-02 23:00:00+00:00,6494236,Bali - Canggu - Padang Linjong,17286751,52.8,µg/m³
2026-09-03 00:00:00+00:00,6494236,Bali - Canggu - Padang Linjong,17286751,39.9,µg/m³
2026-09-03 01:00:00+00:00,6494236,Bali - Canggu - Padang Linjong,17286751,29.1,µg/m³
2026-09-03 02:00:00+00:00,6494236,Bali - Canggu - Padang Linjong,17286751,28.3,µg/m³
2026-09-03 03:00:00+00:00,6494236,Bali - Canggu - Padang Linjong,17286751,20.6,µg/m³
2026-09-03 04:00:00+00:00,6494236,Bali - Canggu - Padang Linjong,17286751,17.7,µg/m³
2026-09-03 05:00:00+00:00,6494236,Bali - Canggu - Padang Linjong,17286751,22.7,µg/m³
2026-09-03 06:00:00+00:00,6494236,Bali - Canggu - Padang Linjong,17286751,15.2,µg/m³
2026-09-03 07:00:00+00:00,6494236,Bali - Canggu - Padang Linjong,17286751,16.5,µg/m³
2026-09-03 08:00:00+00:00,6494236,Bali - Canggu - Padang Linjong,17286751,17.0,µg/m³
2026-09-03 09:00:00+00:00,6494236,Bali - Canggu - Padang Linjong,17286751,20.2,µg/m³
2026-09-03 10:00:00+00:00,6494236,Bali - Canggu - Padang Linjong,17286751,22.7,µg/m³
2026-09-03 11:00:00+00:00,6494236,Bali - Canggu - Padang Linjong,17286751,23.0,µg/m³
2026-09-03 12:00:00+00:00,6494236,Bali - Canggu - Padang Linjong,17286751,21.9,µg/m³
2026-09-03 13:00:00+00:00,6494236,Bali - Canggu - Padang Linjong,17286751,23.4,µg/m³
2026-09-03 14:00:00+00:00,6494236,Bali - Canggu - Padang Linjong,17286751,24.6,µg/m³
2026-09-03 15:00:00+00:00,6494236,Bali - Canggu - Padang Linjong,17286751,26.1,µg/m³
2026-09-03 16:00:00+00:00,6494236,Bali - Canggu - Padang Linjong,17286751,20.5,µg/m³
2026-09-03 17:00:00+00:00,6494236,Bali - Canggu - Padang Linjong,17286751,14.4,µg/m³
2026-09-03 18:00:00+00:00,6494236,Bali - Canggu - Padang Linjong,17286751,12.4,µg/m³
2026-09-03 19:00:00+00:00,6494236,Bali - Canggu - Padang Linjong,17286751,12.0,µg/m³
2026-09-03 20:00:00+00:00,6494236,Bali - Canggu - Padang Linjong,17286751,12.0,µg/m³
2026-09-03 21:00:00+00:00,6494236,Bali - Canggu - Padang Linjong,17286751,18.2,µg/m³
2026-09-03 22:00:00+00:00,6494236,Bali - Canggu - Padang Linjong,17286751,46.8,µg/m³
2026-09-03 23:00:00+00:00,6494236,Bali - Canggu - Padang Linjong,17286751,69.5,µg/m³
2026-09-04 00:00:00+00:00,6494236,Bali - Canggu - Padang Linjong,17286751,27.3,µg/m³
2026-09-04 01:00:00+00:00,6494236,Bali - Canggu - Padang Linjong,17286751,24.2,µg/m³
2026-09-04 02:00:00+00:00,6494236,Bali - Canggu - Padang Linjong,17286751,21.3,µg/m³
2026-09-04 03:00:00+00:00,6494236,Bali - Canggu - Padang Linjong,17286751,19.0,µg/m³
2026-09-04 04:00:00+00:00,6494236,Bali - Canggu - Padang Linjong,17286751,19.8,µg/m³
2026-09-04 05:00:00+00:00,6494236,Bali - Canggu - Padang Linjong,17286751,18.6,µg/m³
2026-09-04 06:00:00+00:00,6494236,Bali - Canggu - Padang Linjong,17286751,20.1,µg/m³
2026-09-04 07:00:00+00:00,6494236,Bali - Canggu - Padang Linjong,17286751,24.1,µg/m³
2026-09-04 08:00:00+00:00,6494236,Bali - Canggu - Padang Linjong,17286751,23.9,µg/m³
2026-09-04 09:00:00+00:00,6494236,Bali - Canggu - Padang Linjong,17286751,25.6,µg/m³
2026-09-04 10:00:00+00:00,6494236,Bali - Canggu - Padang Linjong,17286751,28.2,µg/m³
2026-09-04 11:00:00+00:00,6494236,Bali - Canggu - Padang Linjong,17286751,26.1,µg/m³
2026-09-04 12:00:00+00:00,6494236,Bali - Canggu - Padang Linjong,17286751,23.6,µg/m³
2026-09-04 13:00:00+00:00,6494236,Bali - Canggu - Padang Linjong,17286751,31.6,µg/m³
2026-09-04 14:00:00+00:00,6494236,Bali - Canggu - Padang Linjong,17286751,34.4,µg/m³
2026-09-04 15:00:00+00:00,6494236,Bali - Canggu - Padang Linjong,17286751,28.7,µg/m³
2026-09-04 16:00:00+00:00,6494236,Bali - Canggu - Padang Linjong,17286751,35.5,µg/m³
2026-09-04 17:00:00+00:00,6494236,Bali - Canggu - Padang Linjong,17286751,42.5,µg/m³
2026-09-04 18:00:00+00:00,6494236,Bali - Canggu - Padang Linjong,17286751,39.1,µg/m³
2026-09-04 19:00:00+00:00,6494236,Bali - Canggu - Padang Linjong,17286751,39.7,µg/m³
2026-09-04 20:00:00+00:00,6494236,Bali - Canggu - Padang Linjong,17286751,38.8,µg/m³
2026-09-04 21:00:00+00:00,6494236,Bali - Canggu - Padang Linjong,17286751,34.3,µg/m³
2026-09-04 22:00:00+00:00,6494236,Bali - Canggu - Padang Linjong,17286751,62.3,µg/m³
2026-09-04 23:00:00+00:00,6494236,Bali - Canggu - Padang Linjong,17286751,51.5,µg/m³
2026-09-05 00:00:00+00:00,6494236,Bali - Canggu - Padang Linjong,17286751,44.1,µg/m³
2026-09-05 01:00:00+00:00,6494236,Bali - Canggu - Padang Linjong,17286751,28.4,µg/m³
2026-09-05 02:00:00+00:00,6494236,Bali - Canggu - Padang Linjong,17286751,13.5,µg/m³
2026-09-05 03:00:00+00:00,6494236,Bali - Canggu - Padang Linjong,17286751,10.1,µg/m³
2026-09-05 04:00:00+00:00,6494236,Bali - Canggu - Padang Linjong,17286751,9.3,µg/m³
2026-09-05 05:00:00+00:00,6494236,Bali - Canggu - Padang Linjong,17286751,7.9,µg/m³
2026-09-05 06:00:00+00:00,6494236,Bali - Canggu - Padang Linjong,17286751,8.0,µg/m³
2026-09-05 07:00:00+00:00,6494236,Bali - Canggu - Padang Linjong,17286751,7.9,µg/m³
2026-09-05 08:00:00+00:00,6494236,Bali - Canggu - Padang Linjong,17286751,8.2,µg/m³
2026-09-05 09:00:00+00:00,6494236,Bali - Canggu - Padang Linjong,17286751,12.7,µg/m³
2026-09-05 10:00:00+00:00,6494236,Bali - Canggu - Padang Linjong,17286751,20.0,µg/m³
2026-09-05 11:00:00+00:00,6494236,Bali - Canggu - Padang Linjong,17286751,21.3,µg/m³
2026-09-05 12:00:00+00:00,6494236,Bali - Canggu - Padang Linjong,17286751,22.7,µg/m³
2026-09-05 13:00:00+00:00,6494236,Bali - Canggu - Padang Linjong,17286751,41.7,µg/m³
2026-09-05 14:00:00+00:00,6494236,Bali - Canggu - Padang Linjong,17286751,34.3,µg/m³
2026-09-05 15:00:00+00:00,6494236,Bali - Canggu - Padang Linjong,17286751,37.2,µg/m³
2026-09-05 16:00:00+00:00,6494236,Bali - Canggu - Padang Linjong,17286751,38.1,µg/m³
2026-09-05 17:00:00+00:00,6494236,Bali - Canggu - Padang Linjong,17286751,41.9,µg/m³
2026-09-05 18:00:00+00:00,6494236,Bali - Canggu - Padang Linjong,17286751,38.1,µg/m³
2026-09-05 19:00:00+00:00,6494236,Bali - Canggu - Padang Linjong,17286751,37.6,µg/m³
2026-09-05 20:00:00+00:00,6494236,Bali - Canggu - Padang Linjong,17286751,30.1,µg/m³
2026-09-05 21:00:00+00:00,6494236,Bali - Canggu - Padang Linjong,17286751,32.9,µg/m³
2026-09-05 22:00:00+00:00,6494236,Bali - Canggu - Padang Linjong,17286751,41.3,µg/m³
2026-09-05 23:00:00+00:00,6494236,Bali - Canggu - Padang Linjong,17286751,87.7,µg/m³
2026-09-06 00:00:00+00:00,6494236,Bali - Canggu - Padang Linjong,17286751,75.9,µg/m³
2026-09-06 01:00:00+00:00,6494236,Bali - Canggu - Padang Linjong,17286751,57.6,µg/m³
2026-09-06 02:00:00+00:00,6494236,Bali - Canggu - Padang Linjong,17286751,42.4,µg/m³
2026-09-06 03:00:00+00:00,6494236,Bali - Canggu - Padang Linjong,17286751,16.1,µg/m³
2026-09-06 04:00:00+00:00,6494236,Bali - Canggu - Padang Linjong,17286751,11.0,µg/m³
2026-09-06 05:00:00+00:00,6494236,Bali - Canggu - Padang Linjong,17286751,9.1,µg/m³
2026-09-06 06:00:00+00:00,6494236,Bali - Canggu - Padang Linjong,17286751,15.1,µg/m³
2026-09-06 07:00:00+00:00,6494236,Bali - Canggu - Padang Linjong,17286751,13.4,µg/m³
2026-09-06 08:00:00+00:00,6494236,Bali - Canggu - Padang Linjong,17286751,8.0,µg/m³
2026-09-06 09:00:00+00:00,6494236,Bali - Canggu - Padang Linjong,17286751,19.4,µg/m³
2026-09-06 10:00:00+00:00,6494236,Bali - Canggu - Padang Linjong,17286751,26.7,µg/m³
2026-09-06 11:00:00+00:00,6494236,Bali - Canggu - Padang Linjong,17286751,18.3,µg/m³
2026-09-06 12:00:00+00:00,6494236,Bali - Canggu - Padang Linjong,17286751,20.1,µg/m³
2026-09-06 13:00:00+00:00,6494236,Bali - Canggu - Padang Linjong,17286751,28.9,µg/m³
2026-09-06 14:00:00+00:00,6494236,Bali - Canggu - Padang Linjong,17286751,31.7,µg/m³
2026-09-06 15:00:00+00:00,6494236,Bali - Canggu - Padang Linjong,17286751,21.5,µg/m³
2026-09-06 16:00:00+00:00,6494236,Bali - Canggu - Padang Linjong,17286751,34.3,µg/m³
2026-09-06 17:00:00+00:00,6494236,Bali - Canggu - Padang Linjong,17286751,36.4,µg/m³
2026-09-06 18:00:00+00:00,6494236,Bali - Canggu - Padang Linjong,17286751,30.5,µg/m³
2026-09-06 19:00:00+00:00,6494236,Bali - Canggu - Padang Linjong,17286751,29.5,µg/m³
2026-09-06 20:00:00+00:00,6494236,Bali - Canggu - Padang Linjong,17286751,29.3,µg/m³
2026-09-06 21:00:00+00:00,6494236,Bali - Canggu - Padang Linjong,17286751,32.6,µg/m³
2026-09-06 22:00:00+00:00,6494236,Bali - Canggu - Padang Linjong,17286751,32.1,µg/m³
2026-09-06 23:00:00+00:00,6494236,Bali - Canggu - Padang Linjong,17286751,33.5,µg/m³
2026-09-07 00:00:00+00:00,6494236,Bali - Canggu - Padang Linjong,17286751,26.4,µg/m³
2026-09-07 01:00:00+00:00,6494236,Bali - Canggu - Padang Linjong,17286751,24.5,µg/m³
2026-09-07 02:00:00+00:00,6494236,Bali - Canggu - Padang Linjong,17286751,34.7,µg/m³
2026-09-07 03:00:00+00:00,6494236,Bali - Canggu - Padang Linjong,17286751,12.9,µg/m³
2026-09-07 04:00:00+00:00,6494236,Bali - Canggu - Padang Linjong,17286751,17.0,µg/m³
2026-09-07 05:00:00+00:00,6494236,Bali - Canggu - Padang Linjong,17286751,17.7,µg/m³
2026-09-07 06:00:00+00:00,6494236,Bali - Canggu - Padang Linjong,17286751,25.7,µg/m³
2026-09-07 07:00:00+00:00,6494236,Bali - Canggu - Padang Linjong,17286751,20.3,µg/m³
2026-09-07 08:00:00+00:00,6494236,Bali - Canggu - Padang Linjong,17286751,16.1,µg/m³
2026-09-07 09:00:00+00:00,6494236,Bali - Canggu - Padang Linjong,17286751,14.8,µg/m³
2026-09-07 10:00:00+00:00,6494236,Bali - Canggu - Padang Linjong,17286751,22.2,µg/m³
2026-09-07 11:00:00+00:00,6494236,Bali - Canggu - Padang Linjong,17286751,20.0,µg/m³
2026-09-07 12:00:00+00:00,6494236,Bali - Canggu - Padang Linjong,17286751,24.9,µg/m³
2026-09-07 13:00:00+00:00,6494236,Bali - Canggu - Padang Linjong,17286751,21.8,µg/m³
2026-09-07 14:00:00+00:00,6494236,Bali - Canggu - Padang Linjong,17286751,24.7,µg/m³
2026-09-07 15:00:00+00:00,6494236,Bali - Canggu - Padang Linjong,17286751,19.5,µg/m³
2026-09-07 16:00:00+00:00,6494236,Bali - Canggu - Padang Linjong,17286751,13.1,µg/m³
2026-09-07 17:00:00+00:00,6494236,Bali - Canggu - Padang Linjong,17286751,9.5,µg/m³
2026-09-07 18:00:00+00:00,6494236,Bali - Canggu - Padang Linjong,17286751,9.6,µg/m³
2026-09-07 19:00:00+00:00,6494236,Bali - Canggu - Padang Linjong,17286751,14.8,µg/m³
2026-09-07 20:00:00+00:00,6494236,Bali - Canggu - Padang Linjong,17286751,24.3,µg/m³
2026-09-07 21:00:00+00:00,6494236,Bali - Canggu - Padang Linjong,17286751,30.9,µg/m³
2026-09-07 22:00:00+00:00,6494236,Bali - Canggu - Padang Linjong,17286751,39.6,µg/m³
2026-09-07 23:00:00+00:00,6494236,Bali - Canggu - Padang Linjong,17286751,51.6,µg/m³
2026-09-08 00:00:00+00:00,6494236,Bali - Canggu - Padang Linjong,17286751,37.4,µg/m³
2026-09-08 01:00:00+00:00,6494236,Bali - Canggu - Padang Linjong,17286751,22.8,µg/m³
2026-09-08 02:00:00+00:00,6494236,Bali - Canggu - Padang Linjong,17286751,18.4,µg/m³
2026-09-08 03:00:00+00:00,6494236,Bali - Canggu - Padang Linjong,17286751,17.1,µg/m³
2026-09-08 04:00:00+00:00,6494236,Bali - Canggu - Padang Linjong,17286751,14.5,µg/m³
2026-09-08 05:00:00+00:00,6494236,Bali - Canggu - Padang Linjong,17286751,9.7,µg/m³
2026-09-08 06:00:00+00:00,6494236,Bali - Canggu - Padang Linjong,17286751,8.6,µg/m³
2026-09-08 07:00:00+00:00,6494236,Bali - Canggu - Padang Linjong,17286751,10.5,µg/m³
2026-09-08 08:00:00+00:00,6494236,Bali - Canggu - Padang Linjong,17286751,11.9,µg/m³
2026-09-08 09:00:00+00:00,6494236,Bali - Canggu - Padang Linjong,17286751,14.5,µg/m³
2026-09-08 10:00:00+00:00,6494236,Bali - Canggu - Padang Linjong,17286751,14.8,µg/m³
2026-09-08 11:00:00+00:00,6494236,Bali - Canggu - Padang Linjong,17286751,18.2,µg/m³
2026-09-08 12:00:00+00:00,6494236,Bali - Canggu - Padang Linjong,17286751,15.4,µg/m³
2026-09-08 13:00:00+00:00,6494236,Bali - Canggu - Padang Linjong,17286751,16.6,µg/m³
2026-09-08 14:00:00+00:00,6494236,Bali - Canggu - Padang Linjong,17286751,14.6,µg/m³
2026-09-08 15:00:00+00:00,6494236,Bali - Canggu - Padang Linjong,17286751,11.3,µg/m³
2026-09-08 16:00:00+00:00,6494236,Bali - Canggu - Padang Linjong,17286751,11.0,µg/m³
2026-09-08 17:00:00+00:00,6494236,Bali - Canggu - Padang Linjong,17286751,9.0,µg/m³
2026-09-08 18:00:00+00:00,6494236,Bali - Canggu - Padang Linjong,17286751,10.4,µg/m³
2026-09-08 19:00:00+00:00,6494236,Bali - Canggu - Padang Linjong,17286751,8.5,µg/m³
2026-09-08 20:00:00+00:00,6494236,Bali - Canggu - Padang Linjong,17286751,7.2,µg/m³
2026-09-08 21:00:00+00:00,6494236,Bali - Canggu - Padang Linjong,17286751,17.2,µg/m³
2026-09-08 22:00:00+00:00,6494236,Bali - Canggu - Padang Linjong,17286751,23.1,µg/m³
2026-09-08 23:00:00+00:00,6494236,Bali - Canggu - Padang Linjong,17286751,26.1,µg/m³
2026-09-09 00:00:00+00:00,6494236,Bali - Canggu - Padang Linjong,17286751,16.8,µg/m³
2026-09-09 01:00:00+00:00,6494236,Bali - Canggu - Padang Linjong,17286751,18.2,µg/m³
2026-09-09 02:00:00+00:00,6494236,Bali - Canggu - Padang Linjong,17286751,13.4,µg/m³
2026-09-09 03:00:00+00:00,6494236,Bali - Canggu - Padang Linjong,17286751,14.5,µg/m³
2026-09-09 04:00:00+00:00,6494236,Bali - Canggu - Padang Linjong,17286751,15.9,µg/m³
2026-09-09 05:00:00+00:00,6494236,Bali - Canggu - Padang Linjong,17286751,18.0,µg/m³
2026-09-09 06:00:00+00:00,6494236,Bali - Canggu - Padang Linjong,17286751,15.6,µg/m³
2026-09-09 07:00:00+00:00,6494236,Bali - Canggu - Padang Linjong,17286751,11.9,µg/m³
2026-09-09 08:00:00+00:00,6494236,Bali - Canggu - Padang Linjong,17286751,9.5,µg/m³
2026-09-09 09:00:00+00:00,6494236,Bali - Canggu - Padang Linjong,17286751,15.0,µg/m³
2026-09-09 10:00:00+00:00,6494236,Bali - Canggu - Padang Linjong,17286751,16.8,µg/m³
2026-09-09 11:00:00+00:00,6494236,Bali - Canggu - Padang Linjong,17286751,22.4,µg/m³
2026-09-09 12:00:00+00:00,6494236,Bali - Canggu - Padang Linjong,17286751,19.7,µg/m³
2026-09-09 13:00:00+00:00,6494236,Bali - Canggu - Padang Linjong,17286751,16.3,µg/m³
2026-09-09 14:00:00+00:00,6494236,Bali - Canggu - Padang Linjong,17286751,12.5,µg/m³
2026-09-09 15:00:00+00:00,6494236,Bali - Canggu - Padang Linjong,17286751,14.0,µg/m³
2026-09-09 16:00:00+00:00,6494236,Bali - Canggu - Padang Linjong,17286751,20.9,µg/m³
2026-09-09 17:00:00+00:00,6494236,Bali - Canggu - Padang Linjong,17286751,16.0,µg/m³
2026-09-09 18:00:00+00:00,6494236,Bali - Canggu - Padang Linjong,17286751,14.2,µg/m³
2026-09-09 19:00:00+00:00,6494236,Bali - Canggu - Padang Linjong,17286751,27.9,µg/m³
2026-09-09 20:00:00+00:00,6494236,Bali - Canggu - Padang Linjong,17286751,32.8,µg/m³
2026-09-09 21:00:00+00:00,6494236,Bali - Canggu - Padang Linjong,17286751,39.6,µg/m³
2026-09-09 22:00:00+00:00,6494236,Bali - Canggu - Padang Linjong,17286751,45.6,µg/m³
2026-09-09 23:00:00+00:00,6494236,Bali - Canggu - Padang Linjong,17286751,58.7,µg/m³
2026-09-10 00:00:00+00:00,6494236,Bali - Canggu - Padang Linjong,17286751,44.8,µg/m³
2026-09-10 01:00:00+00:00,6494236,Bali - Canggu - Padang Linjong,17286751,26.9,µg/m³
2026-09-10 02:00:00+00:00,6494236,Bali - Canggu - Padang Linjong,17286751,19.5,µg/m³
2026-09-10 03:00:00+00:00,6494236,Bali - Canggu - Padang Linjong,17286751,15.6,µg/m³
2026-09-10 04:00:00+00:00,6494236,Bali - Canggu - Padang Linjong,17286751,15.8,µg/m³
2026-09-10 05:00:00+00:00,6494236,Bali - Canggu - Padang Linjong,17286751,18.2,µg/m³
2026-09-10 06:00:00+00:00,6494236,Bali - Canggu - Padang Linjong,17286751,19.5,µg/m³
2026-09-10 07:00:00+00:00,6494236,Bali - Canggu - Padang Linjong,17286751,21.0,µg/m³
2026-09-10 08:00:00+00:00,6494236,Bali - Canggu - Padang Linjong,17286751,22.0,µg/m³
2026-09-10 09:00:00+00:00,6494236,Bali - Canggu - Padang Linjong,17286751,24.4,µg/m³
2026-09-10 10:00:00+00:00,6494236,Bali - Canggu - Padang Linjong,17286751,29.2,µg/m³
2026-09-10 11:00:00+00:00,6494236,Bali - Canggu - Padang Linjong,17286751,30.1,µg/m³
2026-09-10 12:00:00+00:00,6494236,Bali - Canggu - Padang Linjong,17286751,29.4,µg/m³
2026-09-10 13:00:00+00:00,6494236,Bali - Canggu - Padang Linjong,17286751,28.4,µg/m³
2026-09-10 14:00:00+00:00,6494236,Bali - Canggu - Padang Linjong,17286751,27.5,µg/m³
2026-09-10 15:00:00+00:00,6494236,Bali - Canggu - Padang Linjong,17286751,26.4,µg/m³
2026-09-10 16:00:00+00:00,6494236,Bali - Canggu - Padang Linjong,17286751,23.3,µg/m³
2026-09-10 17:00:00+00:00,6494236,Bali - Canggu - Padang Linjong,17286751,20.1,µg/m³
2026-09-10 18:00:00+00:00,6494236,Bali - Canggu - Padang Linjong,17286751,19.7,µg/m³
2026-09-10 19:00:00+00:00,6494236,Bali - Canggu - Padang Linjong,17286751,20.9,µg/m³
2026-09-10 20:00:00+00:00,6494236,Bali - Canggu - Padang Linjong,17286751,23.1,µg/m³
2026-09-10 21:00:00+00:00,6494236,Bali - Canggu - Padang Linjong,17286751,30.0,µg/m³
2026-09-10 22:00:00+00:00,6494236,Bali - Canggu - Padang Linjong,17286751,29.8,µg/m³
2026-09-10 23:00:00+00:00,6494236,Bali - Canggu - Padang Linjong,17286751,37.1,µg/m³
2026-09-11 00:00:00+00:00,6494236,Bali - Canggu - Padang Linjong,17286751,32.7,µg/m³
2026-09-11 01:00:00+00:00,6494236,Bali - Canggu - Padang Linjong,17286751,33.6,µg/m³
2026-09-11 02:00:00+00:00,6494236,Bali - Canggu - Padang Linjong,17286751,31.9,µg/m³
2026-09-11 03:00:00+00:00,6494236,Bali - Canggu - Padang Linjong,17286751,29.4,µg/m³
2026-09-11 04:00:00+00:00,6494236,Bali - Canggu - Padang Linjong,17286751,27.6,µg/m³
2026-09-11 05:00:00+00:00,6494236,Bali - Canggu - Padang Linjong,17286751,25.5,µg/m³
2026-09-11 06:00:00+00:00,6494236,Bali - Canggu - Padang Linjong,17286751,23.7,µg/m³
2026-09-11 07:00:00+00:00,6494236,Bali - Canggu - Padang Linjong,17286751,22.0,µg/m³
2026-09-11 08:00:00+00:00,6494236,Bali - Canggu - Padang Linjong,17286751,20.8,µg/m³
2026-09-11 09:00:00+00:00,6494236,Bali - Canggu - Padang Linjong,17286751,23.8,µg/m³
2026-09-11 10:00:00+00:00,6494236,Bali - Canggu - Padang Linjong,17286751,27.2,µg/m³
2026-09-11 11:00:00+00:00,6494236,Bali - Canggu - Padang Linjong,17286751,27.5,µg/m³
2026-09-11 12:00:00+00:00,6494236,Bali - Canggu - Padang Linjong,17286751,29.7,µg/m³
2026-09-11 13:00:00+00:00,6494236,Bali - Canggu - Padang Linjong,17286751,28.3,µg/m³
2026-09-11 14:00:00+00:00,6494236,Bali - Canggu - Padang Linjong,17286751,30.4,µg/m³
2026-09-11 15:00:00+00:00,6494236,Bali - Canggu - Padang Linjong,17286751,25.3,µg/m³
2026-09-11 16:00:00+00:00,6494236,Bali - Canggu - Padang Linjong,17286751,24.1,µg/m³
2026-09-11 17:00:00+00:00,6494236,Bali - Canggu - Padang Linjong,17286751,22.9,µg/m³
2026-09-11 18:00:00+00:00,6494236,Bali - Canggu - Padang Linjong,17286751,21.9,µg/m³
2026-09-11 19:00:00+00:00,6494236,Bali - Canggu - Padang Linjong,17286751,21.7,µg/m³
2026-09-11 20:00:00+00:00,6494236,Bali - Canggu - Padang Linjong,17286751,24.0,µg/m³
2026-09-11 21:00:00+00:00,6494236,Bali - Canggu - Padang Linjong,17286751,25.3,µg/m³
2026-09-11 22:00:00+00:00,6494236,Bali - Canggu - Padang Linjong,17286751,27.0,µg/m³
2026-09-11 23:00:00+00:00,6494236,Bali - Canggu - Padang Linjong,17286751,31.4,µg/m³
2026-09-12 00:00:00+00:00,6494236,Bali - Canggu - Padang Linjong,17286751,26.8,µg/m³
2026-09-12 01:00:00+00:00,6494236,Bali - Canggu - Padang Linjong,17286751,25.8,µg/m³
2026-09-12 02:00:00+00:00,6494236,Bali - Canggu - Padang Linjong,17286751,24.8,µg/m³
2026-09-12 03:00:00+00:00,6494236,Bali - Canggu - Padang Linjong,17286751,25.2,µg/m³
2026-09-12 04:00:00+00:00,6494236,Bali - Canggu - Padang Linjong,17286751,22.9,µg/m³
2026-09-12 05:00:00+00:00,6494236,Bali - Canggu - Padang Linjong,17286751,19.7,µg/m³
2026-09-12 06:00:00+00:00,6494236,Bali - Canggu - Padang Linjong,17286751,21.6,µg/m³
2026-09-12 07:00:00+00:00,6494236,Bali - Canggu - Padang Linjong,17286751,22.6,µg/m³
2026-09-12 08:00:00+00:00,6494236,Bali - Canggu - Padang Linjong,17286751,24.9,µg/m³
2026-09-12 09:00:00+00:00,6494236,Bali - Canggu - Padang Linjong,17286751,30.5,µg/m³
2026-09-12 10:00:00+00:00,6494236,Bali - Canggu - Padang Linjong,17286751,37.4,µg/m³
2026-09-12 11:00:00+00:00,6494236,Bali - Canggu - Padang Linjong,17286751,40.5,µg/m³
2026-09-12 12:00:00+00:00,6494236,Bali - Canggu - Padang Linjong,17286751,40.3,µg/m³
2026-09-12 13:00:00+00:00,6494236,Bali - Canggu - Padang Linjong,17286751,35.0,µg/m³
2026-09-12 14:00:00+00:00,6494236,Bali - Canggu - Padang Linjong,17286751,31.6,µg/m³
2026-09-12 15:00:00+00:00,6494236,Bali - Canggu - Padang Linjong,17286751,32.0,µg/m³
2026-09-12 16:00:00+00:00,6494236,Bali - Canggu - Padang Linjong,17286751,32.4,µg/m³
2026-09-12 17:00:00+00:00,6494236,Bali - Canggu - Padang Linjong,17286751,33.9,µg/m³
2026-09-12 18:00:00+00:00,6494236,Bali - Canggu - Padang Linjong,17286751,34.5,µg/m³
2026-09-12 19:00:00+00:00,6494236,Bali - Canggu - Padang Linjong,17286751,30.5,µg/m³
2026-09-12 20:00:00+00:00,6494236,Bali - Canggu - Padang Linjong,17286751,29.9,µg/m³
2026-09-12 21:00:00+00:00,6494236,Bali - Canggu - Padang Linjong,17286751,35.4,µg/m³
2026-09-12 22:00:00+00:00,6494236,Bali - Canggu - Padang Linjong,17286751,52.4,µg/m³
2026-09-12 23:00:00+00:00,6494236,Bali - Canggu - Padang Linjong,17286751,68.2,µg/m³
2026-09-13 00:00:00+00:00,6494236,Bali - Canggu - Padang Linjong,17286751,49.8,µg/m³
2026-09-13 01:00:00+00:00,6494236,Bali - Canggu - Padang Linjong,17286751,37.4,µg/m³
2026-09-13 02:00:00+00:00,6494236,Bali - Canggu - Padang Linjong,17286751,32.1,µg/m³
2026-09-13 03:00:00+00:00,6494236,Bali - Canggu - Padang Linjong,17286751,27.9,µg/m³
2026-09-13 04:00:00+00:00,6494236,Bali - Canggu - Padang Linjong,17286751,26.3,µg/m³
2026-09-13 05:00:00+00:00,6494236,Bali - Canggu - Padang Linjong,17286751,25.4,µg/m³
2026-09-13 06:00:00+00:00,6494236,Bali - Canggu - Padang Linjong,17286751,25.7,µg/m³
2026-09-13 07:00:00+00:00,6494236,Bali - Canggu - Padang Linjong,17286751,27.3,µg/m³
2026-09-13 08:00:00+00:00,6494236,Bali - Canggu - Padang Linjong,17286751,28.9,µg/m³
2026-09-13 09:00:00+00:00,6494236,Bali - Canggu - Padang Linjong,17286751,34.1,µg/m³
2026-09-13 10:00:00+00:00,6494236,Bali - Canggu - Padang Linjong,17286751,35.0,µg/m³
2026-09-13 11:00:00+00:00,6494236,Bali - Canggu - Padang Linjong,17286751,31.3,µg/m³
2026-09-13 12:00:00+00:00,6494236,Bali - Canggu - Padang Linjong,17286751,27.8,µg/m³
2026-09-13 13:00:00+00:00,6494236,Bali - Canggu - Padang Linjong,17286751,21.7,µg/m³
2026-09-13 14:00:00+00:00,6494236,Bali - Canggu - Padang Linjong,17286751,22.9,µg/m³
2026-09-13 15:00:00+00:00,6494236,Bali - Canggu - Padang Linjong,17286751,22.0,µg/m³
2026-09-13 16:00:00+00:00,6494236,Bali - Canggu - Padang Linjong,17286751,18.4,µg/m³
2026-09-13 17:00:00+00:00,6494236,Bali - Canggu - Padang Linjong,17286751,19.8,µg/m³
2026-09-13 18:00:00+00:00,6494236,Bali - Canggu - Padang Linjong,17286751,15.2,µg/m³
2026-09-13 19:00:00+00:00,6494236,Bali - Canggu - Padang Linjong,17286751,16.9,µg/m³
2026-09-13 20:00:00+00:00,6494236,Bali - Canggu - Padang Linjong,17286751,20.7,µg/m³
2026-09-13 21:00:00+00:00,6494236,Bali - Canggu - Padang Linjong,17286751,29.0,µg/m³
2026-09-13 22:00:00+00:00,6494236,Bali - Canggu - Padang Linjong,17286751,48.4,µg/m³
2026-09-13 23:00:00+00:00,6494236,Bali - Canggu - Padang Linjong,17286751,53.7,µg/m³
2026-09-14 00:00:00+00:00,6494236,Bali - Canggu - Padang Linjong,17286751,31.2,µg/m³
2026-09-14 01:00:00+00:00,6494236,Bali - Canggu - Padang Linjong,17286751,22.4,µg/m³
2026-09-14 02:00:00+00:00,6494236,Bali - Canggu - Padang Linjong,17286751,25.0,µg/m³
2026-09-14 03:00:00+00:00,6494236,Bali - Canggu - Padang Linjong,17286751,17.0,µg/m³
2026-09-14 04:00:00+00:00,6494236,Bali - Canggu - Padang Linjong,17286751,11.5,µg/m³
2026-09-14 05:00:00+00:00,6494236,Bali - Canggu - Padang Linjong,17286751,9.1,µg/m³
2026-09-14 06:00:00+00:00,6494236,Bali - Canggu - Padang Linjong,17286751,8.2,µg/m³
2026-09-14 07:00:00+00:00,6494236,Bali - Canggu - Padang Linjong,17286751,9.3,µg/m³
2026-09-14 08:00:00+00:00,6494236,Bali - Canggu - Padang Linjong,17286751,15.3,µg/m³
2026-09-14 09:00:00+00:00,6494236,Bali - Canggu - Padang Linjong,17286751,20.6,µg/m³
2026-09-14 10:00:00+00:00,6494236,Bali - Canggu - Padang Linjong,17286751,23.3,µg/m³
2026-09-14 11:00:00+00:00,6494236,Bali - Canggu - Padang Linjong,17286751,21.6,µg/m³
2026-09-14 12:00:00+00:00,6494236,Bali - Canggu - Padang Linjong,17286751,17.9,µg/m³
2026-09-14 13:00:00+00:00,6494236,Bali - Canggu - Padang Linjong,17286751,18.1,µg/m³
2026-09-14 14:00:00+00:00,6494236,Bali - Canggu - Padang Linjong,17286751,12.1,µg/m³
2026-09-14 15:00:00+00:00,6494236,Bali - Canggu - Padang Linjong,17286751,11.8,µg/m³
2026-09-14 16:00:00+00:00,6494236,Bali - Canggu - Padang Linjong,17286751,10.2,µg/m³
2026-09-14 17:00:00+00:00,6494236,Bali - Canggu - Padang Linjong,17286751,11.5,µg/m³
2026-09-14 18:00:00+00:00,6494236,Bali - Canggu - Padang Linjong,17286751,12.3,µg/m³
2026-09-14 19:00:00+00:00,6494236,Bali - Canggu - Padang Linjong,17286751,10.9,µg/m³
2026-09-14 20:00:00+00:00,6494236,Bali - Canggu - Padang Linjong,17286751,12.6,µg/m³
2026-09-14 21:00:00+00:00,6494236,Bali - Canggu - Padang Linjong,17286751,15.5,µg/m³
2026-09-14 22:00:00+00:00,6494236,Bali - Canggu - Padang Linjong,17286751,25.3,µg/m³
2026-09-14 23:00:00+00:00,6494236,Bali - Canggu - Padang Linjong,17286751,26.7,µg/m³
2026-09-15 00:00:00+00:00,6494236,Bali - Canggu - Padang Linjong,17286751,19.3,µg/m³
2026-09-15 01:00:00+00:00,6494236,Bali - Canggu - Padang Linjong,17286751,13.9,µg/m³
2026-09-15 02:00:00+00:00,6494236,Bali - Canggu - Padang Linjong,17286751,12.9,µg/m³
2026-09-15 03:00:00+00:00,6494236,Bali - Canggu - Padang Linjong,17286751,11.9,µg/m³
2026-09-15 04:00:00+00:00,6494236,Bali - Canggu - Padang Linjong,17286751,11.4,µg/m³
2026-09-15 05:00:00+00:00,6494236,Bali - Canggu - Padang Linjong,17286751,7.8,µg/m³
2026-09-15 06:00:00+00:00,6494236,Bali - Canggu - Padang Linjong,17286751,6.7,µg/m³
2026-09-15 07:00:00+00:00,6494236,Bali - Canggu - Padang Linjong,17286751,8.0,µg/m³
2026-09-15 08:00:00+00:00,6494236,Bali - Canggu - Padang Linjong,17286751,9.4,µg/m³
2026-09-15 09:00:00+00:00,6494236,Bali - Canggu - Padang Linjong,17286751,8.8,µg/m³
2026-09-15 10:00:00+00:00,6494236,Bali - Canggu - Padang Linjong,17286751,16.5,µg/m³
2026-09-15 11:00:00+00:00,6494236,Bali - Canggu - Padang Linjong,17286751,21.4,µg/m³
2026-09-15 12:00:00+00:00,6494236,Bali - Canggu - Padang Linjong,17286751,21.4,µg/m³
2026-09-15 13:00:00+00:00,6494236,Bali - Canggu - Padang Linjong,17286751,19.8,µg/m³
2026-09-15 14:00:00+00:00,6494236,Bali - Canggu - Padang Linjong,17286751,18.9,µg/m³
2026-09-15 15:00:00+00:00,6494236,Bali - Canggu - Padang Linjong,17286751,14.7,µg/m³
2026-09-15 16:00:00+00:00,6494236,Bali - Canggu - Padang Linjong,17286751,15.5,µg/m³
2026-09-15 17:00:00+00:00,6494236,Bali - Canggu - Padang Linjong,17286751,11.9,µg/m³
2026-09-15 18:00:00+00:00,6494236,Bali - Canggu - Padang Linjong,17286751,14.6,µg/m³
2026-09-15 19:00:00+00:00,6494236,Bali - Canggu - Padang Linjong,17286751,17.5,µg/m³
2026-09-15 20:00:00+00:00,6494236,Bali - Canggu - Padang Linjong,17286751,17.9,µg/m³
2026-09-15 21:00:00+00:00,6494236,Bali - Canggu - Padang Linjong,17286751,30.5,µg/m³
2026-09-15 22:00:00+00:00,6494236,Bali - Canggu - Padang Linjong,17286751,41.1,µg/m³
2026-09-15 23:00:00+00:00,6494236,Bali - Canggu - Padang Linjong,17286751,44.8,µg/m³
2026-09-16 00:00:00+00:00,6494236,Bali - Canggu - Padang Linjong,17286751,35.5,µg/m³
2026-09-16 01:00:00+00:00,6494236,Bali - Canggu - Padang Linjong,17286751,20.0,µg/m³
2026-09-16 02:00:00+00:00,6494236,Bali - Canggu - Padang Linjong,17286751,23.8,µg/m³
2026-09-16 03:00:00+00:00,6494236,Bali - Canggu - Padang Linjong,17286751,20.3,µg/m³
2026-09-16 04:00:00+00:00,6494236,Bali - Canggu - Padang Linjong,17286751,14.7,µg/m³
2026-09-16 05:00:00+00:00,6494236,Bali - Canggu - Padang Linjong,17286751,15.4,µg/m³
2026-09-16 06:00:00+00:00,6494236,Bali - Canggu - Padang Linjong,17286751,10.7,µg/m³
2026-09-16 07:00:00+00:00,6494236,Bali - Canggu - Padang Linjong,17286751,14.9,µg/m³
2026-09-16 08:00:00+00:00,6494236,Bali - Canggu - Padang Linjong,17286751,9.1,µg/m³
2026-09-16 09:00:00+00:00,6494236,Bali - Canggu - Padang Linjong,17286751,7.1,µg/m³
2026-09-16 10:00:00+00:00,6494236,Bali - Canggu - Padang Linjong,17286751,13.3,µg/m³
2026-09-16 11:00:00+00:00,6494236,Bali - Canggu - Padang Linjong,17286751,16.1,µg/m³
2026-09-16 12:00:00+00:00,6494236,Bali - Canggu - Padang Linjong,17286751,14.1,µg/m³
2026-09-16 13:00:00+00:00,6494236,Bali - Canggu - Padang Linjong,17286751,15.3,µg/m³
2026-09-16 14:00:00+00:00,6494236,Bali - Canggu - Padang Linjong,17286751,12.7,µg/m³
2026-09-16 15:00:00+00:00,6494236,Bali - Canggu - Padang Linjong,17286751,16.2,µg/m³
2026-09-16 16:00:00+00:00,6494236,Bali - Canggu - Padang Linjong,17286751,12.9,µg/m³
2026-09-16 17:00:00+00:00,6494236,Bali - Canggu - Padang Linjong,17286751,11.9,µg/m³
2026-09-16 18:00:00+00:00,6494236,Bali - Canggu - Padang Linjong,17286751,7.1,µg/m³
2026-09-16 19:00:00+00:00,6494236,Bali - Canggu - Padang Linjong,17286751,7.0,µg/m³
2026-09-16 20:00:00+00:00,6494236,Bali - Canggu - Padang Linjong,17286751,6.2,µg/m³
2026-09-16 21:00:00+00:00,6494236,Bali - Canggu - Padang Linjong,17286751,12.8,µg/m³
2026-09-16 22:00:00+00:00,6494236,Bali - Canggu - Padang Linjong,17286751,28.3,µg/m³
2026-09-16 23:00:00+00:00,6494236,Bali - Canggu - Padang Linjong,17286751,42.0,µg/m³
2026-09-17 00:00:00+00:00,6494236,Bali - Canggu - Padang Linjong,17286751,20.1,µg/m³
2026-09-17 01:00:00+00:00,6494236,Bali - Canggu - Padang Linjong,17286751,16.9,µg/m³
2026-09-17 02:00:00+00:00,6494236,Bali - Canggu - Padang Linjong,17286751,20.9,µg/m³
2026-09-17 03:00:00+00:00,6494236,Bali - Canggu - Padang Linjong,17286751,17.5,µg/m³
2026-09-17 04:00:00+00:00,6494236,Bali - Canggu - Padang Linjong,17286751,16.7,µg/m³
2026-09-17 05:00:00+00:00,6494236,Bali - Canggu - Padang Linjong,17286751,16.4,µg/m³
2026-09-17 06:00:00+00:00,6494236,Bali - Canggu - Padang Linjong,17286751,15.3,µg/m³
2026-09-17 07:00:00+00:00,6494236,Bali - Canggu - Padang Linjong,17286751,13.0,µg/m³
2026-09-17 08:00:00+00:00,6494236,Bali - Canggu - Padang Linjong,17286751,10.9,µg/m³
2026-09-17 09:00:00+00:00,6494236,Bali - Canggu - Padang Linjong,17286751,16.7,µg/m³
2026-09-17 10:00:00+00:00,6494236,Bali - Canggu - Padang Linjong,17286751,23.8,µg/m³
2026-09-17 11:00:00+00:00,6494236,Bali - Canggu - Padang Linjong,17286751,23.4,µg/m³
2026-09-17 12:00:00+00:00,6494236,Bali - Canggu - Padang Linjong,17286751,18.3,µg/m³
2026-09-17 13:00:00+00:00,6494236,Bali - Canggu - Padang Linjong,17286751,14.4,µg/m³
2026-09-17 14:00:00+00:00,6494236,Bali - Canggu - Padang Linjong,17286751,16.4,µg/m³
2026-09-17 15:00:00+00:00,6494236,Bali - Canggu - Padang Linjong,17286751,15.7,µg/m³
2026-09-17 16:00:00+00:00,6494236,Bali - Canggu - Padang Linjong,17286751,17.2,µg/m³
2026-09-17 17:00:00+00:00,6494236,Bali - Canggu - Padang Linjong,17286751,14.0,µg/m³
2026-09-17 18:00:00+00:00,6494236,Bali - Canggu - Padang Linjong,17286751,17.3,µg/m³
2026-09-17 19:00:00+00:00,6494236,Bali - Canggu - Padang Linjong,17286751,10.1,µg/m³
2026-09-17 20:00:00+00:00,6494236,Bali - Canggu - Padang Linjong,17286751,17.0,µg/m³
2026-09-17 21:00:00+00:00,6494236,Bali - Canggu - Padang Linjong,17286751,38.9,µg/m³
2026-09-17 22:00:00+00:00,6494236,Bali - Canggu - Padang Linjong,17286751,45.1,µg/m³
2026-09-17 23:00:00+00:00,6494236,Bali - Canggu - Padang Linjong,17286751,53.2,µg/m³
2026-09-18 00:00:00+00:00,6494236,Bali - Canggu - Padang Linjong,17286751,41.3,µg/m³
2026-09-18 01:00:00+00:00,6494236,Bali - Canggu - Padang Linjong,17286751,41.8,µg/m³
2026-09-18 02:00:00+00:00,6494236,Bali - Canggu - Padang Linjong,17286751,33.6,µg/m³
2026-09-18 03:00:00+00:00,6494236,Bali - Canggu - Padang Linjong,17286751,30.6,µg/m³
2026-09-18 04:00:00+00:00,6494236,Bali - Canggu - Padang Linjong,17286751,27.0,µg/m³
2026-09-18 05:00:00+00:00,6494236,Bali - Canggu - Padang Linjong,17286751,19.6,µg/m³
2026-09-18 06:00:00+00:00,6494236,Bali - Canggu - Padang Linjong,17286751,18.3,µg/m³
2026-09-18 07:00:00+00:00,6494236,Bali - Canggu - Padang Linjong,17286751,18.4,µg/m³
2026-09-18 08:00:00+00:00,6494236,Bali - Canggu - Padang Linjong,17286751,21.5,µg/m³
2026-09-18 09:00:00+00:00,6494236,Bali - Canggu - Padang Linjong,17286751,24.6,µg/m³
2026-09-18 10:00:00+00:00,6494236,Bali - Canggu - Padang Linjong,17286751,35.4,µg/m³
2026-09-18 11:00:00+00:00,6494236,Bali - Canggu - Padang Linjong,17286751,38.8,µg/m³
2026-09-18 12:00:00+00:00,6494236,Bali - Canggu - Padang Linjong,17286751,34.8,µg/m³
2026-09-18 13:00:00+00:00,6494236,Bali - Canggu - Padang Linjong,17286751,32.6,µg/m³
2026-09-18 14:00:00+00:00,6494236,Bali - Canggu - Padang Linjong,17286751,31.8,µg/m³
2026-09-18 15:00:00+00:00,6494236,Bali - Canggu - Padang Linjong,17286751,28.6,µg/m³
2026-09-18 16:00:00+00:00,6494236,Bali - Canggu - Padang Linjong,17286751,22.1,µg/m³
2026-09-18 17:00:00+00:00,6494236,Bali - Canggu - Padang Linjong,17286751,19.8,µg/m³
2026-09-18 18:00:00+00:00,6494236,Bali - Canggu - Padang Linjong,17286751,16.4,µg/m³
2026-09-18 19:00:00+00:00,6494236,Bali - Canggu - Padang Linjong,17286751,19.2,µg/m³
2026-09-18 20:00:00+00:00,6494236,Bali - Canggu - Padang Linjong,17286751,21.7,µg/m³
2026-09-18 21:00:00+00:00,6494236,Bali - Canggu - Padang Linjong,17286751,40.7,µg/m³
2026-09-18 22:00:00+00:00,6494236,Bali - Canggu - Padang Linjong,17286751,55.9,µg/m³
2026-09-18 23:00:00+00:00,6494236,Bali - Canggu - Padang Linjong,17286751,68.0,µg/m³
2026-09-19 00:00:00+00:00,6494236,Bali - Canggu - Padang Linjong,17286751,32.5,µg/m³
2026-09-19 01:00:00+00:00,6494236,Bali - Canggu - Padang Linjong,17286751,33.0,µg/m³
2026-09-19 02:00:00+00:00,6494236,Bali - Canggu - Padang Linjong,17286751,26.3,µg/m³
2026-09-19 03:00:00+00:00,6494236,Bali - Canggu - Padang Linjong,17286751,22.6,µg/m³
2026-09-19 04:00:00+00:00,6494236,Bali - Canggu - Padang Linjong,17286751,20.2,µg/m³
2026-09-19 05:00:00+00:00,6494236,Bali - Canggu - Padang Linjong,17286751,20.2,µg/m³
2026-09-19 06:00:00+00:00,6494236,Bali - Canggu - Padang Linjong,17286751,21.3,µg/m³
2026-09-19 07:00:00+00:00,6494236,Bali - Canggu - Padang Linjong,17286751,23.0,µg/m³
2026-09-19 08:00:00+00:00,6494236,Bali - Canggu - Padang Linjong,17286751,24.3,µg/m³
2026-09-19 09:00:00+00:00,6494236,Bali - Canggu - Padang Linjong,17286751,27.0,µg/m³
2026-09-19 10:00:00+00:00,6494236,Bali - Canggu - Padang Linjong,17286751,31.3,µg/m³
2026-09-19 11:00:00+00:00,6494236,Bali - Canggu - Padang Linjong,17286751,30.3,µg/m³
2026-09-19 12:00:00+00:00,6494236,Bali - Canggu - Padang Linjong,17286751,26.6,µg/m³
2026-09-19 13:00:00+00:00,6494236,Bali - Canggu - Padang Linjong,17286751,27.2,µg/m³
2026-09-19 14:00:00+00:00,6494236,Bali - Canggu - Padang Linjong,17286751,32.0,µg/m³
2026-09-19 15:00:00+00:00,6494236,Bali - Canggu - Padang Linjong,17286751,22.8,µg/m³
2026-09-19 16:00:00+00:00,6494236,Bali - Canggu - Padang Linjong,17286751,21.9,µg/m³
2026-09-19 17:00:00+00:00,6494236,Bali - Canggu - Padang Linjong,17286751,21.1,µg/m³
2026-09-19 18:00:00+00:00,6494236,Bali - Canggu - Padang Linjong,17286751,17.9,µg/m³
2026-09-19 19:00:00+00:00,6494236,Bali - Canggu - Padang Linjong,17286751,20.8,µg/m³
2026-09-19 20:00:00+00:00,6494236,Bali - Canggu - Padang Linjong,17286751,24.5,µg/m³
2026-09-19 21:00:00+00:00,6494236,Bali - Canggu - Padang Linjong,17286751,36.7,µg/m³
2026-09-19 22:00:00+00:00,6494236,Bali - Canggu - Padang Linjong,17286751,54.5,µg/m³
2026-09-19 23:00:00+00:00,6494236,Bali - Canggu - Padang Linjong,17286751,59.3,µg/m³
2026-09-20 00:00:00+00:00,6494236,Bali - Canggu - Padang Linjong,17286751,32.2,µg/m³
2026-09-20 01:00:00+00:00,6494236,Bali - Canggu - Padang Linjong,17286751,28.0,µg/m³
2026-09-20 02:00:00+00:00,6494236,Bali - Canggu - Padang Linjong,17286751,27.9,µg/m³
2026-09-20 03:00:00+00:00,6494236,Bali - Canggu - Padang Linjong,17286751,27.3,µg/m³
2026-09-20 04:00:00+00:00,6494236,Bali - Canggu - Padang Linjong,17286751,24.8,µg/m³
2026-09-20 05:00:00+00:00,6494236,Bali - Canggu - Padang Linjong,17286751,24.0,µg/m³
2026-09-20 06:00:00+00:00,6494236,Bali - Canggu - Padang Linjong,17286751,22.9,µg/m³
2026-09-20 07:00:00+00:00,6494236,Bali - Canggu - Padang Linjong,17286751,22.3,µg/m³
2026-09-20 08:00:00+00:00,6494236,Bali - Canggu - Padang Linjong,17286751,25.0,µg/m³
2026-09-20 09:00:00+00:00,6494236,Bali - Canggu - Padang Linjong,17286751,27.7,µg/m³
2026-09-20 10:00:00+00:00,6494236,Bali - Canggu - Padang Linjong,17286751,31.9,µg/m³
2026-09-20 11:00:00+00:00,6494236,Bali - Canggu - Padang Linjong,17286751,30.5,µg/m³
2026-09-20 12:00:00+00:00,6494236,Bali - Canggu - Padang Linjong,17286751,23.6,µg/m³
2026-09-20 13:00:00+00:00,6494236,Bali - Canggu - Padang Linjong,17286751,22.4,µg/m³
2026-09-20 14:00:00+00:00,6494236,Bali - Canggu - Padang Linjong,17286751,28.7,µg/m³
2026-09-20 15:00:00+00:00,6494236,Bali - Canggu - Padang Linjong,17286751,29.3,µg/m³
2026-09-20 16:00:00+00:00,6494236,Bali - Canggu - Padang Linjong,17286751,25.7,µg/m³
2026-09-20 17:00:00+00:00,6494236,Bali - Canggu - Padang Linjong,17286751,21.5,µg/m³
2026-09-20 18:00:00+00:00,6494236,Bali - Canggu - Padang Linjong,17286751,20.3,µg/m³
2026-09-20 19:00:00+00:00,6494236,Bali - Canggu - Padang Linjong,17286751,22.4,µg/m³
2026-09-20 20:00:00+00:00,6494236,Bali - Canggu - Padang Linjong,17286751,23.0,µg/m³
2026-09-20 21:00:00+00:00,6494236,Bali - Canggu - Padang Linjong,17286751,36.0,µg/m³
2026-09-20 22:00:00+00:00,6494236,Bali - Canggu - Padang Linjong,17286751,46.7,µg/m³
2026-09-20 23:00:00+00:00,6494236,Bali - Canggu - Padang Linjong,17286751,55.7,µg/m³
2026-09-21 00:00:00+00:00,6494236,Bali - Canggu - Padang Linjong,17286751,43.7,µg/m³
2026-09-21 01:00:00+00:00,6494236,Bali - Canggu - Padang Linjong,17286751,32.5,µg/m³
2026-09-21 02:00:00+00:00,6494236,Bali - Canggu - Padang Linjong,17286751,27.8,µg/m³
2026-09-21 03:00:00+00:00,6494236,Bali - Canggu - Padang Linjong,17286751,23.9,µg/m³
2026-09-21 04:00:00+00:00,6494236,Bali - Canggu - Padang Linjong,17286751,25.6,µg/m³
2026-09-21 05:00:00+00:00,6494236,Bali - Canggu - Padang Linjong,17286751,26.2,µg/m³
2026-09-21 06:00:00+00:00,6494236,Bali - Canggu - Padang Linjong,17286751,27.6,µg/m³
2026-09-21 07:00:00+00:00,6494236,Bali - Canggu - Padang Linjong,17286751,28.3,µg/m³
2026-09-21 08:00:00+00:00,6494236,Bali - Canggu - Padang Linjong,17286751,30.3,µg/m³
2026-09-21 09:00:00+00:00,6494236,Bali - Canggu - Padang Linjong,17286751,30.1,µg/m³
2026-09-21 10:00:00+00:00,6494236,Bali - Canggu - Padang Linjong,17286751,34.9,µg/m³
2026-09-21 11:00:00+00:00,6494236,Bali - Canggu - Padang Linjong,17286751,37.3,µg/m³
2026-09-21 12:00:00+00:00,6494236,Bali - Canggu - Padang Linjong,17286751,40.5,µg/m³
2026-09-21 13:00:00+00:00,6494236,Bali - Canggu - Padang Linjong,17286751,37.6,µg/m³
2026-09-21 14:00:00+00:00,6494236,Bali - Canggu - Padang Linjong,17286751,34.1,µg/m³
2026-09-21 15:00:00+00:00,6494236,Bali - Canggu - Padang Linjong,17286751,32.6,µg/m³
2026-09-21 16:00:00+00:00,6494236,Bali - Canggu - Padang Linjong,17286751,30.5,µg/m³
2026-09-21 17:00:00+00:00,6494236,Bali - Canggu - Padang Linjong,17286751,29.9,µg/m³
2026-09-21 18:00:00+00:00,6494236,Bali - Canggu - Padang Linjong,17286751,32.0,µg/m³
2026-09-21 19:00:00+00:00,6494236,Bali - Canggu - Padang Linjong,17286751,26.9,µg/m³
2026-09-21 20:00:00+00:00,6494236,Bali - Canggu - Padang Linjong,17286751,33.3,µg/m³
2026-09-21 21:00:00+00:00,6494236,Bali - Canggu - Padang Linjong,17286751,50.4,µg/m³
2026-09-21 22:00:00+00:00,6494236,Bali - Canggu - Padang Linjong,17286751,51.6,µg/m³
2026-09-21 23:00:00+00:00,6494236,Bali - Canggu - Padang Linjong,17286751,56.7,µg/m³
2026-09-22 00:00:00+00:00,6494236,Bali - Canggu - Padang Linjong,17286751,46.4,µg/m³
2026-09-22 01:00:00+00:00,6494236,Bali - Canggu - Padang Linjong,17286751,38.2,µg/m³
2026-09-22 02:00:00+00:00,6494236,Bali - Canggu - Padang Linjong,17286751,34.1,µg/m³
2026-09-22 03:00:00+00:00,6494236,Bali - Canggu - Padang Linjong,17286751,34.0,µg/m³
2026-09-22 04:00:00+00:00,6494236,Bali - Canggu - Padang Linjong,17286751,30.0,µg/m³
2026-09-22 05:00:00+00:00,6494236,Bali - Canggu - Padang Linjong,17286751,29.7,µg/m³
2026-09-22 06:00:00+00:00,6494236,Bali - Canggu - Padang Linjong,17286751,29.6,µg/m³
2026-09-22 07:00:00+00:00,6494236,Bali - Canggu - Padang Linjong,17286751,30.0,µg/m³
2026-09-22 08:00:00+00:00,6494236,Bali - Canggu - Padang Linjong,17286751,32.7,µg/m³
2026-09-22 09:00:00+00:00,6494236,Bali - Canggu - Padang Linjong,17286751,35.2,µg/m³
2026-09-22 10:00:00+00:00,6494236,Bali - Canggu - Padang Linjong,17286751,38.0,µg/m³
2026-09-22 11:00:00+00:00,6494236,Bali - Canggu - Padang Linjong,17286751,38.8,µg/m³
2026-09-22 12:00:00+00:00,6494236,Bali - Canggu - Padang Linjong,17286751,36.1,µg/m³
2026-09-22 13:00:00+00:00,6494236,Bali - Canggu - Padang Linjong,17286751,35.5,µg/m³
2026-09-22 14:00:00+00:00,6494236,Bali - Canggu - Padang Linjong,17286751,34.4,µg/m³
2026-09-22 15:00:00+00:00,6494236,Bali - Canggu - Padang Linjong,17286751,32.9,µg/m³
2026-09-22 16:00:00+00:00,6494236,Bali - Canggu - Padang Linjong,17286751,31.7,µg/m³
2026-09-22 17:00:00+00:00,6494236,Bali - Canggu - Padang Linjong,17286751,28.2,µg/m³
2026-09-22 18:00:00+00:00,6494236,Bali - Canggu - Padang Linjong,17286751,26.0,µg/m³
2026-09-22 19:00:00+00:00,6494236,Bali - Canggu - Padang Linjong,17286751,23.7,µg/m³
2026-09-22 20:00:00+00:00,6494236,Bali - Canggu - Padang Linjong,17286751,25.5,µg/m³
2026-09-22 21:00:00+00:00,6494236,Bali - Canggu - Padang Linjong,17286751,36.5,µg/m³
2026-09-22 22:00:00+00:00,6494236,Bali - Canggu - Padang Linjong,17286751,55.3,µg/m³
2026-09-22 23:00:00+00:00,6494236,Bali - Canggu - Padang Linjong,17286751,75.8,µg/m³
2026-09-23 00:00:00+00:00,6494236,Bali - Canggu - Padang Linjong,17286751,49.6,µg/m³
2026-09-23 01:00:00+00:00,6494236,Bali - Canggu - Padang Linjong,17286751,32.3,µg/m³
2026-09-23 02:00:00+00:00,6494236,Bali - Canggu - Padang Linjong,17286751,29.8,µg/m³
2026-09-23 03:00:00+00:00,6494236,Bali - Canggu - Padang Linjong,17286751,30.0,µg/m³
2026-09-23 04:00:00+00:00,6494236,Bali - Canggu - Padang Linjong,17286751,28.7,µg/m³
2026-09-23 05:00:00+00:00,6494236,Bali - Canggu - Padang Linjong,17286751,26.7,µg/m³
2026-09-23 06:00:00+00:00,6494236,Bali - Canggu - Padang Linjong,17286751,26.2,µg/m³
2026-09-23 07:00:00+00:00,6494236,Bali - Canggu - Padang Linjong,17286751,26.4,µg/m³
2026-09-23 08:00:00+00:00,6494236,Bali - Canggu - Padang Linjong,17286751,30.6,µg/m³
2026-09-23 09:00:00+00:00,6494236,Bali - Canggu - Padang Linjong,17286751,32.0,µg/m³
2026-09-23 10:00:00+00:00,6494236,Bali - Canggu - Padang Linjong,17286751,35.1,µg/m³
2026-09-23 11:00:00+00:00,6494236,Bali - Canggu - Padang Linjong,17286751,38.0,µg/m³
2026-09-23 12:00:00+00:00,6494236,Bali - Canggu - Padang Linjong,17286751,35.4,µg/m³
2026-09-23 13:00:00+00:00,6494236,Bali - Canggu - Padang Linjong,17286751,35.4,µg/m³
2026-09-23 14:00:00+00:00,6494236,Bali - Canggu - Padang Linjong,17286751,35.0,µg/m³
2026-09-23 15:00:00+00:00,6494236,Bali - Canggu - Padang Linjong,17286751,37.2,µg/m³
2026-09-23 16:00:00+00:00,6494236,Bali - Canggu - Padang Linjong,17286751,83.7,µg/m³
2026-09-23 17:00:00+00:00,6494236,Bali - Canggu - Padang Linjong,17286751,93.5,µg/m³
2026-09-23 18:00:00+00:00,6494236,Bali - Canggu - Padang Linjong,17286751,60.2,µg/m³
2026-09-23 19:00:00+00:00,6494236,Bali - Canggu - Padang Linjong,17286751,48.2,µg/m³
2026-09-23 20:00:00+00:00,6494236,Bali - Canggu - Padang Linjong,17286751,43.8,µg/m³
2026-09-23 21:00:00+00:00,6494236,Bali - Canggu - Padang Linjong,17286751,45.9,µg/m³
2026-09-23 22:00:00+00:00,6494236,Bali - Canggu - Padang Linjong,17286751,54.8,µg/m³
2026-09-23 23:00:00+00:00,6494236,Bali - Canggu - Padang Linjong,17286751,84.8,µg/m³
2026-09-24 00:00:00+00:00,6494236,Bali - Canggu - Padang Linjong,17286751,47.6,µg/m³
2026-09-24 01:00:00+00:00,6494236,Bali - Canggu - Padang Linjong,17286751,34.1,µg/m³
2026-09-24 02:00:00+00:00,6494236,Bali - Canggu - Padang Linjong,17286751,31.4,µg/m³
2026-09-24 03:00:00+00:00,6494236,Bali - Canggu - Padang Linjong,17286751,32.7,µg/m³
2026-09-24 04:00:00+00:00,6494236,Bali - Canggu - Padang Linjong,17286751,31.4,µg/m³
2026-09-24 05:00:00+00:00,6494236,Bali - Canggu - Padang Linjong,17286751,29.3,µg/m³
2026-09-24 06:00:00+00:00,6494236,Bali - Canggu - Padang Linjong,17286751,29.9,µg/m³
2026-09-24 07:00:00+00:00,6494236,Bali - Canggu - Padang Linjong,17286751,45.6,µg/m³
2026-09-24 08:00:00+00:00,6494236,Bali - Canggu - Padang Linjong,17286751,44.6,µg/m³
2026-09-24 09:00:00+00:00,6494236,Bali - Canggu - Padang Linjong,17286751,37.0,µg/m³
2026-09-24 10:00:00+00:00,6494236,Bali - Canggu - Padang Linjong,17286751,42.9,µg/m³
2026-09-24 11:00:00+00:00,6494236,Bali - Canggu - Padang Linjong,17286751,37.8,µg/m³
2026-09-24 12:00:00+00:00,6494236,Bali - Canggu - Padang Linjong,17286751,35.9,µg/m³
2026-09-24 13:00:00+00:00,6494236,Bali - Canggu - Padang Linjong,17286751,34.7,µg/m³
2026-09-24 14:00:00+00:00,6494236,Bali - Canggu - Padang Linjong,17286751,32.0,µg/m³
2026-09-24 15:00:00+00:00,6494236,Bali - Canggu - Padang Linjong,17286751,28.0,µg/m³
2026-09-24 16:00:00+00:00,6494236,Bali - Canggu - Padang Linjong,17286751,27.0,µg/m³
2026-09-24 17:00:00+00:00,6494236,Bali - Canggu - Padang Linjong,17286751,25.5,µg/m³
2026-09-24 18:00:00+00:00,6494236,Bali - Canggu - Padang Linjong,17286751,24.9,µg/m³
2026-09-24 19:00:00+00:00,6494236,Bali - Canggu - Padang Linjong,17286751,24.1,µg/m³
2026-09-24 20:00:00+00:00,6494236,Bali - Canggu - Padang Linjong,17286751,25.0,µg/m³
2026-09-24 21:00:00+00:00,6494236,Bali - Canggu - Padang Linjong,17286751,28.4,µg/m³
2026-09-24 22:00:00+00:00,6494236,Bali - Canggu - Padang Linjong,17286751,52.7,µg/m³
2026-09-24 23:00:00+00:00,6494236,Bali - Canggu - Padang Linjong,17286751,75.6,µg/m³
2026-09-25 00:00:00+00:00,6494236,Bali - Canggu - Padang Linjong,17286751,54.7,µg/m³
2026-09-25 01:00:00+00:00,6494236,Bali - Canggu - Padang Linjong,17286751,44.4,µg/m³
2026-09-25 02:00:00+00:00,6494236,Bali - Canggu - Padang Linjong,17286751,38.4,µg/m³
2026-09-25 03:00:00+00:00,6494236,Bali - Canggu - Padang Linjong,17286751,35.8,µg/m³
2026-09-25 04:00:00+00:00,6494236,Bali - Canggu - Padang Linjong,17286751,30.8,µg/m³
2026-09-25 05:00:00+00:00,6494236,Bali - Canggu - Padang Linjong,17286751,29.4,µg/m³
2026-09-25 06:00:00+00:00,6494236,Bali - Canggu - Padang Linjong,17286751,30.2,µg/m³
2026-09-25 07:00:00+00:00,6494236,Bali - Canggu - Padang Linjong,17286751,30.5,µg/m³
2026-09-25 08:00:00+00:00,6494236,Bali - Canggu - Padang Linjong,17286751,29.7,µg/m³
2026-09-25 09:00:00+00:00,6494236,Bali - Canggu - Padang Linjong,17286751,31.3,µg/m³
2026-09-25 10:00:00+00:00,6494236,Bali - Canggu - Padang Linjong,17286751,36.6,µg/m³
2026-09-25 11:00:00+00:00,6494236,Bali - Canggu - Padang Linjong,17286751,41.7,µg/m³
2026-09-25 12:00:00+00:00,6494236,Bali - Canggu - Padang Linjong,17286751,40.2,µg/m³
2026-09-25 13:00:00+00:00,6494236,Bali - Canggu - Padang Linjong,17286751,70.1,µg/m³
2026-09-25 14:00:00+00:00,6494236,Bali - Canggu - Padang Linjong,17286751,93.6,µg/m³
2026-09-25 15:00:00+00:00,6494236,Bali - Canggu - Padang Linjong,17286751,35.3,µg/m³
2026-09-25 16:00:00+00:00,6494236,Bali - Canggu - Padang Linjong,17286751,31.6,µg/m³
2026-09-25 17:00:00+00:00,6494236,Bali - Canggu - Padang Linjong,17286751,30.0,µg/m³
2026-09-25 18:00:00+00:00,6494236,Bali - Canggu - Padang Linjong,17286751,28.8,µg/m³
2026-09-25 19:00:00+00:00,6494236,Bali - Canggu - Padang Linjong,17286751,44.3,µg/m³
2026-09-25 20:00:00+00:00,6494236,Bali - Canggu - Padang Linjong,17286751,49.5,µg/m³
2026-09-25 21:00:00+00:00,6494236,Bali - Canggu - Padang Linjong,17286751,47.7,µg/m³
2026-09-25 22:00:00+00:00,6494236,Bali - Canggu - Padang Linjong,17286751,62.8,µg/m³
2026-09-25 23:00:00+00:00,6494236,Bali - Canggu - Padang Linjong,17286751,74.9,µg/m³
2026-09-26 00:00:00+00:00,6494236,Bali - Canggu - Padang Linjong,17286751,68.8,µg/m³
2026-09-26 01:00:00+00:00,6494236,Bali - Canggu - Padang Linjong,17286751,56.8,µg/m³
2026-09-26 02:00:00+00:00,6494236,Bali - Canggu - Padang Linjong,17286751,38.6,µg/m³
2026-09-26 03:00:00+00:00,6494236,Bali - Canggu - Padang Linjong,17286751,33.7,µg/m³
2026-09-26 04:00:00+00:00,6494236,Bali - Canggu - Padang Linjong,17286751,28.7,µg/m³
2026-09-26 05:00:00+00:00,6494236,Bali - Canggu - Padang Linjong,17286751,25.7,µg/m³
2026-09-26 06:00:00+00:00,6494236,Bali - Canggu - Padang Linjong,17286751,26.0,µg/m³
2026-09-26 07:00:00+00:00,6494236,Bali - Canggu - Padang Linjong,17286751,31.3,µg/m³
2026-09-26 08:00:00+00:00,6494236,Bali - Canggu - Padang Linjong,17286751,31.0,µg/m³
2026-09-26 09:00:00+00:00,6494236,Bali - Canggu - Padang Linjong,17286751,32.5,µg/m³
2026-09-26 10:00:00+00:00,6494236,Bali - Canggu - Padang Linjong,17286751,35.9,µg/m³
2026-09-26 11:00:00+00:00,6494236,Bali - Canggu - Padang Linjong,17286751,36.0,µg/m³
2026-09-26 12:00:00+00:00,6494236,Bali - Canggu - Padang Linjong,17286751,35.9,µg/m³
2026-09-26 13:00:00+00:00,6494236,Bali - Canggu - Padang Linjong,17286751,53.6,µg/m³
2026-09-26 14:00:00+00:00,6494236,Bali - Canggu - Padang Linjong,17286751,61.6,µg/m³
2026-09-26 15:00:00+00:00,6494236,Bali - Canggu - Padang Linjong,17286751,74.8,µg/m³
2026-09-26 16:00:00+00:00,6494236,Bali - Canggu - Padang Linjong,17286751,124.0,µg/m³
2026-09-26 17:00:00+00:00,6494236,Bali - Canggu - Padang Linjong,17286751,83.3,µg/m³
2026-09-26 18:00:00+00:00,6494236,Bali - Canggu - Padang Linjong,17286751,66.0,µg/m³
2026-09-26 19:00:00+00:00,6494236,Bali - Canggu - Padang Linjong,17286751,55.0,µg/m³
2026-09-26 20:00:00+00:00,6494236,Bali - Canggu - Padang Linjong,17286751,48.8,µg/m³
2026-09-26 21:00:00+00:00,6494236,Bali - Canggu - Padang Linjong,17286751,47.1,µg/m³
2026-09-26 22:00:00+00:00,6494236,Bali - Canggu - Padang Linjong,17286751,48.7,µg/m³
2026-09-26 23:00:00+00:00,6494236,Bali - Canggu - Padang Linjong,17286751,118.0,µg/m³
2026-09-27 00:00:00+00:00,6494236,Bali - Canggu - Padang Linjong,17286751,91.7,µg/m³
2026-09-27 01:00:00+00:00,6494236,Bali - Canggu - Padang Linjong,17286751,59.2,µg/m³
2026-09-27 02:00:00+00:00,6494236,Bali - Canggu - Padang Linjong,17286751,43.7,µg/m³
2026-09-27 03:00:00+00:00,6494236,Bali - Canggu - Padang Linjong,17286751,36.0,µg/m³
2026-09-27 04:00:00+00:00,6494236,Bali - Canggu - Padang Linjong,17286751,32.2,µg/m³
2026-09-27 05:00:00+00:00,6494236,Bali - Canggu - Padang Linjong,17286751,28.9,µg/m³
2026-09-27 06:00:00+00:00,6494236,Bali - Canggu - Padang Linjong,17286751,28.3,µg/m³
2026-09-27 07:00:00+00:00,6494236,Bali - Canggu - Padang Linjong,17286751,29.7,µg/m³
2026-09-27 08:00:00+00:00,6494236,Bali - Canggu - Padang Linjong,17286751,33.6,µg/m³
2026-09-27 09:00:00+00:00,6494236,Bali - Canggu - Padang Linjong,17286751,34.5,µg/m³
2026-09-27 10:00:00+00:00,6494236,Bali - Canggu - Padang Linjong,17286751,40.0,µg/m³
2026-09-27 11:00:00+00:00,6494236,Bali - Canggu - Padang Linjong,17286751,40.3,µg/m³
2026-09-27 12:00:00+00:00,6494236,Bali - Canggu - Padang Linjong,17286751,41.1,µg/m³
2026-09-27 13:00:00+00:00,6494236,Bali - Canggu - Padang Linjong,17286751,40.5,µg/m³
2026-09-27 14:00:00+00:00,6494236,Bali - Canggu - Padang Linjong,17286751,35.0,µg/m³
2026-09-27 15:00:00+00:00,6494236,Bali - Canggu - Padang Linjong,17286751,35.9,µg/m³
2026-09-27 16:00:00+00:00,6494236,Bali - Canggu - Padang Linjong,17286751,39.5,µg/m³
2026-09-27 17:00:00+00:00,6494236,Bali - Canggu - Padang Linjong,17286751,48.7,µg/m³
2026-09-27 18:00:00+00:00,6494236,Bali - Canggu - Padang Linjong,17286751,57.6,µg/m³
2026-09-27 19:00:00+00:00,6494236,Bali - Canggu - Padang Linjong,17286751,52.4,µg/m³
2026-09-27 20:00:00+00:00,6494236,Bali - Canggu - Padang Linjong,17286751,46.2,µg/m³
2026-09-27 21:00:00+00:00,6494236,Bali - Canggu - Padang Linjong,17286751,45.9,µg/m³
2026-09-27 22:00:00+00:00,6494236,Bali - Canggu - Padang Linjong,17286751,50.8,µg/m³
2026-09-27 23:00:00+00:00,6494236,Bali - Canggu - Padang Linjong,17286751,76.0,µg/m³
2026-08-29 00:00:00+00:00,6489590,Sibang Eco Village Car Park,17252598,58.8,µg/m³
2026-08-29 01:00:00+00:00,6489590,Sibang Eco Village Car Park,17252598,46.5,µg/m³
2026-08-29 02:00:00+00:00,6489590,Sibang Eco Village Car Park,17252598,41.4,µg/m³
2026-08-29 03:00:00+00:00,6489590,Sibang Eco Village Car Park,17252598,37.9,µg/m³
2026-08-29 04:00:00+00:00,6489590,Sibang Eco Village Car Park,17252598,39.1,µg/m³
2026-08-29 05:00:00+00:00,6489590,Sibang Eco Village Car Park,17252598,35.0,µg/m³
2026-08-29 06:00:00+00:00,6489590,Sibang Eco Village Car Park,17252598,34.0,µg/m³
2026-08-29 07:00:00+00:00,6489590,Sibang Eco Village Car Park,17252598,34.3,µg/m³
2026-08-29 08:00:00+00:00,6489590,Sibang Eco Village Car Park,17252598,36.8,µg/m³
2026-08-29 09:00:00+00:00,6489590,Sibang Eco Village Car Park,17252598,39.9,µg/m³
2026-08-29 10:00:00+00:00,6489590,Sibang Eco Village Car Park,17252598,41.2,µg/m³
2026-08-29 11:00:00+00:00,6489590,Sibang Eco Village Car Park,17252598,43.1,µg/m³
2026-08-29 12:00:00+00:00,6489590,Sibang Eco Village Car Park,17252598,39.3,µg/m³
2026-08-29 13:00:00+00:00,6489590,Sibang Eco Village Car Park,17252598,40.5,µg/m³
2026-08-29 14:00:00+00:00,6489590,Sibang Eco Village Car Park,17252598,43.5,µg/m³
2026-08-29 15:00:00+00:00,6489590,Sibang Eco Village Car Park,17252598,49.7,µg/m³
2026-08-29 16:00:00+00:00,6489590,Sibang Eco Village Car Park,17252598,62.5,µg/m³
2026-08-29 17:00:00+00:00,6489590,Sibang Eco Village Car Park,17252598,55.8,µg/m³
2026-08-29 18:00:00+00:00,6489590,Sibang Eco Village Car Park,17252598,46.0,µg/m³
2026-08-29 19:00:00+00:00,6489590,Sibang Eco Village Car Park,17252598,38.0,µg/m³
2026-08-29 20:00:00+00:00,6489590,Sibang Eco Village Car Park,17252598,33.1,µg/m³
2026-08-29 21:00:00+00:00,6489590,Sibang Eco Village Car Park,17252598,33.2,µg/m³
2026-08-29 22:00:00+00:00,6489590,Sibang Eco Village Car Park,17252598,42.4,µg/m³
2026-08-29 23:00:00+00:00,6489590,Sibang Eco Village Car Park,17252598,56.7,µg/m³
2026-08-30 00:00:00+00:00,6489590,Sibang Eco Village Car Park,17252598,72.0,µg/m³
2026-08-30 01:00:00+00:00,6489590,Sibang Eco Village Car Park,17252598,44.9,µg/m³
2026-08-30 02:00:00+00:00,6489590,Sibang Eco Village Car Park,17252598,39.3,µg/m³
2026-08-30 03:00:00+00:00,6489590,Sibang Eco Village Car Park,17252598,35.6,µg/m³
2026-08-30 04:00:00+00:00,6489590,Sibang Eco Village Car Park,17252598,28.7,µg/m³
2026-08-30 05:00:00+00:00,6489590,Sibang Eco Village Car Park,17252598,23.8,µg/m³
2026-08-30 06:00:00+00:00,6489590,Sibang Eco Village Car Park,17252598,24.2,µg/m³
2026-08-30 07:00:00+00:00,6489590,Sibang Eco Village Car Park,17252598,23.6,µg/m³
2026-08-30 08:00:00+00:00,6489590,Sibang Eco Village Car Park,17252598,27.0,µg/m³
2026-08-30 09:00:00+00:00,6489590,Sibang Eco Village Car Park,17252598,29.7,µg/m³
2026-08-30 10:00:00+00:00,6489590,Sibang Eco Village Car Park,17252598,43.0,µg/m³
2026-08-30 11:00:00+00:00,6489590,Sibang Eco Village Car Park,17252598,50.5,µg/m³
2026-08-30 12:00:00+00:00,6489590,Sibang Eco Village Car Park,17252598,45.7,µg/m³
2026-08-30 13:00:00+00:00,6489590,Sibang Eco Village Car Park,17252598,63.2,µg/m³
2026-08-30 14:00:00+00:00,6489590,Sibang Eco Village Car Park,17252598,60.9,µg/m³
2026-08-30 15:00:00+00:00,6489590,Sibang Eco Village Car Park,17252598,101.0,µg/m³
2026-08-30 16:00:00+00:00,6489590,Sibang Eco Village Car Park,17252598,42.3,µg/m³
2026-08-30 17:00:00+00:00,6489590,Sibang Eco Village Car Park,17252598,34.8,µg/m³
2026-08-30 18:00:00+00:00,6489590,Sibang Eco Village Car Park,17252598,33.6,µg/m³
2026-08-30 19:00:00+00:00,6489590,Sibang Eco Village Car Park,17252598,32.4,µg/m³
2026-08-30 20:00:00+00:00,6489590,Sibang Eco Village Car Park,17252598,29.8,µg/m³
2026-08-30 21:00:00+00:00,6489590,Sibang Eco Village Car Park,17252598,35.8,µg/m³
2026-08-30 22:00:00+00:00,6489590,Sibang Eco Village Car Park,17252598,41.8,µg/m³
2026-08-30 23:00:00+00:00,6489590,Sibang Eco Village Car Park,17252598,55.9,µg/m³
2026-08-31 00:00:00+00:00,6489590,Sibang Eco Village Car Park,17252598,65.4,µg/m³
2026-08-31 01:00:00+00:00,6489590,Sibang Eco Village Car Park,17252598,42.5,µg/m³
2026-08-31 02:00:00+00:00,6489590,Sibang Eco Village Car Park,17252598,34.1,µg/m³
2026-08-31 03:00:00+00:00,6489590,Sibang Eco Village Car Park,17252598,35.8,µg/m³
2026-08-31 04:00:00+00:00,6489590,Sibang Eco Village Car Park,17252598,35.9,µg/m³
2026-08-31 05:00:00+00:00,6489590,Sibang Eco Village Car Park,17252598,24.9,µg/m³
2026-08-31 06:00:00+00:00,6489590,Sibang Eco Village Car Park,17252598,27.0,µg/m³
2026-08-31 07:00:00+00:00,6489590,Sibang Eco Village Car Park,17252598,29.6,µg/m³
2026-08-31 08:00:00+00:00,6489590,Sibang Eco Village Car Park,17252598,30.1,µg/m³
2026-08-31 09:00:00+00:00,6489590,Sibang Eco Village Car Park,17252598,34.7,µg/m³
2026-08-31 10:00:00+00:00,6489590,Sibang Eco Village Car Park,17252598,43.9,µg/m³
2026-08-31 11:00:00+00:00,6489590,Sibang Eco Village Car Park,17252598,39.3,µg/m³
2026-08-31 12:00:00+00:00,6489590,Sibang Eco Village Car Park,17252598,46.7,µg/m³
2026-08-31 13:00:00+00:00,6489590,Sibang Eco Village Car Park,17252598,57.7,µg/m³
2026-08-31 14:00:00+00:00,6489590,Sibang Eco Village Car Park,17252598,89.3,µg/m³
2026-08-31 15:00:00+00:00,6489590,Sibang Eco Village Car Park,17252598,50.9,µg/m³
2026-08-31 16:00:00+00:00,6489590,Sibang Eco Village Car Park,17252598,61.6,µg/m³
2026-08-31 17:00:00+00:00,6489590,Sibang Eco Village Car Park,17252598,46.6,µg/m³
2026-08-31 18:00:00+00:00,6489590,Sibang Eco Village Car Park,17252598,41.9,µg/m³
2026-08-31 19:00:00+00:00,6489590,Sibang Eco Village Car Park,17252598,40.7,µg/m³
2026-08-31 20:00:00+00:00,6489590,Sibang Eco Village Car Park,17252598,39.2,µg/m³
2026-08-31 21:00:00+00:00,6489590,Sibang Eco Village Car Park,17252598,42.0,µg/m³
2026-08-31 22:00:00+00:00,6489590,Sibang Eco Village Car Park,17252598,44.5,µg/m³
2026-08-31 23:00:00+00:00,6489590,Sibang Eco Village Car Park,17252598,58.2,µg/m³
2026-09-01 00:00:00+00:00,6489590,Sibang Eco Village Car Park,17252598,53.9,µg/m³
2026-09-01 01:00:00+00:00,6489590,Sibang Eco Village Car Park,17252598,33.4,µg/m³
2026-09-01 02:00:00+00:00,6489590,Sibang Eco Village Car Park,17252598,28.9,µg/m³
2026-09-01 03:00:00+00:00,6489590,Sibang Eco Village Car Park,17252598,24.8,µg/m³
2026-09-01 04:00:00+00:00,6489590,Sibang Eco Village Car Park,17252598,24.8,µg/m³
2026-09-01 05:00:00+00:00,6489590,Sibang Eco Village Car Park,17252598,21.2,µg/m³
2026-09-01 06:00:00+00:00,6489590,Sibang Eco Village Car Park,17252598,21.6,µg/m³
2026-09-01 07:00:00+00:00,6489590,Sibang Eco Village Car Park,17252598,23.4,µg/m³
2026-09-01 08:00:00+00:00,6489590,Sibang Eco Village Car Park,17252598,20.6,µg/m³
2026-09-01 09:00:00+00:00,6489590,Sibang Eco Village Car Park,17252598,28.8,µg/m³
2026-09-01 10:00:00+00:00,6489590,Sibang Eco Village Car Park,17252598,30.2,µg/m³
2026-09-01 11:00:00+00:00,6489590,Sibang Eco Village Car Park,17252598,28.4,µg/m³
2026-09-01 12:00:00+00:00,6489590,Sibang Eco Village Car Park,17252598,25.6,µg/m³
2026-09-01 13:00:00+00:00,6489590,Sibang Eco Village Car Park,17252598,22.8,µg/m³
2026-09-01 14:00:00+00:00,6489590,Sibang Eco Village Car Park,17252598,31.9,µg/m³
2026-09-01 15:00:00+00:00,6489590,Sibang Eco Village Car Park,17252598,35.5,µg/m³
2026-09-01 16:00:00+00:00,6489590,Sibang Eco Village Car Park,17252598,35.5,µg/m³
2026-09-01 17:00:00+00:00,6489590,Sibang Eco Village Car Park,17252598,38.5,µg/m³
2026-09-01 18:00:00+00:00,6489590,Sibang Eco Village Car Park,17252598,33.9,µg/m³
2026-09-01 19:00:00+00:00,6489590,Sibang Eco Village Car Park,17252598,26.7,µg/m³
2026-09-01 20:00:00+00:00,6489590,Sibang Eco Village Car Park,17252598,25.7,µg/m³
2026-09-01 21:00:00+00:00,6489590,Sibang Eco Village Car Park,17252598,28.6,µg/m³
2026-09-01 22:00:00+00:00,6489590,Sibang Eco Village Car Park,17252598,48.9,µg/m³
2026-09-01 23:00:00+00:00,6489590,Sibang Eco Village Car Park,17252598,55.9,µg/m³
2026-09-02 00:00:00+00:00,6489590,Sibang Eco Village Car Park,17252598,63.7,µg/m³
2026-09-02 01:00:00+00:00,6489590,Sibang Eco Village Car Park,17252598,42.6,µg/m³
2026-09-02 02:00:00+00:00,6489590,Sibang Eco Village Car Park,17252598,26.0,µg/m³
2026-09-02 03:00:00+00:00,6489590,Sibang Eco Village Car Park,17252598,22.3,µg/m³
2026-09-02 04:00:00+00:00,6489590,Sibang Eco Village Car Park,17252598,30.8,µg/m³
2026-09-02 05:00:00+00:00,6489590,Sibang Eco Village Car Park,17252598,26.1,µg/m³
2026-09-02 06:00:00+00:00,6489590,Sibang Eco Village Car Park,17252598,23.1,µg/m³
2026-09-02 07:00:00+00:00,6489590,Sibang Eco Village Car Park,17252598,19.6,µg/m³
2026-09-02 08:00:00+00:00,6489590,Sibang Eco Village Car Park,17252598,18.5,µg/m³
2026-09-02 09:00:00+00:00,6489590,Sibang Eco Village Car Park,17252598,20.4,µg/m³
2026-09-02 10:00:00+00:00,6489590,Sibang Eco Village Car Park,17252598,32.3,µg/m³
2026-09-02 11:00:00+00:00,6489590,Sibang Eco Village Car Park,17252598,25.7,µg/m³
2026-09-02 12:00:00+00:00,6489590,Sibang Eco Village Car Park,17252598,39.7,µg/m³
2026-09-02 13:00:00+00:00,6489590,Sibang Eco Village Car Park,17252598,17.3,µg/m³
2026-09-02 14:00:00+00:00,6489590,Sibang Eco Village Car Park,17252598,37.3,µg/m³
2026-09-02 15:00:00+00:00,6489590,Sibang Eco Village Car Park,17252598,23.2,µg/m³
2026-09-02 16:00:00+00:00,6489590,Sibang Eco Village Car Park,17252598,42.6,µg/m³
2026-09-02 17:00:00+00:00,6489590,Sibang Eco Village Car Park,17252598,40.4,µg/m³
2026-09-02 18:00:00+00:00,6489590,Sibang Eco Village Car Park,17252598,37.2,µg/m³
2026-09-02 19:00:00+00:00,6489590,Sibang Eco Village Car Park,17252598,34.6,µg/m³
2026-09-02 20:00:00+00:00,6489590,Sibang Eco Village Car Park,17252598,32.7,µg/m³
2026-09-02 21:00:00+00:00,6489590,Sibang Eco Village Car Park,17252598,29.6,µg/m³
2026-09-02 22:00:00+00:00,6489590,Sibang Eco Village Car Park,17252598,38.8,µg/m³
2026-09-02 23:00:00+00:00,6489590,Sibang Eco Village Car Park,17252598,55.7,µg/m³
2026-09-03 00:00:00+00:00,6489590,Sibang Eco Village Car Park,17252598,39.0,µg/m³
2026-09-03 01:00:00+00:00,6489590,Sibang Eco Village Car Park,17252598,27.1,µg/m³
2026-09-03 02:00:00+00:00,6489590,Sibang Eco Village Car Park,17252598,23.3,µg/m³
2026-09-03 03:00:00+00:00,6489590,Sibang Eco Village Car Park,17252598,18.9,µg/m³
2026-09-03 04:00:00+00:00,6489590,Sibang Eco Village Car Park,17252598,18.0,µg/m³
2026-09-03 05:00:00+00:00,6489590,Sibang Eco Village Car Park,17252598,18.0,µg/m³
2026-09-03 06:00:00+00:00,6489590,Sibang Eco Village Car Park,17252598,12.8,µg/m³
2026-09-03 07:00:00+00:00,6489590,Sibang Eco Village Car Park,17252598,16.7,µg/m³
2026-09-03 08:00:00+00:00,6489590,Sibang Eco Village Car Park,17252598,19.6,µg/m³
2026-09-03 09:00:00+00:00,6489590,Sibang Eco Village Car Park,17252598,21.7,µg/m³
2026-09-03 10:00:00+00:00,6489590,Sibang Eco Village Car Park,17252598,50.7,µg/m³
2026-09-03 11:00:00+00:00,6489590,Sibang Eco Village Car Park,17252598,55.4,µg/m³
2026-09-03 12:00:00+00:00,6489590,Sibang Eco Village Car Park,17252598,48.7,µg/m³
2026-09-03 13:00:00+00:00,6489590,Sibang Eco Village Car Park,17252598,33.7,µg/m³
2026-09-03 14:00:00+00:00,6489590,Sibang Eco Village Car Park,17252598,69.5,µg/m³
2026-09-03 15:00:00+00:00,6489590,Sibang Eco Village Car Park,17252598,49.6,µg/m³
2026-09-03 16:00:00+00:00,6489590,Sibang Eco Village Car Park,17252598,47.5,µg/m³
2026-09-03 17:00:00+00:00,6489590,Sibang Eco Village Car Park,17252598,45.0,µg/m³
2026-09-03 18:00:00+00:00,6489590,Sibang Eco Village Car Park,17252598,41.1,µg/m³
2026-09-03 19:00:00+00:00,6489590,Sibang Eco Village Car Park,17252598,34.6,µg/m³
2026-09-03 20:00:00+00:00,6489590,Sibang Eco Village Car Park,17252598,31.3,µg/m³
2026-09-03 21:00:00+00:00,6489590,Sibang Eco Village Car Park,17252598,34.9,µg/m³
2026-09-03 22:00:00+00:00,6489590,Sibang Eco Village Car Park,17252598,40.9,µg/m³
2026-09-03 23:00:00+00:00,6489590,Sibang Eco Village Car Park,17252598,46.7,µg/m³
2026-09-04 00:00:00+00:00,6489590,Sibang Eco Village Car Park,17252598,37.2,µg/m³
2026-09-04 01:00:00+00:00,6489590,Sibang Eco Village Car Park,17252598,24.2,µg/m³
2026-09-04 02:00:00+00:00,6489590,Sibang Eco Village Car Park,17252598,21.2,µg/m³
2026-09-04 03:00:00+00:00,6489590,Sibang Eco Village Car Park,17252598,22.5,µg/m³
2026-09-04 04:00:00+00:00,6489590,Sibang Eco Village Car Park,17252598,27.1,µg/m³
2026-09-04 05:00:00+00:00,6489590,Sibang Eco Village Car Park,17252598,14.6,µg/m³
2026-09-04 06:00:00+00:00,6489590,Sibang Eco Village Car Park,17252598,16.7,µg/m³
2026-09-04 07:00:00+00:00,6489590,Sibang Eco Village Car Park,17252598,19.7,µg/m³
2026-09-04 08:00:00+00:00,6489590,Sibang Eco Village Car Park,17252598,21.6,µg/m³
2026-09-04 09:00:00+00:00,6489590,Sibang Eco Village Car Park,17252598,26.7,µg/m³
2026-09-04 10:00:00+00:00,6489590,Sibang Eco Village Car Park,17252598,29.4,µg/m³
2026-09-04 11:00:00+00:00,6489590,Sibang Eco Village Car Park,17252598,67.6,µg/m³
2026-09-04 12:00:00+00:00,6489590,Sibang Eco Village Car Park,17252598,38.5,µg/m³
2026-09-04 13:00:00+00:00,6489590,Sibang Eco Village Car Park,17252598,48.0,µg/m³
2026-09-04 14:00:00+00:00,6489590,Sibang Eco Village Car Park,17252598,47.0,µg/m³
2026-09-04 15:00:00+00:00,6489590,Sibang Eco Village Car Park,17252598,43.9,µg/m³
2026-09-04 16:00:00+00:00,6489590,Sibang Eco Village Car Park,17252598,36.5,µg/m³
2026-09-04 17:00:00+00:00,6489590,Sibang Eco Village Car Park,17252598,34.8,µg/m³
2026-09-04 18:00:00+00:00,6489590,Sibang Eco Village Car Park,17252598,29.7,µg/m³
2026-09-04 19:00:00+00:00,6489590,Sibang Eco Village Car Park,17252598,25.4,µg/m³
2026-09-04 20:00:00+00:00,6489590,Sibang Eco Village Car Park,17252598,25.6,µg/m³
2026-09-04 21:00:00+00:00,6489590,Sibang Eco Village Car Park,17252598,21.1,µg/m³
2026-09-04 22:00:00+00:00,6489590,Sibang Eco Village Car Park,17252598,29.4,µg/m³
2026-09-04 23:00:00+00:00,6489590,Sibang Eco Village Car Park,17252598,46.2,µg/m³
2026-09-05 00:00:00+00:00,6489590,Sibang Eco Village Car Park,17252598,36.2,µg/m³
2026-09-05 01:00:00+00:00,6489590,Sibang Eco Village Car Park,17252598,21.5,µg/m³
2026-09-05 02:00:00+00:00,6489590,Sibang Eco Village Car Park,17252598,9.7,µg/m³
2026-09-05 03:00:00+00:00,6489590,Sibang Eco Village Car Park,17252598,22.9,µg/m³
2026-09-05 04:00:00+00:00,6489590,Sibang Eco Village Car Park,17252598,18.5,µg/m³
2026-09-05 05:00:00+00:00,6489590,Sibang Eco Village Car Park,17252598,32.5,µg/m³
2026-09-05 06:00:00+00:00,6489590,Sibang Eco Village Car Park,17252598,12.1,µg/m³
2026-09-05 07:00:00+00:00,6489590,Sibang Eco Village Car Park,17252598,9.7,µg/m³
2026-09-05 08:00:00+00:00,6489590,Sibang Eco Village Car Park,17252598,14.1,µg/m³
2026-09-05 09:00:00+00:00,6489590,Sibang Eco Village Car Park,17252598,16.0,µg/m³
2026-09-05 10:00:00+00:00,6489590,Sibang Eco Village Car Park,17252598,29.8,µg/m³
2026-09-05 11:00:00+00:00,6489590,Sibang Eco Village Car Park,17252598,27.5,µg/m³
2026-09-05 12:00:00+00:00,6489590,Sibang Eco Village Car Park,17252598,28.4,µg/m³
2026-09-05 13:00:00+00:00,6489590,Sibang Eco Village Car Park,17252598,36.9,µg/m³
2026-09-05 14:00:00+00:00,6489590,Sibang Eco Village Car Park,17252598,37.5,µg/m³
2026-09-05 15:00:00+00:00,6489590,Sibang Eco Village Car Park,17252598,37.6,µg/m³
2026-09-05 16:00:00+00:00,6489590,Sibang Eco Village Car Park,17252598,37.0,µg/m³
2026-09-05 17:00:00+00:00,6489590,Sibang Eco Village Car Park,17252598,32.7,µg/m³
2026-09-05 18:00:00+00:00,6489590,Sibang Eco Village Car Park,17252598,33.0,µg/m³
2026-09-05 19:00:00+00:00,6489590,Sibang Eco Village Car Park,17252598,27.4,µg/m³
2026-09-05 20:00:00+00:00,6489590,Sibang Eco Village Car Park,17252598,23.9,µg/m³
2026-09-05 21:00:00+00:00,6489590,Sibang Eco Village Car Park,17252598,23.4,µg/m³
2026-09-05 22:00:00+00:00,6489590,Sibang Eco Village Car Park,17252598,28.4,µg/m³
2026-09-05 23:00:00+00:00,6489590,Sibang Eco Village Car Park,17252598,72.7,µg/m³
2026-09-06 00:00:00+00:00,6489590,Sibang Eco Village Car Park,17252598,108.0,µg/m³
2026-09-06 01:00:00+00:00,6489590,Sibang Eco Village Car Park,17252598,66.9,µg/m³
2026-09-06 02:00:00+00:00,6489590,Sibang Eco Village Car Park,17252598,21.8,µg/m³
2026-09-06 03:00:00+00:00,6489590,Sibang Eco Village Car Park,17252598,18.6,µg/m³
2026-09-06 04:00:00+00:00,6489590,Sibang Eco Village Car Park,17252598,26.5,µg/m³
2026-09-06 05:00:00+00:00,6489590,Sibang Eco Village Car Park,17252598,8.0,µg/m³
2026-09-06 06:00:00+00:00,6489590,Sibang Eco Village Car Park,17252598,14.3,µg/m³
2026-09-06 07:00:00+00:00,6489590,Sibang Eco Village Car Park,17252598,9.1,µg/m³
2026-09-06 08:00:00+00:00,6489590,Sibang Eco Village Car Park,17252598,10.9,µg/m³
2026-09-06 09:00:00+00:00,6489590,Sibang Eco Village Car Park,17252598,13.5,µg/m³
2026-09-06 10:00:00+00:00,6489590,Sibang Eco Village Car Park,17252598,38.3,µg/m³
2026-09-06 11:00:00+00:00,6489590,Sibang Eco Village Car Park,17252598,28.8,µg/m³
2026-09-06 12:00:00+00:00,6489590,Sibang Eco Village Car Park,17252598,64.3,µg/m³
2026-09-06 13:00:00+00:00,6489590,Sibang Eco Village Car Park,17252598,36.1,µg/m³
2026-09-06 14:00:00+00:00,6489590,Sibang Eco Village Car Park,17252598,43.4,µg/m³
2026-09-06 15:00:00+00:00,6489590,Sibang Eco Village Car Park,17252598,35.9,µg/m³
2026-09-06 16:00:00+00:00,6489590,Sibang Eco Village Car Park,17252598,33.2,µg/m³
2026-09-06 17:00:00+00:00,6489590,Sibang Eco Village Car Park,17252598,28.2,µg/m³
2026-09-06 18:00:00+00:00,6489590,Sibang Eco Village Car Park,17252598,24.9,µg/m³
2026-09-06 19:00:00+00:00,6489590,Sibang Eco Village Car Park,17252598,23.9,µg/m³
2026-09-06 20:00:00+00:00,6489590,Sibang Eco Village Car Park,17252598,24.5,µg/m³
2026-09-06 21:00:00+00:00,6489590,Sibang Eco Village Car Park,17252598,30.1,µg/m³
2026-09-06 22:00:00+00:00,6489590,Sibang Eco Village Car Park,17252598,43.2,µg/m³
2026-09-06 23:00:00+00:00,6489590,Sibang Eco Village Car Park,17252598,51.5,µg/m³
2026-09-07 00:00:00+00:00,6489590,Sibang Eco Village Car Park,17252598,48.3,µg/m³
2026-09-07 01:00:00+00:00,6489590,Sibang Eco Village Car Park,17252598,22.4,µg/m³
2026-09-07 02:00:00+00:00,6489590,Sibang Eco Village Car Park,17252598,13.0,µg/m³
2026-09-07 03:00:00+00:00,6489590,Sibang Eco Village Car Park,17252598,10.7,µg/m³
2026-09-07 04:00:00+00:00,6489590,Sibang Eco Village Car Park,17252598,7.3,µg/m³
2026-09-07 05:00:00+00:00,6489590,Sibang Eco Village Car Park,17252598,14.2,µg/m³
2026-09-07 06:00:00+00:00,6489590,Sibang Eco Village Car Park,17252598,18.1,µg/m³
2026-09-07 07:00:00+00:00,6489590,Sibang Eco Village Car Park,17252598,26.5,µg/m³
2026-09-07 08:00:00+00:00,6489590,Sibang Eco Village Car Park,17252598,20.8,µg/m³
2026-09-07 09:00:00+00:00,6489590,Sibang Eco Village Car Park,17252598,31.1,µg/m³
2026-09-07 10:00:00+00:00,6489590,Sibang Eco Village Car Park,17252598,36.5,µg/m³
2026-09-07 11:00:00+00:00,6489590,Sibang Eco Village Car Park,17252598,26.4,µg/m³
2026-09-07 12:00:00+00:00,6489590,Sibang Eco Village Car Park,17252598,26.9,µg/m³
2026-09-07 13:00:00+00:00,6489590,Sibang Eco Village Car Park,17252598,14.3,µg/m³
2026-09-07 14:00:00+00:00,6489590,Sibang Eco Village Car Park,17252598,12.9,µg/m³
2026-09-07 15:00:00+00:00,6489590,Sibang Eco Village Car Park,17252598,31.1,µg/m³
2026-09-07 16:00:00+00:00,6489590,Sibang Eco Village Car Park,17252598,10.2,µg/m³
2026-09-07 17:00:00+00:00,6489590,Sibang Eco Village Car Park,17252598,7.3,µg/m³
2026-09-07 18:00:00+00:00,6489590,Sibang Eco Village Car Park,17252598,10.6,µg/m³
2026-09-07 19:00:00+00:00,6489590,Sibang Eco Village Car Park,17252598,20.5,µg/m³
2026-09-07 20:00:00+00:00,6489590,Sibang Eco Village Car Park,17252598,20.1,µg/m³
2026-09-07 21:00:00+00:00,6489590,Sibang Eco Village Car Park,17252598,29.1,µg/m³
2026-09-07 22:00:00+00:00,6489590,Sibang Eco Village Car Park,17252598,35.6,µg/m³
2026-09-07 23:00:00+00:00,6489590,Sibang Eco Village Car Park,17252598,49.0,µg/m³
2026-09-08 00:00:00+00:00,6489590,Sibang Eco Village Car Park,17252598,29.4,µg/m³
2026-09-08 01:00:00+00:00,6489590,Sibang Eco Village Car Park,17252598,33.5,µg/m³
2026-09-08 02:00:00+00:00,6489590,Sibang Eco Village Car Park,17252598,20.8,µg/m³
2026-09-08 03:00:00+00:00,6489590,Sibang Eco Village Car Park,17252598,13.8,µg/m³
2026-09-08 04:00:00+00:00,6489590,Sibang Eco Village Car Park,17252598,28.2,µg/m³
2026-09-08 05:00:00+00:00,6489590,Sibang Eco Village Car Park,17252598,14.9,µg/m³
2026-09-08 06:00:00+00:00,6489590,Sibang Eco Village Car Park,17252598,8.8,µg/m³
2026-09-08 07:00:00+00:00,6489590,Sibang Eco Village Car Park,17252598,8.5,µg/m³
2026-09-08 08:00:00+00:00,6489590,Sibang Eco Village Car Park,17252598,12.4,µg/m³
2026-09-08 09:00:00+00:00,6489590,Sibang Eco Village Car Park,17252598,26.0,µg/m³
2026-09-08 10:00:00+00:00,6489590,Sibang Eco Village Car Park,17252598,29.2,µg/m³
2026-09-08 11:00:00+00:00,6489590,Sibang Eco Village Car Park,17252598,25.1,µg/m³
2026-09-08 12:00:00+00:00,6489590,Sibang Eco Village Car Park,17252598,34.0,µg/m³
2026-09-08 13:00:00+00:00,6489590,Sibang Eco Village Car Park,17252598,29.1,µg/m³
2026-09-08 14:00:00+00:00,6489590,Sibang Eco Village Car Park,17252598,23.9,µg/m³
2026-09-08 15:00:00+00:00,6489590,Sibang Eco Village Car Park,17252598,8.1,µg/m³
2026-09-08 16:00:00+00:00,6489590,Sibang Eco Village Car Park,17252598,5.9,µg/m³
2026-09-08 17:00:00+00:00,6489590,Sibang Eco Village Car Park,17252598,5.3,µg/m³
2026-09-08 18:00:00+00:00,6489590,Sibang Eco Village Car Park,17252598,5.3,µg/m³
2026-09-08 19:00:00+00:00,6489590,Sibang Eco Village Car Park,17252598,5.8,µg/m³
2026-09-08 20:00:00+00:00,6489590,Sibang Eco Village Car Park,17252598,6.1,µg/m³
2026-09-08 21:00:00+00:00,6489590,Sibang Eco Village Car Park,17252598,11.4,µg/m³
2026-09-08 22:00:00+00:00,6489590,Sibang Eco Village Car Park,17252598,23.6,µg/m³
2026-09-08 23:00:00+00:00,6489590,Sibang Eco Village Car Park,17252598,29.3,µg/m³
2026-09-09 00:00:00+00:00,6489590,Sibang Eco Village Car Park,17252598,22.2,µg/m³
2026-09-09 01:00:00+00:00,6489590,Sibang Eco Village Car Park,17252598,29.6,µg/m³
2026-09-09 02:00:00+00:00,6489590,Sibang Eco Village Car Park,17252598,11.6,µg/m³
2026-09-09 03:00:00+00:00,6489590,Sibang Eco Village Car Park,17252598,10.8,µg/m³
2026-09-09 04:00:00+00:00,6489590,Sibang Eco Village Car Park,17252598,11.2,µg/m³
2026-09-09 05:00:00+00:00,6489590,Sibang Eco Village Car Park,17252598,10.4,µg/m³
2026-09-09 06:00:00+00:00,6489590,Sibang Eco Village Car Park,17252598,7.3,µg/m³
2026-09-09 07:00:00+00:00,6489590,Sibang Eco Village Car Park,17252598,8.0,µg/m³
2026-09-09 08:00:00+00:00,6489590,Sibang Eco Village Car Park,17252598,8.2,µg/m³
2026-09-09 09:00:00+00:00,6489590,Sibang Eco Village Car Park,17252598,36.3,µg/m³
2026-09-09 10:00:00+00:00,6489590,Sibang Eco Village Car Park,17252598,44.4,µg/m³
2026-09-09 11:00:00+00:00,6489590,Sibang Eco Village Car Park,17252598,24.4,µg/m³
2026-09-09 12:00:00+00:00,6489590,Sibang Eco Village Car Park,17252598,19.6,µg/m³
2026-09-09 13:00:00+00:00,6489590,Sibang Eco Village Car Park,17252598,44.8,µg/m³
2026-09-09 14:00:00+00:00,6489590,Sibang Eco Village Car Park,17252598,39.2,µg/m³
2026-09-09 15:00:00+00:00,6489590,Sibang Eco Village Car Park,17252598,27.9,µg/m³
2026-09-09 16:00:00+00:00,6489590,Sibang Eco Village Car Park,17252598,37.1,µg/m³
2026-09-09 17:00:00+00:00,6489590,Sibang Eco Village Car Park,17252598,16.8,µg/m³
2026-09-09 18:00:00+00:00,6489590,Sibang Eco Village Car Park,17252598,16.6,µg/m³
2026-09-09 19:00:00+00:00,6489590,Sibang Eco Village Car Park,17252598,22.0,µg/m³
2026-09-09 20:00:00+00:00,6489590,Sibang Eco Village Car Park,17252598,26.2,µg/m³
2026-09-09 21:00:00+00:00,6489590,Sibang Eco Village Car Park,17252598,35.3,µg/m³
2026-09-09 22:00:00+00:00,6489590,Sibang Eco Village Car Park,17252598,45.7,µg/m³
2026-09-09 23:00:00+00:00,6489590,Sibang Eco Village Car Park,17252598,63.9,µg/m³
2026-09-10 00:00:00+00:00,6489590,Sibang Eco Village Car Park,17252598,52.0,µg/m³
2026-09-10 01:00:00+00:00,6489590,Sibang Eco Village Car Park,17252598,26.9,µg/m³
2026-09-10 02:00:00+00:00,6489590,Sibang Eco Village Car Park,17252598,34.1,µg/m³
2026-09-10 03:00:00+00:00,6489590,Sibang Eco Village Car Park,17252598,17.4,µg/m³
2026-09-10 04:00:00+00:00,6489590,Sibang Eco Village Car Park,17252598,17.2,µg/m³
2026-09-10 05:00:00+00:00,6489590,Sibang Eco Village Car Park,17252598,15.6,µg/m³
2026-09-10 06:00:00+00:00,6489590,Sibang Eco Village Car Park,17252598,16.0,µg/m³
2026-09-10 07:00:00+00:00,6489590,Sibang Eco Village Car Park,17252598,22.5,µg/m³
2026-09-10 08:00:00+00:00,6489590,Sibang Eco Village Car Park,17252598,22.1,µg/m³
2026-09-10 09:00:00+00:00,6489590,Sibang Eco Village Car Park,17252598,31.0,µg/m³
2026-09-10 10:00:00+00:00,6489590,Sibang Eco Village Car Park,17252598,38.2,µg/m³
2026-09-10 11:00:00+00:00,6489590,Sibang Eco Village Car Park,17252598,34.2,µg/m³
2026-09-10 12:00:00+00:00,6489590,Sibang Eco Village Car Park,17252598,30.7,µg/m³
2026-09-10 13:00:00+00:00,6489590,Sibang Eco Village Car Park,17252598,27.5,µg/m³
2026-09-10 14:00:00+00:00,6489590,Sibang Eco Village Car Park,17252598,29.8,µg/m³
2026-09-10 15:00:00+00:00,6489590,Sibang Eco Village Car Park,17252598,34.2,µg/m³
2026-09-10 16:00:00+00:00,6489590,Sibang Eco Village Car Park,17252598,42.0,µg/m³
2026-09-10 17:00:00+00:00,6489590,Sibang Eco Village Car Park,17252598,42.3,µg/m³
2026-09-10 18:00:00+00:00,6489590,Sibang Eco Village Car Park,17252598,39.5,µg/m³
2026-09-10 19:00:00+00:00,6489590,Sibang Eco Village Car Park,17252598,39.5,µg/m³
2026-09-10 20:00:00+00:00,6489590,Sibang Eco Village Car Park,17252598,39.6,µg/m³
2026-09-10 21:00:00+00:00,6489590,Sibang Eco Village Car Park,17252598,42.3,µg/m³
2026-09-10 22:00:00+00:00,6489590,Sibang Eco Village Car Park,17252598,57.4,µg/m³
2026-09-10 23:00:00+00:00,6489590,Sibang Eco Village Car Park,17252598,82.4,µg/m³
2026-09-11 00:00:00+00:00,6489590,Sibang Eco Village Car Park,17252598,39.5,µg/m³
2026-09-11 01:00:00+00:00,6489590,Sibang Eco Village Car Park,17252598,34.1,µg/m³
2026-09-11 02:00:00+00:00,6489590,Sibang Eco Village Car Park,17252598,31.9,µg/m³
2026-09-11 03:00:00+00:00,6489590,Sibang Eco Village Car Park,17252598,27.6,µg/m³
2026-09-11 04:00:00+00:00,6489590,Sibang Eco Village Car Park,17252598,27.7,µg/m³
2026-09-11 05:00:00+00:00,6489590,Sibang Eco Village Car Park,17252598,24.3,µg/m³
2026-09-11 06:00:00+00:00,6489590,Sibang Eco Village Car Park,17252598,23.5,µg/m³
2026-09-11 07:00:00+00:00,6489590,Sibang Eco Village Car Park,17252598,23.5,µg/m³
2026-09-11 08:00:00+00:00,6489590,Sibang Eco Village Car Park,17252598,24.4,µg/m³
2026-09-11 09:00:00+00:00,6489590,Sibang Eco Village Car Park,17252598,26.5,µg/m³
2026-09-11 10:00:00+00:00,6489590,Sibang Eco Village Car Park,17252598,41.3,µg/m³
2026-09-11 11:00:00+00:00,6489590,Sibang Eco Village Car Park,17252598,38.1,µg/m³
2026-09-11 12:00:00+00:00,6489590,Sibang Eco Village Car Park,17252598,36.9,µg/m³
2026-09-11 13:00:00+00:00,6489590,Sibang Eco Village Car Park,17252598,24.1,µg/m³
2026-09-11 14:00:00+00:00,6489590,Sibang Eco Village Car Park,17252598,33.3,µg/m³
2026-09-11 15:00:00+00:00,6489590,Sibang Eco Village Car Park,17252598,28.7,µg/m³
2026-09-11 16:00:00+00:00,6489590,Sibang Eco Village Car Park,17252598,43.6,µg/m³
2026-09-11 17:00:00+00:00,6489590,Sibang Eco Village Car Park,17252598,37.6,µg/m³
2026-09-11 18:00:00+00:00,6489590,Sibang Eco Village Car Park,17252598,40.4,µg/m³
2026-09-11 19:00:00+00:00,6489590,Sibang Eco Village Car Park,17252598,39.2,µg/m³
2026-09-11 20:00:00+00:00,6489590,Sibang Eco Village Car Park,17252598,36.1,µg/m³
2026-09-11 21:00:00+00:00,6489590,Sibang Eco Village Car Park,17252598,41.4,µg/m³
2026-09-11 22:00:00+00:00,6489590,Sibang Eco Village Car Park,17252598,47.9,µg/m³
2026-09-11 23:00:00+00:00,6489590,Sibang Eco Village Car Park,17252598,79.6,µg/m³
2026-09-12 00:00:00+00:00,6489590,Sibang Eco Village Car Park,17252598,49.0,µg/m³
2026-09-12 01:00:00+00:00,6489590,Sibang Eco Village Car Park,17252598,28.3,µg/m³
2026-09-12 02:00:00+00:00,6489590,Sibang Eco Village Car Park,17252598,23.8,µg/m³
2026-09-12 03:00:00+00:00,6489590,Sibang Eco Village Car Park,17252598,25.8,µg/m³
2026-09-12 04:00:00+00:00,6489590,Sibang Eco Village Car Park,17252598,20.1,µg/m³
2026-09-12 05:00:00+00:00,6489590,Sibang Eco Village Car Park,17252598,18.7,µg/m³
2026-09-12 06:00:00+00:00,6489590,Sibang Eco Village Car Park,17252598,21.9,µg/m³
2026-09-12 07:00:00+00:00,6489590,Sibang Eco Village Car Park,17252598,24.2,µg/m³
2026-09-12 08:00:00+00:00,6489590,Sibang Eco Village Car Park,17252598,26.3,µg/m³
2026-09-12 09:00:00+00:00,6489590,Sibang Eco Village Car Park,17252598,31.1,µg/m³
2026-09-12 10:00:00+00:00,6489590,Sibang Eco Village Car Park,17252598,43.9,µg/m³
2026-09-12 11:00:00+00:00,6489590,Sibang Eco Village Car Park,17252598,48.8,µg/m³
2026-09-12 12:00:00+00:00,6489590,Sibang Eco Village Car Park,17252598,42.0,µg/m³
2026-09-12 13:00:00+00:00,6489590,Sibang Eco Village Car Park,17252598,42.4,µg/m³
2026-09-12 14:00:00+00:00,6489590,Sibang Eco Village Car Park,17252598,31.7,µg/m³
2026-09-12 15:00:00+00:00,6489590,Sibang Eco Village Car Park,17252598,27.7,µg/m³
2026-09-12 16:00:00+00:00,6489590,Sibang Eco Village Car Park,17252598,27.1,µg/m³
2026-09-12 17:00:00+00:00,6489590,Sibang Eco Village Car Park,17252598,28.2,µg/m³
2026-09-12 18:00:00+00:00,6489590,Sibang Eco Village Car Park,17252598,35.5,µg/m³
2026-09-12 19:00:00+00:00,6489590,Sibang Eco Village Car Park,17252598,41.7,µg/m³
2026-09-12 20:00:00+00:00,6489590,Sibang Eco Village Car Park,17252598,39.3,µg/m³
2026-09-12 21:00:00+00:00,6489590,Sibang Eco Village Car Park,17252598,39.8,µg/m³
2026-09-12 22:00:00+00:00,6489590,Sibang Eco Village Car Park,17252598,46.2,µg/m³
2026-09-12 23:00:00+00:00,6489590,Sibang Eco Village Car Park,17252598,60.2,µg/m³
2026-09-13 00:00:00+00:00,6489590,Sibang Eco Village Car Park,17252598,44.5,µg/m³
2026-09-13 01:00:00+00:00,6489590,Sibang Eco Village Car Park,17252598,45.1,µg/m³
2026-09-13 02:00:00+00:00,6489590,Sibang Eco Village Car Park,17252598,29.5,µg/m³
2026-09-13 03:00:00+00:00,6489590,Sibang Eco Village Car Park,17252598,27.3,µg/m³
2026-09-13 04:00:00+00:00,6489590,Sibang Eco Village Car Park,17252598,25.7,µg/m³
2026-09-13 05:00:00+00:00,6489590,Sibang Eco Village Car Park,17252598,27.1,µg/m³
2026-09-13 06:00:00+00:00,6489590,Sibang Eco Village Car Park,17252598,29.8,µg/m³
2026-09-13 07:00:00+00:00,6489590,Sibang Eco Village Car Park,17252598,33.7,µg/m³
2026-09-13 08:00:00+00:00,6489590,Sibang Eco Village Car Park,17252598,28.3,µg/m³
2026-09-13 09:00:00+00:00,6489590,Sibang Eco Village Car Park,17252598,33.9,µg/m³
2026-09-13 10:00:00+00:00,6489590,Sibang Eco Village Car Park,17252598,40.6,µg/m³
2026-09-13 11:00:00+00:00,6489590,Sibang Eco Village Car Park,17252598,55.5,µg/m³
2026-09-13 12:00:00+00:00,6489590,Sibang Eco Village Car Park,17252598,28.0,µg/m³
2026-09-13 13:00:00+00:00,6489590,Sibang Eco Village Car Park,17252598,40.0,µg/m³
2026-09-13 14:00:00+00:00,6489590,Sibang Eco Village Car Park,17252598,49.8,µg/m³
2026-09-13 15:00:00+00:00,6489590,Sibang Eco Village Car Park,17252598,35.1,µg/m³
2026-09-13 16:00:00+00:00,6489590,Sibang Eco Village Car Park,17252598,42.5,µg/m³
2026-09-13 17:00:00+00:00,6489590,Sibang Eco Village Car Park,17252598,41.1,µg/m³
2026-09-13 18:00:00+00:00,6489590,Sibang Eco Village Car Park,17252598,36.1,µg/m³
2026-09-13 19:00:00+00:00,6489590,Sibang Eco Village Car Park,17252598,21.4,µg/m³
2026-09-13 20:00:00+00:00,6489590,Sibang Eco Village Car Park,17252598,13.2,µg/m³
2026-09-13 21:00:00+00:00,6489590,Sibang Eco Village Car Park,17252598,19.4,µg/m³
2026-09-13 22:00:00+00:00,6489590,Sibang Eco Village Car Park,17252598,34.7,µg/m³
2026-09-13 23:00:00+00:00,6489590,Sibang Eco Village Car Park,17252598,46.3,µg/m³
2026-09-14 00:00:00+00:00,6489590,Sibang Eco Village Car Park,17252598,38.4,µg/m³
2026-09-14 01:00:00+00:00,6489590,Sibang Eco Village Car Park,17252598,29.2,µg/m³
2026-09-14 02:00:00+00:00,6489590,Sibang Eco Village Car Park,17252598,25.2,µg/m³
2026-09-14 03:00:00+00:00,6489590,Sibang Eco Village Car Park,17252598,20.7,µg/m³
2026-09-14 04:00:00+00:00,6489590,Sibang Eco Village Car Park,17252598,15.8,µg/m³
2026-09-14 05:00:00+00:00,6489590,Sibang Eco Village Car Park,17252598,11.6,µg/m³
2026-09-14 06:00:00+00:00,6489590,Sibang Eco Village Car Park,17252598,15.2,µg/m³
2026-09-14 07:00:00+00:00,6489590,Sibang Eco Village Car Park,17252598,14.3,µg/m³
2026-09-14 08:00:00+00:00,6489590,Sibang Eco Village Car Park,17252598,18.2,µg/m³
2026-09-14 09:00:00+00:00,6489590,Sibang Eco Village Car Park,17252598,23.2,µg/m³
2026-09-14 10:00:00+00:00,6489590,Sibang Eco Village Car Park,17252598,32.5,µg/m³
2026-09-14 11:00:00+00:00,6489590,Sibang Eco Village Car Park,17252598,63.4,µg/m³
2026-09-14 12:00:00+00:00,6489590,Sibang Eco Village Car Park,17252598,32.1,µg/m³
2026-09-14 13:00:00+00:00,6489590,Sibang Eco Village Car Park,17252598,21.4,µg/m³
2026-09-14 14:00:00+00:00,6489590,Sibang Eco Village Car Park,17252598,39.2,µg/m³
2026-09-14 15:00:00+00:00,6489590,Sibang Eco Village Car Park,17252598,12.0,µg/m³
2026-09-14 16:00:00+00:00,6489590,Sibang Eco Village Car Park,17252598,58.8,µg/m³
2026-09-14 17:00:00+00:00,6489590,Sibang Eco Village Car Park,17252598,11.6,µg/m³
2026-09-14 18:00:00+00:00,6489590,Sibang Eco Village Car Park,17252598,20.5,µg/m³
2026-09-14 19:00:00+00:00,6489590,Sibang Eco Village Car Park,17252598,22.5,µg/m³
2026-09-14 20:00:00+00:00,6489590,Sibang Eco Village Car Park,17252598,16.9,µg/m³
2026-09-14 21:00:00+00:00,6489590,Sibang Eco Village Car Park,17252598,24.0,µg/m³
2026-09-14 22:00:00+00:00,6489590,Sibang Eco Village Car Park,17252598,37.6,µg/m³
2026-09-14 23:00:00+00:00,6489590,Sibang Eco Village Car Park,17252598,44.0,µg/m³
2026-09-15 00:00:00+00:00,6489590,Sibang Eco Village Car Park,17252598,34.0,µg/m³
2026-09-15 01:00:00+00:00,6489590,Sibang Eco Village Car Park,17252598,29.4,µg/m³
2026-09-15 02:00:00+00:00,6489590,Sibang Eco Village Car Park,17252598,23.3,µg/m³
2026-09-15 03:00:00+00:00,6489590,Sibang Eco Village Car Park,17252598,13.4,µg/m³
2026-09-15 04:00:00+00:00,6489590,Sibang Eco Village Car Park,17252598,27.9,µg/m³
2026-09-15 05:00:00+00:00,6489590,Sibang Eco Village Car Park,17252598,16.7,µg/m³
2026-09-15 06:00:00+00:00,6489590,Sibang Eco Village Car Park,17252598,8.2,µg/m³
2026-09-15 07:00:00+00:00,6489590,Sibang Eco Village Car Park,17252598,13.1,µg/m³
2026-09-15 08:00:00+00:00,6489590,Sibang Eco Village Car Park,17252598,21.0,µg/m³
2026-09-15 09:00:00+00:00,6489590,Sibang Eco Village Car Park,17252598,11.8,µg/m³
2026-09-15 10:00:00+00:00,6489590,Sibang Eco Village Car Park,17252598,56.4,µg/m³
2026-09-15 11:00:00+00:00,6489590,Sibang Eco Village Car Park,17252598,50.3,µg/m³
2026-09-15 12:00:00+00:00,6489590,Sibang Eco Village Car Park,17252598,23.6,µg/m³
2026-09-15 13:00:00+00:00,6489590,Sibang Eco Village Car Park,17252598,64.7,µg/m³
2026-09-15 14:00:00+00:00,6489590,Sibang Eco Village Car Park,17252598,42.8,µg/m³
2026-09-15 15:00:00+00:00,6489590,Sibang Eco Village Car Park,17252598,31.9,µg/m³
2026-09-15 16:00:00+00:00,6489590,Sibang Eco Village Car Park,17252598,36.2,µg/m³
2026-09-15 17:00:00+00:00,6489590,Sibang Eco Village Car Park,17252598,34.1,µg/m³
2026-09-15 18:00:00+00:00,6489590,Sibang Eco Village Car Park,17252598,31.4,µg/m³
2026-09-15 19:00:00+00:00,6489590,Sibang Eco Village Car Park,17252598,31.7,µg/m³
2026-09-15 20:00:00+00:00,6489590,Sibang Eco Village Car Park,17252598,30.0,µg/m³
2026-09-15 21:00:00+00:00,6489590,Sibang Eco Village Car Park,17252598,30.0,µg/m³
2026-09-15 22:00:00+00:00,6489590,Sibang Eco Village Car Park,17252598,33.5,µg/m³
2026-09-15 23:00:00+00:00,6489590,Sibang Eco Village Car Park,17252598,45.0,µg/m³
2026-09-16 00:00:00+00:00,6489590,Sibang Eco Village Car Park,17252598,28.6,µg/m³
2026-09-16 01:00:00+00:00,6489590,Sibang Eco Village Car Park,17252598,21.1,µg/m³
2026-09-16 02:00:00+00:00,6489590,Sibang Eco Village Car Park,17252598,21.9,µg/m³
2026-09-16 03:00:00+00:00,6489590,Sibang Eco Village Car Park,17252598,21.6,µg/m³
2026-09-16 04:00:00+00:00,6489590,Sibang Eco Village Car Park,17252598,22.4,µg/m³
2026-09-16 05:00:00+00:00,6489590,Sibang Eco Village Car Park,17252598,13.9,µg/m³
2026-09-16 06:00:00+00:00,6489590,Sibang Eco Village Car Park,17252598,12.7,µg/m³
2026-09-16 07:00:00+00:00,6489590,Sibang Eco Village Car Park,17252598,9.1,µg/m³
2026-09-16 08:00:00+00:00,6489590,Sibang Eco Village Car Park,17252598,10.3,µg/m³
2026-09-16 09:00:00+00:00,6489590,Sibang Eco Village Car Park,17252598,22.1,µg/m³
2026-09-16 10:00:00+00:00,6489590,Sibang Eco Village Car Park,17252598,20.1,µg/m³
2026-09-16 11:00:00+00:00,6489590,Sibang Eco Village Car Park,17252598,18.2,µg/m³
2026-09-16 12:00:00+00:00,6489590,Sibang Eco Village Car Park,17252598,43.7,µg/m³
2026-09-16 13:00:00+00:00,6489590,Sibang Eco Village Car Park,17252598,49.5,µg/m³
2026-09-16 14:00:00+00:00,6489590,Sibang Eco Village Car Park,17252598,39.5,µg/m³
2026-09-16 15:00:00+00:00,6489590,Sibang Eco Village Car Park,17252598,14.5,µg/m³
2026-09-16 16:00:00+00:00,6489590,Sibang Eco Village Car Park,17252598,13.6,µg/m³
2026-09-16 17:00:00+00:00,6489590,Sibang Eco Village Car Park,17252598,21.2,µg/m³
2026-09-16 18:00:00+00:00,6489590,Sibang Eco Village Car Park,17252598,8.7,µg/m³
2026-09-16 19:00:00+00:00,6489590,Sibang Eco Village Car Park,17252598,6.0,µg/m³
2026-09-16 20:00:00+00:00,6489590,Sibang Eco Village Car Park,17252598,5.6,µg/m³
2026-09-16 21:00:00+00:00,6489590,Sibang Eco Village Car Park,17252598,20.7,µg/m³
2026-09-16 22:00:00+00:00,6489590,Sibang Eco Village Car Park,17252598,38.1,µg/m³
2026-09-16 23:00:00+00:00,6489590,Sibang Eco Village Car Park,17252598,51.2,µg/m³
2026-09-17 00:00:00+00:00,6489590,Sibang Eco Village Car Park,17252598,31.0,µg/m³
2026-09-17 01:00:00+00:00,6489590,Sibang Eco Village Car Park,17252598,28.7,µg/m³
2026-09-17 02:00:00+00:00,6489590,Sibang Eco Village Car Park,17252598,23.1,µg/m³
2026-09-17 03:00:00+00:00,6489590,Sibang Eco Village Car Park,17252598,18.1,µg/m³
2026-09-17 04:00:00+00:00,6489590,Sibang Eco Village Car Park,17252598,27.2,µg/m³
2026-09-17 05:00:00+00:00,6489590,Sibang Eco Village Car Park,17252598,15.0,µg/m³
2026-09-17 06:00:00+00:00,6489590,Sibang Eco Village Car Park,17252598,12.7,µg/m³
2026-09-17 07:00:00+00:00,6489590,Sibang Eco Village Car Park,17252598,16.1,µg/m³
2026-09-17 08:00:00+00:00,6489590,Sibang Eco Village Car Park,17252598,17.4,µg/m³
2026-09-17 09:00:00+00:00,6489590,Sibang Eco Village Car Park,17252598,26.5,µg/m³
2026-09-17 10:00:00+00:00,6489590,Sibang Eco Village Car Park,17252598,96.4,µg/m³
2026-09-17 11:00:00+00:00,6489590,Sibang Eco Village Car Park,17252598,94.8,µg/m³
2026-09-17 12:00:00+00:00,6489590,Sibang Eco Village Car Park,17252598,49.4,µg/m³
2026-09-17 13:00:00+00:00,6489590,Sibang Eco Village Car Park,17252598,31.6,µg/m³
2026-09-17 14:00:00+00:00,6489590,Sibang Eco Village Car Park,17252598,35.5,µg/m³
2026-09-17 15:00:00+00:00,6489590,Sibang Eco Village Car Park,17252598,59.7,µg/m³
2026-09-17 16:00:00+00:00,6489590,Sibang Eco Village Car Park,17252598,52.5,µg/m³
2026-09-17 17:00:00+00:00,6489590,Sibang Eco Village Car Park,17252598,41.2,µg/m³
2026-09-17 18:00:00+00:00,6489590,Sibang Eco Village Car Park,17252598,39.1,µg/m³
2026-09-17 19:00:00+00:00,6489590,Sibang Eco Village Car Park,17252598,34.2,µg/m³
2026-09-17 20:00:00+00:00,6489590,Sibang Eco Village Car Park,17252598,37.9,µg/m³
2026-09-17 21:00:00+00:00,6489590,Sibang Eco Village Car Park,17252598,44.2,µg/m³
2026-09-17 22:00:00+00:00,6489590,Sibang Eco Village Car Park,17252598,41.9,µg/m³
2026-09-17 23:00:00+00:00,6489590,Sibang Eco Village Car Park,17252598,69.9,µg/m³
2026-09-18 00:00:00+00:00,6489590,Sibang Eco Village Car Park,17252598,53.4,µg/m³
2026-09-18 01:00:00+00:00,6489590,Sibang Eco Village Car Park,17252598,35.5,µg/m³
2026-09-18 02:00:00+00:00,6489590,Sibang Eco Village Car Park,17252598,33.9,µg/m³
2026-09-18 03:00:00+00:00,6489590,Sibang Eco Village Car Park,17252598,31.8,µg/m³
2026-09-18 04:00:00+00:00,6489590,Sibang Eco Village Car Park,17252598,29.4,µg/m³
2026-09-18 05:00:00+00:00,6489590,Sibang Eco Village Car Park,17252598,17.5,µg/m³
2026-09-18 06:00:00+00:00,6489590,Sibang Eco Village Car Park,17252598,17.4,µg/m³
2026-09-18 07:00:00+00:00,6489590,Sibang Eco Village Car Park,17252598,20.4,µg/m³
2026-09-18 08:00:00+00:00,6489590,Sibang Eco Village Car Park,17252598,24.4,µg/m³
2026-09-18 09:00:00+00:00,6489590,Sibang Eco Village Car Park,17252598,31.2,µg/m³
2026-09-18 10:00:00+00:00,6489590,Sibang Eco Village Car Park,17252598,68.1,µg/m³
2026-09-18 11:00:00+00:00,6489590,Sibang Eco Village Car Park,17252598,78.3,µg/m³
2026-09-18 12:00:00+00:00,6489590,Sibang Eco Village Car Park,17252598,56.4,µg/m³
2026-09-18 13:00:00+00:00,6489590,Sibang Eco Village Car Park,17252598,53.1,µg/m³
2026-09-18 14:00:00+00:00,6489590,Sibang Eco Village Car Park,17252598,42.3,µg/m³
2026-09-18 15:00:00+00:00,6489590,Sibang Eco Village Car Park,17252598,39.9,µg/m³
2026-09-18 16:00:00+00:00,6489590,Sibang Eco Village Car Park,17252598,25.1,µg/m³
2026-09-18 17:00:00+00:00,6489590,Sibang Eco Village Car Park,17252598,22.1,µg/m³
2026-09-18 18:00:00+00:00,6489590,Sibang Eco Village Car Park,17252598,23.0,µg/m³
2026-09-18 19:00:00+00:00,6489590,Sibang Eco Village Car Park,17252598,35.3,µg/m³
2026-09-18 20:00:00+00:00,6489590,Sibang Eco Village Car Park,17252598,44.7,µg/m³
2026-09-18 21:00:00+00:00,6489590,Sibang Eco Village Car Park,17252598,44.2,µg/m³
2026-09-18 22:00:00+00:00,6489590,Sibang Eco Village Car Park,17252598,46.9,µg/m³
2026-09-18 23:00:00+00:00,6489590,Sibang Eco Village Car Park,17252598,61.5,µg/m³
2026-09-19 00:00:00+00:00,6489590,Sibang Eco Village Car Park,17252598,38.5,µg/m³
2026-09-19 01:00:00+00:00,6489590,Sibang Eco Village Car Park,17252598,31.0,µg/m³
2026-09-19 02:00:00+00:00,6489590,Sibang Eco Village Car Park,17252598,29.4,µg/m³
2026-09-19 03:00:00+00:00,6489590,Sibang Eco Village Car Park,17252598,25.2,µg/m³
2026-09-19 04:00:00+00:00,6489590,Sibang Eco Village Car Park,17252598,32.1,µg/m³
2026-09-19 05:00:00+00:00,6489590,Sibang Eco Village Car Park,17252598,20.0,µg/m³
2026-09-19 06:00:00+00:00,6489590,Sibang Eco Village Car Park,17252598,21.0,µg/m³
2026-09-19 07:00:00+00:00,6489590,Sibang Eco Village Car Park,17252598,22.5,µg/m³
2026-09-19 08:00:00+00:00,6489590,Sibang Eco Village Car Park,17252598,35.5,µg/m³
2026-09-19 09:00:00+00:00,6489590,Sibang Eco Village Car Park,17252598,29.7,µg/m³
2026-09-19 10:00:00+00:00,6489590,Sibang Eco Village Car Park,17252598,69.8,µg/m³
2026-09-19 11:00:00+00:00,6489590,Sibang Eco Village Car Park,17252598,42.0,µg/m³
2026-09-19 12:00:00+00:00,6489590,Sibang Eco Village Car Park,17252598,33.2,µg/m³
2026-09-19 13:00:00+00:00,6489590,Sibang Eco Village Car Park,17252598,31.5,µg/m³
2026-09-19 14:00:00+00:00,6489590,Sibang Eco Village Car Park,17252598,35.4,µg/m³
2026-09-19 15:00:00+00:00,6489590,Sibang Eco Village Car Park,17252598,36.6,µg/m³
2026-09-19 16:00:00+00:00,6489590,Sibang Eco Village Car Park,17252598,41.3,µg/m³
2026-09-19 17:00:00+00:00,6489590,Sibang Eco Village Car Park,17252598,56.8,µg/m³
2026-09-19 18:00:00+00:00,6489590,Sibang Eco Village Car Park,17252598,42.9,µg/m³
2026-09-19 19:00:00+00:00,6489590,Sibang Eco Village Car Park,17252598,52.5,µg/m³
2026-09-19 20:00:00+00:00,6489590,Sibang Eco Village Car Park,17252598,60.4,µg/m³
2026-09-19 21:00:00+00:00,6489590,Sibang Eco Village Car Park,17252598,49.3,µg/m³
2026-09-19 22:00:00+00:00,6489590,Sibang Eco Village Car Park,17252598,49.1,µg/m³
2026-09-19 23:00:00+00:00,6489590,Sibang Eco Village Car Park,17252598,79.5,µg/m³
2026-09-20 00:00:00+00:00,6489590,Sibang Eco Village Car Park,17252598,48.7,µg/m³
2026-09-20 01:00:00+00:00,6489590,Sibang Eco Village Car Park,17252598,30.1,µg/m³
2026-09-20 02:00:00+00:00,6489590,Sibang Eco Village Car Park,17252598,37.3,µg/m³
2026-09-20 03:00:00+00:00,6489590,Sibang Eco Village Car Park,17252598,31.3,µg/m³
2026-09-20 04:00:00+00:00,6489590,Sibang Eco Village Car Park,17252598,27.7,µg/m³
2026-09-20 05:00:00+00:00,6489590,Sibang Eco Village Car Park,17252598,34.4,µg/m³
2026-09-20 06:00:00+00:00,6489590,Sibang Eco Village Car Park,17252598,32.9,µg/m³
2026-09-20 07:00:00+00:00,6489590,Sibang Eco Village Car Park,17252598,21.3,µg/m³
2026-09-20 08:00:00+00:00,6489590,Sibang Eco Village Car Park,17252598,24.4,µg/m³
2026-09-20 09:00:00+00:00,6489590,Sibang Eco Village Car Park,17252598,35.3,µg/m³
2026-09-20 10:00:00+00:00,6489590,Sibang Eco Village Car Park,17252598,45.7,µg/m³
2026-09-20 11:00:00+00:00,6489590,Sibang Eco Village Car Park,17252598,48.8,µg/m³
2026-09-20 12:00:00+00:00,6489590,Sibang Eco Village Car Park,17252598,35.2,µg/m³
2026-09-20 13:00:00+00:00,6489590,Sibang Eco Village Car Park,17252598,32.7,µg/m³
2026-09-20 14:00:00+00:00,6489590,Sibang Eco Village Car Park,17252598,38.4,µg/m³
2026-09-20 15:00:00+00:00,6489590,Sibang Eco Village Car Park,17252598,45.2,µg/m³
2026-09-20 16:00:00+00:00,6489590,Sibang Eco Village Car Park,17252598,44.1,µg/m³
2026-09-20 17:00:00+00:00,6489590,Sibang Eco Village Car Park,17252598,57.7,µg/m³
2026-09-20 18:00:00+00:00,6489590,Sibang Eco Village Car Park,17252598,47.0,µg/m³
2026-09-20 19:00:00+00:00,6489590,Sibang Eco Village Car Park,17252598,46.9,µg/m³
2026-09-20 20:00:00+00:00,6489590,Sibang Eco Village Car Park,17252598,42.7,µg/m³
2026-09-20 21:00:00+00:00,6489590,Sibang Eco Village Car Park,17252598,40.5,µg/m³
2026-09-20 22:00:00+00:00,6489590,Sibang Eco Village Car Park,17252598,45.4,µg/m³
2026-09-20 23:00:00+00:00,6489590,Sibang Eco Village Car Park,17252598,68.4,µg/m³
2026-09-21 00:00:00+00:00,6489590,Sibang Eco Village Car Park,17252598,47.7,µg/m³
2026-09-21 01:00:00+00:00,6489590,Sibang Eco Village Car Park,17252598,37.2,µg/m³
2026-09-21 02:00:00+00:00,6489590,Sibang Eco Village Car Park,17252598,31.8,µg/m³
2026-09-21 03:00:00+00:00,6489590,Sibang Eco Village Car Park,17252598,27.6,µg/m³
2026-09-21 04:00:00+00:00,6489590,Sibang Eco Village Car Park,17252598,25.5,µg/m³
2026-09-21 05:00:00+00:00,6489590,Sibang Eco Village Car Park,17252598,23.4,µg/m³
2026-09-21 06:00:00+00:00,6489590,Sibang Eco Village Car Park,17252598,25.8,µg/m³
2026-09-21 07:00:00+00:00,6489590,Sibang Eco Village Car Park,17252598,28.6,µg/m³
2026-09-21 08:00:00+00:00,6489590,Sibang Eco Village Car Park,17252598,39.0,µg/m³
2026-09-21 09:00:00+00:00,6489590,Sibang Eco Village Car Park,17252598,30.7,µg/m³
2026-09-21 10:00:00+00:00,6489590,Sibang Eco Village Car Park,17252598,48.4,µg/m³
2026-09-21 11:00:00+00:00,6489590,Sibang Eco Village Car Park,17252598,55.7,µg/m³
2026-09-21 12:00:00+00:00,6489590,Sibang Eco Village Car Park,17252598,44.1,µg/m³
2026-09-21 13:00:00+00:00,6489590,Sibang Eco Village Car Park,17252598,42.3,µg/m³
2026-09-21 14:00:00+00:00,6489590,Sibang Eco Village Car Park,17252598,48.9,µg/m³
2026-09-21 15:00:00+00:00,6489590,Sibang Eco Village Car Park,17252598,41.6,µg/m³
2026-09-21 16:00:00+00:00,6489590,Sibang Eco Village Car Park,17252598,45.1,µg/m³
2026-09-21 17:00:00+00:00,6489590,Sibang Eco Village Car Park,17252598,27.4,µg/m³
2026-09-21 18:00:00+00:00,6489590,Sibang Eco Village Car Park,17252598,33.3,µg/m³
2026-09-21 19:00:00+00:00,6489590,Sibang Eco Village Car Park,17252598,44.3,µg/m³
2026-09-21 20:00:00+00:00,6489590,Sibang Eco Village Car Park,17252598,42.7,µg/m³
2026-09-21 21:00:00+00:00,6489590,Sibang Eco Village Car Park,17252598,41.4,µg/m³
2026-09-21 22:00:00+00:00,6489590,Sibang Eco Village Car Park,17252598,43.5,µg/m³
2026-09-21 23:00:00+00:00,6489590,Sibang Eco Village Car Park,17252598,59.0,µg/m³
2026-09-22 00:00:00+00:00,6489590,Sibang Eco Village Car Park,17252598,47.0,µg/m³
2026-09-22 01:00:00+00:00,6489590,Sibang Eco Village Car Park,17252598,35.3,µg/m³
2026-09-22 02:00:00+00:00,6489590,Sibang Eco Village Car Park,17252598,32.4,µg/m³
2026-09-22 03:00:00+00:00,6489590,Sibang Eco Village Car Park,17252598,31.4,µg/m³
2026-09-22 04:00:00+00:00,6489590,Sibang Eco Village Car Park,17252598,30.5,µg/m³
2026-09-22 05:00:00+00:00,6489590,Sibang Eco Village Car Park,17252598,27.3,µg/m³
2026-09-22 06:00:00+00:00,6489590,Sibang Eco Village Car Park,17252598,31.0,µg/m³
2026-09-22 07:00:00+00:00,6489590,Sibang Eco Village Car Park,17252598,31.8,µg/m³
2026-09-22 08:00:00+00:00,6489590,Sibang Eco Village Car Park,17252598,34.3,µg/m³
2026-09-22 09:00:00+00:00,6489590,Sibang Eco Village Car Park,17252598,52.7,µg/m³
2026-09-22 10:00:00+00:00,6489590,Sibang Eco Village Car Park,17252598,58.4,µg/m³
2026-09-22 11:00:00+00:00,6489590,Sibang Eco Village Car Park,17252598,48.8,µg/m³
2026-09-22 12:00:00+00:00,6489590,Sibang Eco Village Car Park,17252598,60.4,µg/m³
2026-09-22 13:00:00+00:00,6489590,Sibang Eco Village Car Park,17252598,44.9,µg/m³
2026-09-22 14:00:00+00:00,6489590,Sibang Eco Village Car Park,17252598,46.5,µg/m³
2026-09-22 15:00:00+00:00,6489590,Sibang Eco Village Car Park,17252598,40.1,µg/m³
2026-09-22 16:00:00+00:00,6489590,Sibang Eco Village Car Park,17252598,40.2,µg/m³
2026-09-22 17:00:00+00:00,6489590,Sibang Eco Village Car Park,17252598,43.3,µg/m³
2026-09-22 18:00:00+00:00,6489590,Sibang Eco Village Car Park,17252598,42.8,µg/m³
2026-09-22 19:00:00+00:00,6489590,Sibang Eco Village Car Park,17252598,46.9,µg/m³
2026-09-22 20:00:00+00:00,6489590,Sibang Eco Village Car Park,17252598,46.8,µg/m³
2026-09-22 21:00:00+00:00,6489590,Sibang Eco Village Car Park,17252598,47.2,µg/m³
2026-09-22 22:00:00+00:00,6489590,Sibang Eco Village Car Park,17252598,50.3,µg/m³
2026-09-22 23:00:00+00:00,6489590,Sibang Eco Village Car Park,17252598,54.0,µg/m³
2026-09-23 00:00:00+00:00,6489590,Sibang Eco Village Car Park,17252598,47.1,µg/m³
2026-09-23 01:00:00+00:00,6489590,Sibang Eco Village Car Park,17252598,43.1,µg/m³
2026-09-23 02:00:00+00:00,6489590,Sibang Eco Village Car Park,17252598,31.7,µg/m³
2026-09-23 03:00:00+00:00,6489590,Sibang Eco Village Car Park,17252598,28.8,µg/m³
2026-09-23 04:00:00+00:00,6489590,Sibang Eco Village Car Park,17252598,29.0,µg/m³
2026-09-23 05:00:00+00:00,6489590,Sibang Eco Village Car Park,17252598,23.6,µg/m³
2026-09-23 06:00:00+00:00,6489590,Sibang Eco Village Car Park,17252598,24.3,µg/m³
2026-09-23 07:00:00+00:00,6489590,Sibang Eco Village Car Park,17252598,29.4,µg/m³
2026-09-23 08:00:00+00:00,6489590,Sibang Eco Village Car Park,17252598,33.9,µg/m³
2026-09-23 09:00:00+00:00,6489590,Sibang Eco Village Car Park,17252598,38.5,µg/m³
2026-09-23 10:00:00+00:00,6489590,Sibang Eco Village Car Park,17252598,76.2,µg/m³
2026-09-23 11:00:00+00:00,6489590,Sibang Eco Village Car Park,17252598,69.6,µg/m³
2026-09-23 12:00:00+00:00,6489590,Sibang Eco Village Car Park,17252598,46.1,µg/m³
2026-09-23 13:00:00+00:00,6489590,Sibang Eco Village Car Park,17252598,76.9,µg/m³
2026-09-23 14:00:00+00:00,6489590,Sibang Eco Village Car Park,17252598,99.7,µg/m³
2026-09-23 15:00:00+00:00,6489590,Sibang Eco Village Car Park,17252598,72.4,µg/m³
2026-09-23 16:00:00+00:00,6489590,Sibang Eco Village Car Park,17252598,76.1,µg/m³
2026-09-23 17:00:00+00:00,6489590,Sibang Eco Village Car Park,17252598,57.7,µg/m³
2026-09-23 18:00:00+00:00,6489590,Sibang Eco Village Car Park,17252598,47.9,µg/m³
2026-09-23 19:00:00+00:00,6489590,Sibang Eco Village Car Park,17252598,43.4,µg/m³
2026-09-23 20:00:00+00:00,6489590,Sibang Eco Village Car Park,17252598,40.9,µg/m³
2026-09-23 21:00:00+00:00,6489590,Sibang Eco Village Car Park,17252598,43.8,µg/m³
2026-09-23 22:00:00+00:00,6489590,Sibang Eco Village Car Park,17252598,51.0,µg/m³
2026-09-23 23:00:00+00:00,6489590,Sibang Eco Village Car Park,17252598,65.4,µg/m³
2026-09-24 00:00:00+00:00,6489590,Sibang Eco Village Car Park,17252598,47.2,µg/m³
2026-09-24 01:00:00+00:00,6489590,Sibang Eco Village Car Park,17252598,38.2,µg/m³
2026-09-24 02:00:00+00:00,6489590,Sibang Eco Village Car Park,17252598,36.2,µg/m³
2026-09-24 03:00:00+00:00,6489590,Sibang Eco Village Car Park,17252598,32.4,µg/m³
2026-09-24 04:00:00+00:00,6489590,Sibang Eco Village Car Park,17252598,33.0,µg/m³
2026-09-24 05:00:00+00:00,6489590,Sibang Eco Village Car Park,17252598,29.8,µg/m³
2026-09-24 06:00:00+00:00,6489590,Sibang Eco Village Car Park,17252598,28.1,µg/m³
2026-09-24 07:00:00+00:00,6489590,Sibang Eco Village Car Park,17252598,33.2,µg/m³
2026-09-24 08:00:00+00:00,6489590,Sibang Eco Village Car Park,17252598,32.3,µg/m³
2026-09-24 09:00:00+00:00,6489590,Sibang Eco Village Car Park,17252598,38.7,µg/m³
2026-09-24 10:00:00+00:00,6489590,Sibang Eco Village Car Park,17252598,45.0,µg/m³
2026-09-24 11:00:00+00:00,6489590,Sibang Eco Village Car Park,17252598,53.3,µg/m³
2026-09-24 12:00:00+00:00,6489590,Sibang Eco Village Car Park,17252598,49.2,µg/m³
2026-09-24 13:00:00+00:00,6489590,Sibang Eco Village Car Park,17252598,39.7,µg/m³
2026-09-24 14:00:00+00:00,6489590,Sibang Eco Village Car Park,17252598,47.4,µg/m³
2026-09-24 15:00:00+00:00,6489590,Sibang Eco Village Car Park,17252598,26.4,µg/m³
2026-09-24 16:00:00+00:00,6489590,Sibang Eco Village Car Park,17252598,35.4,µg/m³
2026-09-24 17:00:00+00:00,6489590,Sibang Eco Village Car Park,17252598,44.4,µg/m³
2026-09-24 18:00:00+00:00,6489590,Sibang Eco Village Car Park,17252598,44.2,µg/m³
2026-09-24 19:00:00+00:00,6489590,Sibang Eco Village Car Park,17252598,42.7,µg/m³
2026-09-24 20:00:00+00:00,6489590,Sibang Eco Village Car Park,17252598,49.5,µg/m³
2026-09-24 21:00:00+00:00,6489590,Sibang Eco Village Car Park,17252598,52.2,µg/m³
2026-09-24 22:00:00+00:00,6489590,Sibang Eco Village Car Park,17252598,46.1,µg/m³
2026-09-24 23:00:00+00:00,6489590,Sibang Eco Village Car Park,17252598,58.5,µg/m³
2026-09-25 00:00:00+00:00,6489590,Sibang Eco Village Car Park,17252598,47.0,µg/m³
2026-09-25 01:00:00+00:00,6489590,Sibang Eco Village Car Park,17252598,44.5,µg/m³
2026-09-25 02:00:00+00:00,6489590,Sibang Eco Village Car Park,17252598,35.3,µg/m³
2026-09-25 03:00:00+00:00,6489590,Sibang Eco Village Car Park,17252598,35.1,µg/m³
2026-09-25 04:00:00+00:00,6489590,Sibang Eco Village Car Park,17252598,33.1,µg/m³
2026-09-25 05:00:00+00:00,6489590,Sibang Eco Village Car Park,17252598,28.7,µg/m³
2026-09-25 06:00:00+00:00,6489590,Sibang Eco Village Car Park,17252598,27.8,µg/m³
2026-09-25 07:00:00+00:00,6489590,Sibang Eco Village Car Park,17252598,30.3,µg/m³
2026-09-25 08:00:00+00:00,6489590,Sibang Eco Village Car Park,17252598,30.8,µg/m³
2026-09-25 09:00:00+00:00,6489590,Sibang Eco Village Car Park,17252598,32.3,µg/m³
2026-09-25 10:00:00+00:00,6489590,Sibang Eco Village Car Park,17252598,44.5,µg/m³
2026-09-25 11:00:00+00:00,6489590,Sibang Eco Village Car Park,17252598,58.1,µg/m³
2026-09-25 12:00:00+00:00,6489590,Sibang Eco Village Car Park,17252598,60.9,µg/m³
2026-09-25 13:00:00+00:00,6489590,Sibang Eco Village Car Park,17252598,71.6,µg/m³
2026-09-25 14:00:00+00:00,6489590,Sibang Eco Village Car Park,17252598,74.3,µg/m³
2026-09-25 15:00:00+00:00,6489590,Sibang Eco Village Car Park,17252598,63.2,µg/m³
2026-09-25 16:00:00+00:00,6489590,Sibang Eco Village Car Park,17252598,54.2,µg/m³
2026-09-25 17:00:00+00:00,6489590,Sibang Eco Village Car Park,17252598,44.2,µg/m³
2026-09-25 18:00:00+00:00,6489590,Sibang Eco Village Car Park,17252598,41.0,µg/m³
2026-09-25 19:00:00+00:00,6489590,Sibang Eco Village Car Park,17252598,39.8,µg/m³
2026-09-25 20:00:00+00:00,6489590,Sibang Eco Village Car Park,17252598,39.1,µg/m³
2026-09-25 21:00:00+00:00,6489590,Sibang Eco Village Car Park,17252598,39.3,µg/m³
2026-09-25 22:00:00+00:00,6489590,Sibang Eco Village Car Park,17252598,46.2,µg/m³
2026-09-25 23:00:00+00:00,6489590,Sibang Eco Village Car Park,17252598,68.0,µg/m³
2026-09-26 00:00:00+00:00,6489590,Sibang Eco Village Car Park,17252598,59.6,µg/m³
2026-09-26 01:00:00+00:00,6489590,Sibang Eco Village Car Park,17252598,43.4,µg/m³
2026-09-26 02:00:00+00:00,6489590,Sibang Eco Village Car Park,17252598,38.8,µg/m³
2026-09-26 03:00:00+00:00,6489590,Sibang Eco Village Car Park,17252598,30.5,µg/m³
2026-09-26 04:00:00+00:00,6489590,Sibang Eco Village Car Park,17252598,25.7,µg/m³
2026-09-26 05:00:00+00:00,6489590,Sibang Eco Village Car Park,17252598,24.2,µg/m³
2026-09-26 06:00:00+00:00,6489590,Sibang Eco Village Car Park,17252598,25.6,µg/m³
2026-09-26 07:00:00+00:00,6489590,Sibang Eco Village Car Park,17252598,25.2,µg/m³
2026-09-26 08:00:00+00:00,6489590,Sibang Eco Village Car Park,17252598,30.5,µg/m³
2026-09-26 09:00:00+00:00,6489590,Sibang Eco Village Car Park,17252598,40.7,µg/m³
2026-09-26 10:00:00+00:00,6489590,Sibang Eco Village Car Park,17252598,41.6,µg/m³
2026-09-26 11:00:00+00:00,6489590,Sibang Eco Village Car Park,17252598,39.8,µg/m³
2026-09-26 12:00:00+00:00,6489590,Sibang Eco Village Car Park,17252598,40.2,µg/m³
2026-09-26 13:00:00+00:00,6489590,Sibang Eco Village Car Park,17252598,47.8,µg/m³
2026-09-26 14:00:00+00:00,6489590,Sibang Eco Village Car Park,17252598,60.0,µg/m³
2026-09-26 15:00:00+00:00,6489590,Sibang Eco Village Car Park,17252598,61.7,µg/m³
2026-09-26 16:00:00+00:00,6489590,Sibang Eco Village Car Park,17252598,56.1,µg/m³
2026-09-26 17:00:00+00:00,6489590,Sibang Eco Village Car Park,17252598,48.8,µg/m³
2026-09-26 18:00:00+00:00,6489590,Sibang Eco Village Car Park,17252598,42.4,µg/m³
2026-09-26 19:00:00+00:00,6489590,Sibang Eco Village Car Park,17252598,37.4,µg/m³
2026-09-26 20:00:00+00:00,6489590,Sibang Eco Village Car Park,17252598,44.9,µg/m³
2026-09-26 21:00:00+00:00,6489590,Sibang Eco Village Car Park,17252598,48.7,µg/m³
2026-09-26 22:00:00+00:00,6489590,Sibang Eco Village Car Park,17252598,62.7,µg/m³
2026-09-26 23:00:00+00:00,6489590,Sibang Eco Village Car Park,17252598,91.7,µg/m³
2026-09-27 00:00:00+00:00,6489590,Sibang Eco Village Car Park,17252598,60.0,µg/m³
2026-09-27 01:00:00+00:00,6489590,Sibang Eco Village Car Park,17252598,48.4,µg/m³
2026-09-27 02:00:00+00:00,6489590,Sibang Eco Village Car Park,17252598,38.7,µg/m³
2026-09-27 03:00:00+00:00,6489590,Sibang Eco Village Car Park,17252598,36.0,µg/m³
2026-09-27 04:00:00+00:00,6489590,Sibang Eco Village Car Park,17252598,30.4,µg/m³
2026-09-27 05:00:00+00:00,6489590,Sibang Eco Village Car Park,17252598,25.9,µg/m³
2026-09-27 06:00:00+00:00,6489590,Sibang Eco Village Car Park,17252598,27.7,µg/m³
2026-09-27 07:00:00+00:00,6489590,Sibang Eco Village Car Park,17252598,27.7,µg/m³
2026-09-27 08:00:00+00:00,6489590,Sibang Eco Village Car Park,17252598,32.7,µg/m³
2026-09-27 09:00:00+00:00,6489590,Sibang Eco Village Car Park,17252598,34.7,µg/m³
2026-09-27 10:00:00+00:00,6489590,Sibang Eco Village Car Park,17252598,56.3,µg/m³
2026-09-27 11:00:00+00:00,6489590,Sibang Eco Village Car Park,17252598,47.3,µg/m³
2026-09-27 12:00:00+00:00,6489590,Sibang Eco Village Car Park,17252598,53.6,µg/m³
2026-09-27 13:00:00+00:00,6489590,Sibang Eco Village Car Park,17252598,77.9,µg/m³
2026-09-27 14:00:00+00:00,6489590,Sibang Eco Village Car Park,17252598,80.6,µg/m³
2026-09-27 15:00:00+00:00,6489590,Sibang Eco Village Car Park,17252598,73.6,µg/m³
2026-09-27 16:00:00+00:00,6489590,Sibang Eco Village Car Park,17252598,75.1,µg/m³
2026-09-27 17:00:00+00:00,6489590,Sibang Eco Village Car Park,17252598,51.5,µg/m³
2026-09-27 18:00:00+00:00,6489590,Sibang Eco Village Car Park,17252598,38.6,µg/m³
2026-09-27 19:00:00+00:00,6489590,Sibang Eco Village Car Park,17252598,32.3,µg/m³
2026-09-27 20:00:00+00:00,6489590,Sibang Eco Village Car Park,17252598,30.6,µg/m³
2026-09-27 21:00:00+00:00,6489590,Sibang Eco Village Car Park,17252598,30.7,µg/m³
2026-09-27 22:00:00+00:00,6489590,Sibang Eco Village Car Park,17252598,45.3,µg/m³
2026-09-27 23:00:00+00:00,6489590,Sibang Eco Village Car Park,17252598,59.3,µg/m³
